method,frame,time_s,s1_cm,s2_cm,distance_cm,n_peaks,row_std_px
reflected_direction_filtered,60,2.0,5.45,33.550000000000004,28.100000000000005,2,0.15344754307430516
reflected_direction_filtered,61,2.033333333333333,5.25,31.700000000000003,26.450000000000003,2,0.15269582886433128
reflected_direction_filtered,62,2.066666666666667,5.050000000000001,29.75,24.7,2,0.1506941821176032
reflected_direction_filtered,86,2.8666666666666667,6.25,28.05,21.8,2,0.11585120436238461
reflected_direction_filtered,87,2.9,5.9,27.75,21.85,2,0.11948281680909476
reflected_direction_filtered,88,2.933333333333333,5.550000000000001,27.450000000000003,21.900000000000002,2,0.12194881635682367
reflected_direction_filtered,89,2.966666666666667,5.2,27.150000000000002,21.950000000000003,2,0.12351468304544282
reflected_direction_filtered,90,3.0,4.8500000000000005,26.85,22.0,2,0.1244382277026355
reflected_direction_filtered,300,10.0,12.5,42.95,30.450000000000003,2,0.41944350932551344
reflected_direction_filtered,301,10.033333333333333,12.350000000000001,42.800000000000004,30.450000000000003,2,0.4252771288334611
reflected_direction_filtered,302,10.066666666666666,12.200000000000001,42.650000000000006,30.450000000000003,2,0.4306395444408453
reflected_direction_filtered,303,10.1,12.100000000000001,42.550000000000004,30.450000000000003,2,0.4355906457714282
reflected_direction_filtered,304,10.133333333333333,11.950000000000001,42.400000000000006,30.450000000000003,2,0.4402034607257759
reflected_direction_filtered,305,10.166666666666666,11.8,42.25,30.45,2,0.4445595222175359
reflected_direction_filtered,306,10.2,11.65,42.1,30.450000000000003,2,0.4487447426407114
reflected_direction_filtered,307,10.233333333333333,11.5,42.0,30.5,2,0.4528461085442919
reflected_direction_filtered,308,10.266666666666667,11.350000000000001,41.85,30.5,2,0.4569493269924721
reflected_direction_filtered,309,10.3,11.200000000000001,41.7,30.5,2,0.46113736271545347
reflected_direction_filtered,310,10.333333333333334,11.05,41.550000000000004,30.500000000000004,2,0.46548963693112777
reflected_direction_filtered,311,10.366666666666667,10.9,41.45,30.550000000000004,2,0.47008154571883426
reflected_direction_filtered,312,10.4,10.75,41.300000000000004,30.550000000000004,2,0.4749839171175471
reflected_direction_filtered,313,10.433333333333334,10.65,41.2,30.550000000000004,2,0.48026206449790615
reflected_direction_filtered,314,10.466666666666667,10.5,41.050000000000004,30.550000000000004,2,0.48597419600807135
reflected_direction_filtered,315,10.5,10.350000000000001,40.95,30.6,2,0.49216908118461117
reflected_direction_filtered,316,10.533333333333333,10.25,40.800000000000004,30.550000000000004,2,0.4988830265852623
reflected_direction_filtered,317,10.566666666666666,10.100000000000001,40.7,30.6,2,0.506136345499983
reflected_direction_filtered,318,10.6,10.0,40.550000000000004,30.550000000000004,2,0.5139296036020308
reflected_direction_filtered,319,10.633333333333333,9.850000000000001,40.45,30.6,2,0.5222399749858023
reflected_direction_filtered,320,10.666666666666666,9.75,40.300000000000004,30.550000000000004,2,0.5310180540092756
reflected_direction_filtered,321,10.7,9.600000000000001,40.2,30.6,2,0.5401854473286886
reflected_direction_filtered,322,10.733333333333333,9.5,40.1,30.6,2,0.5496334291965218
reflected_direction_filtered,323,10.766666666666667,9.35,39.95,30.6,2,0.5592228907710325
reflected_direction_filtered,324,10.8,9.25,39.85,30.6,2,0.5687857551512422
reflected_direction_filtered,325,10.833333333333334,9.1,39.7,30.6,2,0.5781279635695039
reflected_direction_filtered,326,10.866666666666667,8.950000000000001,39.6,30.65,2,0.5870340616764883
reflected_direction_filtered,327,10.9,8.85,39.5,30.65,2,0.5952733260417609
reflected_direction_filtered,328,10.933333333333334,8.700000000000001,39.35,30.65,2,0.6026072713217628
reflected_direction_filtered,329,10.966666666666667,8.55,39.25,30.7,2,0.6087982740824174
reflected_direction_filtered,330,11.0,8.4,39.1,30.700000000000003,2,0.6136189499431242
reflected_direction_filtered,331,11.033333333333333,8.3,39.0,30.7,2,0.6168618383383623
reflected_direction_filtered,332,11.066666666666666,8.15,38.85,30.700000000000003,2,0.6183488950304655
reflected_direction_filtered,333,11.1,8.0,38.75,30.75,2,0.6179402751775173
reflected_direction_filtered,334,11.133333333333333,7.8500000000000005,38.6,30.75,2,0.6155419139099333
reflected_direction_filtered,335,11.166666666666666,7.7,38.5,30.8,2,0.6111114771056915
reflected_direction_filtered,336,11.2,7.6000000000000005,38.35,30.75,2,0.6046623579796819
reflected_direction_filtered,337,11.233333333333333,7.45,38.25,30.8,2,0.5962655266669299
reflected_direction_filtered,338,11.266666666666667,7.300000000000001,38.15,30.849999999999998,2,0.5860491879237317
reflected_direction_filtered,339,11.3,7.2,38.0,30.8,2,0.574196350862563
reflected_direction_filtered,340,11.333333333333334,7.050000000000001,37.9,30.849999999999998,2,0.5609405459613606
reflected_direction_filtered,341,11.366666666666667,6.95,37.75,30.8,2,0.5465600181623974
reflected_direction_filtered,342,11.4,6.8500000000000005,37.65,30.799999999999997,2,0.5313707600847767
reflected_direction_filtered,343,11.433333333333334,6.75,37.5,30.75,2,0.515718708479308
reflected_direction_filtered,344,11.466666666666667,6.65,37.4,30.75,2,0.4999713009078396
reflected_direction_filtered,345,11.5,6.550000000000001,37.300000000000004,30.750000000000004,2,0.4845083866367438
reflected_direction_filtered,346,11.533333333333333,6.5,37.15,30.65,2,0.46971224365471403
reflected_direction_filtered,347,11.566666666666666,6.45,37.050000000000004,30.600000000000005,2,0.4559562508138992
reflected_direction_filtered,348,11.6,6.4,36.95,30.550000000000004,2,0.4435917204385497
reflected_direction_filtered,349,11.633333333333333,6.4,36.85,30.450000000000003,2,0.43293265014723403
reflected_direction_filtered,350,11.666666666666666,6.3500000000000005,36.75,30.4,2,0.4242387936448945
reflected_direction_filtered,351,11.7,6.3500000000000005,36.65,30.299999999999997,2,0.4176984217119281
reflected_direction_filtered,352,11.733333333333333,6.3500000000000005,36.6,30.25,2,0.41341315918679244
reflected_direction_filtered,353,11.766666666666667,6.3500000000000005,36.5,30.15,2,0.4113878588850926
reflected_direction_filtered,354,11.8,6.3500000000000005,36.5,30.15,2,0.4115281530684562
reflected_direction_filtered,355,11.833333333333334,6.3500000000000005,36.45,30.1,2,0.41364700102760804
reflected_direction_filtered,356,11.866666666666667,6.300000000000001,36.45,30.150000000000002,2,0.41747964345966626
reflected_direction_filtered,357,11.9,6.25,36.45,30.200000000000003,2,0.42270463318166884
reflected_direction_filtered,358,11.933333333333334,6.2,36.45,30.250000000000004,2,0.428967681724474
reflected_direction_filtered,359,11.966666666666667,6.15,36.5,30.35,2,0.4359051283341716
reflected_direction_filtered,360,12.0,6.050000000000001,36.5,30.45,2,0.44316462718154465
reflected_direction_filtered,361,12.033333333333333,6.0,36.5,30.5,2,0.45042169468170556
reflected_direction_filtered,362,12.066666666666666,5.9,36.550000000000004,30.650000000000006,2,0.4573916850791181
reflected_direction_filtered,363,12.1,5.75,36.5,30.75,2,0.46383739857834916
reflected_direction_filtered,364,12.133333333333333,5.65,36.5,30.85,2,0.4695728735859931
reflected_direction_filtered,365,12.166666666666666,5.550000000000001,36.45,30.900000000000002,2,0.4744640545538348
reflected_direction_filtered,366,12.2,5.4,36.4,31.0,2,0.4784270477112316
reflected_direction_filtered,367,12.233333333333333,5.300000000000001,36.35,31.05,2,0.48142464006037516
reflected_direction_filtered,368,12.266666666666667,5.15,36.25,31.1,2,0.48346169322661603
reflected_direction_filtered,369,12.3,5.050000000000001,36.2,31.150000000000002,2,0.4845799429264038
reflected_direction_filtered,370,12.333333333333334,4.9,36.1,31.200000000000003,2,0.4848526373206954
reflected_direction_filtered,371,12.366666666666667,4.75,35.95,31.200000000000003,2,0.48437933305701286
reflected_direction_filtered,372,12.4,4.65,35.85,31.200000000000003,2,0.4832810402241645
reflected_direction_filtered,373,12.433333333333334,4.55,35.75,31.2,2,0.48169577621912485
reflected_direction_filtered,374,12.466666666666667,4.4,35.6,31.200000000000003,2,0.47977446771017823
reflected_direction_filtered,375,12.5,4.3,35.5,31.2,2,0.47767704553543
reflected_direction_filtered,376,12.533333333333333,4.2,35.35,31.150000000000002,2,0.47556852429136964
reflected_direction_filtered,377,12.566666666666666,4.1000000000000005,35.2,31.1,2,0.4736148567990289
reflected_direction_filtered,378,12.6,4.0,35.050000000000004,31.050000000000004,2,0.47197840659217255
reflected_direction_filtered,379,12.633333333333333,3.9000000000000004,34.95,31.050000000000004,2,0.4708129830125137
reflected_direction_filtered,380,12.666666666666666,3.8000000000000003,34.800000000000004,31.000000000000004,2,0.47025851780483485
reflected_direction_filtered,381,12.7,3.75,34.7,30.950000000000003,2,0.4704356052960964
reflected_direction_filtered,382,12.733333333333333,3.6500000000000004,34.550000000000004,30.900000000000006,2,0.47144025143458773
reflected_direction_filtered,383,12.766666666666667,3.5500000000000003,34.45,30.900000000000002,2,0.47333925224915274
reflected_direction_filtered,384,12.8,3.5,34.35,30.85,2,0.4761666300927766
reflected_direction_filtered,385,12.833333333333334,3.4000000000000004,26.35,22.950000000000003,2,0.4799214916704574
reflected_direction_filtered,386,12.866666666666667,3.3000000000000003,26.25,22.95,2,0.48456754818313674
reflected_direction_filtered,387,12.9,3.25,26.1,22.85,2,0.4900343820531233
reflected_direction_filtered,388,12.933333333333334,3.1500000000000004,25.950000000000003,22.800000000000004,2,0.49622038925751955
reflected_direction_filtered,389,12.966666666666667,3.0500000000000003,25.8,22.75,2,0.5029971988404823
reflected_direction_filtered,390,13.0,2.95,25.650000000000002,22.700000000000003,2,0.5102152864327985
reflected_direction_filtered,391,13.033333333333333,2.85,25.5,22.65,2,0.5177104566766956
reflected_direction_filtered,392,13.066666666666666,2.75,25.35,22.6,2,0.5253108597973645
reflected_direction_filtered,393,13.1,2.6500000000000004,25.200000000000003,22.550000000000004,2,0.5328442159148905
reflected_direction_filtered,394,13.133333333333333,2.5,25.0,22.5,2,0.5401449353129055
reflected_direction_filtered,395,13.166666666666666,2.4000000000000004,24.85,22.450000000000003,2,0.547060837868795
reflected_direction_filtered,396,13.2,2.25,24.700000000000003,22.450000000000003,2,0.5534591901645323
reflected_direction_filtered,397,13.233333333333333,2.15,24.55,22.400000000000002,2,0.5592317981182031
reflected_direction_filtered,398,13.266666666666667,2.0,24.400000000000002,22.400000000000002,2,0.5642989209195484
reflected_direction_filtered,429,14.3,11.65,43.050000000000004,31.400000000000006,2,0.5110987132773915
reflected_direction_filtered,430,14.333333333333334,11.450000000000001,42.900000000000006,31.450000000000003,2,0.5008920156968433
reflected_direction_filtered,431,14.366666666666667,11.3,42.800000000000004,31.500000000000004,2,0.49025731346926266
reflected_direction_filtered,432,14.4,11.100000000000001,42.650000000000006,31.550000000000004,2,0.4792543482313583
reflected_direction_filtered,433,14.433333333333334,10.9,42.5,31.6,2,0.4679285513309618
reflected_direction_filtered,434,14.466666666666667,10.75,42.35,31.6,2,0.45631384177333145
reflected_direction_filtered,435,14.5,10.55,42.25,31.7,2,0.44443839577112937
reflected_direction_filtered,436,14.533333333333333,10.4,42.1,31.700000000000003,2,0.43233260690425807
reflected_direction_filtered,437,14.566666666666666,10.200000000000001,42.0,31.799999999999997,2,0.4200381265957352
reflected_direction_filtered,438,14.6,10.05,41.85,31.8,2,0.40761671818024925
reflected_direction_filtered,439,14.633333333333333,9.850000000000001,41.75,31.9,2,0.3951576830825264
reflected_direction_filtered,440,14.666666666666666,9.700000000000001,41.650000000000006,31.950000000000003,2,0.3827827947677922
reflected_direction_filtered,441,14.7,9.55,41.5,31.95,2,0.3706479528973684
reflected_direction_filtered,442,14.733333333333333,9.4,41.400000000000006,32.00000000000001,2,0.35894109267949237
reflected_direction_filtered,443,14.766666666666667,9.3,41.300000000000004,32.0,2,0.3478762154769856
reflected_direction_filtered,444,14.8,9.15,41.2,32.050000000000004,2,0.337683735215727
reflected_direction_filtered,445,14.833333333333334,9.05,41.050000000000004,32.0,2,0.3285976732268171
reflected_direction_filtered,446,14.866666666666667,9.0,40.95,31.950000000000003,2,0.3208405992397673
reflected_direction_filtered,447,14.9,8.9,40.85,31.950000000000003,2,0.31460759882186595
reflected_direction_filtered,448,14.933333333333334,8.85,40.7,31.85,2,0.3100508778836117
reflected_direction_filtered,449,14.966666666666667,8.85,40.6,31.75,2,0.3072667571423386
reflected_direction_filtered,450,15.0,8.8,40.5,31.7,2,0.30628661455326295
reflected_direction_filtered,451,15.033333333333333,8.8,40.35,31.55,2,0.3070727456793474
reflected_direction_filtered,452,15.066666666666666,8.8,40.25,31.45,2,0.30951925832152233
reflected_direction_filtered,453,15.1,8.85,40.1,31.25,2,0.31345728836760095
reflected_direction_filtered,454,15.133333333333333,8.85,39.95,31.1,2,0.31866331807958104
reflected_direction_filtered,455,15.166666666666666,8.8,39.800000000000004,31.000000000000004,2,0.3248693265955328
reflected_direction_filtered,456,15.2,8.8,39.650000000000006,30.850000000000005,2,0.3317738067827565
reflected_direction_filtered,457,15.233333333333333,8.75,39.550000000000004,30.800000000000004,2,0.33905310872148814
reflected_direction_filtered,458,15.266666666666667,8.700000000000001,39.400000000000006,30.700000000000003,2,0.34637290210891436
reflected_direction_filtered,459,15.3,8.6,39.25,30.65,2,0.3533996874142314
reflected_direction_filtered,460,15.333333333333334,8.5,39.1,30.6,2,0.359812246480992
reflected_direction_filtered,461,15.366666666666667,8.4,38.900000000000006,30.500000000000007,2,0.36531278855960586
reflected_direction_filtered,462,15.4,8.25,38.75,30.5,2,0.3696374038830226
reflected_direction_filtered,463,15.433333333333334,8.1,38.6,30.5,2,0.3725653432664206
reflected_direction_filtered,464,15.466666666666667,7.95,38.5,30.55,2,0.37392662496786094
reflected_direction_filtered,465,15.5,7.800000000000001,38.35,30.55,2,0.3736075301412468
reflected_direction_filtered,466,15.533333333333333,7.65,38.2,30.550000000000004,2,0.37155367259432265
reflected_direction_filtered,467,15.566666666666666,7.45,38.050000000000004,30.600000000000005,2,0.36777049875230683
reflected_direction_filtered,468,15.6,7.300000000000001,37.95,30.650000000000002,2,0.362321270373854
reflected_direction_filtered,469,15.633333333333333,7.15,37.85,30.700000000000003,2,0.35532278676076634
reflected_direction_filtered,470,15.666666666666666,6.95,37.7,30.750000000000004,2,0.3469392957920362
reflected_direction_filtered,471,15.7,6.800000000000001,37.6,30.8,2,0.3373752031236289
reflected_direction_filtered,472,15.733333333333333,6.65,37.550000000000004,30.900000000000006,2,0.32686729193933856
reflected_direction_filtered,473,15.766666666666667,6.5,37.45,30.950000000000003,2,0.31567718311527343
reflected_direction_filtered,474,15.8,6.3500000000000005,37.4,31.049999999999997,2,0.3040846657954158
reflected_direction_filtered,475,15.833333333333334,6.2,37.35,31.150000000000002,2,0.2923822805983697
reflected_direction_filtered,476,15.866666666666667,6.1000000000000005,37.300000000000004,31.200000000000003,2,0.28087112275026943
reflected_direction_filtered,477,15.9,5.95,37.25,31.3,2,0.2698572619939697
reflected_direction_filtered,478,15.933333333333334,5.8500000000000005,37.15,31.299999999999997,2,0.25964752556035264
reflected_direction_filtered,479,15.966666666666667,5.75,37.1,31.35,2,0.25054284361873264
reflected_direction_filtered,480,16.0,5.7,37.050000000000004,31.350000000000005,2,0.24282723850240462
reflected_direction_filtered,481,16.033333333333335,5.65,37.0,31.35,2,0.23675126876721672
reflected_direction_filtered,482,16.066666666666666,5.6000000000000005,36.95,31.35,2,0.23251060018805203
reflected_direction_filtered,483,16.1,5.550000000000001,36.85,31.3,2,0.23022308823600268
reflected_direction_filtered,484,16.133333333333333,5.5,36.75,31.25,2,0.2299101502608859
reflected_direction_filtered,485,16.166666666666668,5.5,36.65,31.15,2,0.2314885946611919
reflected_direction_filtered,486,16.2,5.45,36.550000000000004,31.100000000000005,2,0.23477653409236424
reflected_direction_filtered,487,16.233333333333334,5.4,36.4,31.0,2,0.2395125314895908
reflected_direction_filtered,488,16.266666666666666,5.3500000000000005,36.300000000000004,30.950000000000003,2,0.24538315410320322
reflected_direction_filtered,489,16.3,5.300000000000001,36.15,30.849999999999998,2,0.2520526081384544
reflected_direction_filtered,490,16.333333333333332,5.25,35.95,30.700000000000003,2,0.25918920064416967
reflected_direction_filtered,491,16.366666666666667,5.15,35.800000000000004,30.650000000000006,2,0.26648570033434943
reflected_direction_filtered,492,16.4,5.050000000000001,35.65,30.599999999999998,2,0.27367283925392594
reflected_direction_filtered,493,16.433333333333334,4.95,35.45,30.500000000000004,2,0.28052655006483546
reflected_direction_filtered,494,16.466666666666665,4.8500000000000005,35.25,30.4,2,0.2868700998403574
reflected_direction_filtered,495,16.5,4.7,35.1,30.400000000000002,2,0.2925723744889373
reflected_direction_filtered,496,16.533333333333335,4.55,34.9,30.349999999999998,2,0.2975434775295264
reflected_direction_filtered,497,16.566666666666666,4.4,34.7,30.300000000000004,2,0.30172869385890716
reflected_direction_filtered,498,16.6,4.25,34.5,30.25,2,0.3051017825976816
reflected_direction_filtered,499,16.633333333333333,4.1000000000000005,34.300000000000004,30.200000000000003,2,0.3076584894820609
reflected_direction_filtered,500,16.666666666666668,3.95,34.1,30.150000000000002,2,0.3094110734788026
reflected_direction_filtered,501,16.7,3.8000000000000003,33.9,30.099999999999998,2,0.31038449353728353
reflected_direction_filtered,502,16.733333333333334,3.6500000000000004,33.7,30.050000000000004,2,0.310614686245539
reflected_direction_filtered,503,16.766666666666666,3.45,33.5,30.05,2,0.31014909118360834
reflected_direction_filtered,504,16.8,3.3000000000000003,33.35,30.05,2,0.30904927258738724
reflected_direction_filtered,505,16.833333333333332,3.1500000000000004,33.2,30.050000000000004,2,0.30739517616159945
reflected_direction_filtered,506,16.866666666666667,3.0500000000000003,33.1,30.05,2,0.305290278623926
reflected_direction_filtered,507,16.9,2.9000000000000004,33.050000000000004,30.150000000000006,2,0.3028666553643602
reflected_direction_filtered,508,16.933333333333334,2.75,33.0,30.25,2,0.3002888202186835
reflected_direction_filtered,509,16.966666666666665,2.6,33.1,30.5,2,0.2977550945233371
reflected_direction_filtered,510,17.0,2.5,33.2,30.700000000000003,2,0.2954952745774008
reflected_direction_filtered,524,17.466666666666665,18.8,33.15,14.349999999999998,2,0.38497233102932527
reflected_direction_filtered,525,17.5,17.75,32.95,15.200000000000003,2,0.39790722263086364
reflected_direction_filtered,526,17.533333333333335,16.95,32.800000000000004,15.850000000000005,2,0.41045713947687
reflected_direction_filtered,527,17.566666666666666,16.45,32.6,16.150000000000002,2,0.4223457694587292
reflected_direction_filtered,528,17.6,16.0,32.4,16.4,2,0.4333134221829705
reflected_direction_filtered,529,17.633333333333333,15.65,32.25,16.6,2,0.4431207204466303
reflected_direction_filtered,530,17.666666666666668,15.3,32.050000000000004,16.750000000000004,2,0.4515523621487691
reflected_direction_filtered,531,17.7,15.0,31.85,16.85,2,0.4584211500257813
reflected_direction_filtered,532,17.733333333333334,14.700000000000001,31.650000000000002,16.950000000000003,2,0.46357230867341637
reflected_direction_filtered,533,17.766666666666666,14.4,31.450000000000003,17.050000000000004,2,0.4668879685885819
reflected_direction_filtered,534,17.8,14.100000000000001,31.25,17.15,2,0.4682915984342621
reflected_direction_filtered,535,17.833333333333332,13.850000000000001,31.05,17.2,2,0.4677521064212659
reflected_direction_filtered,536,17.866666666666667,13.600000000000001,30.85,17.25,2,0.4652873030582319
reflected_direction_filtered,537,17.9,13.350000000000001,30.700000000000003,17.35,2,0.4609664118560489
reflected_direction_filtered,538,17.933333333333334,13.100000000000001,30.55,17.45,2,0.45491132210686
reflected_direction_filtered,539,17.966666666666665,12.9,30.400000000000002,17.5,2,0.4472962888431225
reflected_direction_filtered,540,18.0,12.65,30.25,17.6,2,0.4383457914392529
reflected_direction_filtered,541,18.033333333333335,12.450000000000001,30.1,17.65,2,0.42833026033446236
reflected_direction_filtered,542,18.066666666666666,12.25,30.0,17.75,3,0.4175593759558939
reflected_direction_filtered,543,18.1,12.05,29.950000000000003,17.900000000000002,3,0.4063726545135693
reflected_direction_filtered,544,18.133333333333333,11.9,29.85,17.950000000000003,3,0.3951271016140115
reflected_direction_filtered,545,18.166666666666668,11.700000000000001,29.85,18.15,3,0.3841818974520354
reflected_direction_filtered,546,18.2,11.55,29.8,18.25,3,0.37388044551123767
reflected_direction_filtered,547,18.233333333333334,11.4,29.8,18.4,3,0.36453070927932296
reflected_direction_filtered,548,18.266666666666666,11.25,29.8,18.55,3,0.3563855250887511
reflected_direction_filtered,549,18.3,11.100000000000001,29.8,18.7,3,0.3496253089102373
reflected_direction_filtered,550,18.333333333333332,11.0,41.650000000000006,30.650000000000006,2,0.344345923106254
reflected_direction_filtered,551,18.366666666666667,10.850000000000001,41.5,30.65,2,0.3405540842618531
reflected_direction_filtered,552,18.4,10.75,41.35,30.6,2,0.33817146160420214
reflected_direction_filtered,553,18.433333333333334,10.600000000000001,41.2,30.6,2,0.3370468403533223
reflected_direction_filtered,554,18.466666666666665,10.5,41.1,30.6,2,0.33697404584716106
reflected_direction_filtered,555,18.5,10.4,41.0,30.6,2,0.3377123751554854
reflected_direction_filtered,556,18.533333333333335,10.3,40.900000000000006,30.600000000000005,2,0.33900632878937487
reflected_direction_filtered,557,18.566666666666666,10.15,29.35,19.200000000000003,2,0.3406022777824046
reflected_direction_filtered,558,18.6,10.05,29.200000000000003,19.150000000000002,2,0.34226087720568243
reflected_direction_filtered,559,18.633333333333333,9.9,29.05,19.15,2,0.34376510653835685
reflected_direction_filtered,560,18.666666666666668,9.75,28.900000000000002,19.150000000000002,2,0.34492453835574655
reflected_direction_filtered,561,18.7,9.600000000000001,28.75,19.15,2,0.3455767734044801
reflected_direction_filtered,562,18.733333333333334,9.450000000000001,28.55,19.1,2,0.34558701857299073
reflected_direction_filtered,563,18.766666666666666,9.3,28.400000000000002,19.1,2,0.34484664523239655
reflected_direction_filtered,564,18.8,9.15,28.200000000000003,19.050000000000004,2,0.34327135216292254
reflected_direction_filtered,565,18.833333333333332,9.0,28.0,19.0,3,0.34079933909720045
reflected_direction_filtered,566,18.866666666666667,8.8,27.8,19.0,3,0.33738971226333114
reflected_direction_filtered,567,18.9,8.65,27.6,18.950000000000003,3,0.33302120891846143
reflected_direction_filtered,568,18.933333333333334,8.450000000000001,27.400000000000002,18.950000000000003,3,0.3276912469845486
reflected_direction_filtered,569,18.966666666666665,8.25,27.200000000000003,18.950000000000003,3,0.321415273914247
reflected_direction_filtered,570,19.0,8.1,26.950000000000003,18.85,3,0.3142263966229721
reflected_direction_filtered,571,19.033333333333335,7.9,26.75,18.85,3,0.3061753097844289
reflected_direction_filtered,572,19.066666666666666,7.7,26.6,18.900000000000002,3,0.29733058935717316
reflected_direction_filtered,573,19.1,7.5,26.400000000000002,18.900000000000002,3,0.28777946696781087
reflected_direction_filtered,574,19.133333333333333,7.300000000000001,26.200000000000003,18.900000000000002,3,0.27762923221637176
reflected_direction_filtered,575,19.166666666666668,7.1000000000000005,26.0,18.9,3,0.2670094045536376
reflected_direction_filtered,576,19.2,6.9,25.85,18.950000000000003,3,0.25607474843875
reflected_direction_filtered,577,19.233333333333334,6.7,25.700000000000003,19.000000000000004,3,0.24500903835446233
reflected_direction_filtered,578,19.266666666666666,6.5,25.55,19.05,3,0.23402916149473427
reflected_direction_filtered,579,19.3,6.300000000000001,25.450000000000003,19.150000000000002,2,0.22338861006943156
reflected_direction_filtered,580,19.333333333333332,6.050000000000001,25.35,19.3,2,0.2133786135124302
reflected_direction_filtered,581,19.366666666666667,5.800000000000001,25.25,19.45,2,0.20432415490329114
reflected_direction_filtered,582,19.4,5.550000000000001,25.200000000000003,19.650000000000002,2,0.19657126816504078
reflected_direction_filtered,583,19.433333333333334,5.300000000000001,25.150000000000002,19.85,2,0.1904622121915866
reflected_direction_filtered,584,19.466666666666665,5.0,25.150000000000002,20.150000000000002,2,0.1862976938137046
reflected_direction_filtered,585,19.5,4.7,25.150000000000002,20.450000000000003,2,0.18429100158384942
reflected_direction_filtered,586,19.533333333333335,4.3500000000000005,25.150000000000002,20.8,2,0.18452588598329672
reflected_direction_filtered,603,20.1,21.05,42.050000000000004,21.000000000000004,2,0.2727004264770336
reflected_direction_filtered,604,20.133333333333333,20.75,41.75,21.0,2,0.2733891998114592
reflected_direction_filtered,605,20.166666666666668,20.450000000000003,41.5,21.049999999999997,2,0.2740862285993518
reflected_direction_filtered,606,20.2,20.200000000000003,41.25,21.049999999999997,2,0.2750157721074999
reflected_direction_filtered,607,20.233333333333334,19.950000000000003,41.050000000000004,21.1,2,0.27637438196407194
reflected_direction_filtered,608,20.266666666666666,19.700000000000003,40.800000000000004,21.1,2,0.27831395021994837
reflected_direction_filtered,609,20.3,19.450000000000003,40.6,21.15,2,0.280928539814448
reflected_direction_filtered,610,20.333333333333332,19.25,40.400000000000006,21.150000000000006,2,0.2842470016418392
reflected_direction_filtered,611,20.366666666666667,19.05,40.2,21.150000000000002,2,0.2882324697161219
reflected_direction_filtered,612,20.4,18.85,40.0,21.15,2,0.2927885527985813
reflected_direction_filtered,613,20.433333333333334,18.650000000000002,39.800000000000004,21.150000000000002,2,0.29777083912166885
reflected_direction_filtered,614,20.466666666666665,18.5,39.6,21.1,2,0.3030015911608405
reflected_direction_filtered,615,20.5,18.35,39.400000000000006,21.050000000000004,2,0.30828538569756875
reflected_direction_filtered,616,20.533333333333335,7.45,39.2,31.750000000000004,2,0.31342384105504745
reflected_direction_filtered,617,20.566666666666666,7.25,39.050000000000004,31.800000000000004,2,0.3182282122660017
reflected_direction_filtered,618,20.6,7.050000000000001,38.85,31.8,2,0.32252927741770715
reflected_direction_filtered,619,20.633333333333333,6.8500000000000005,38.7,31.85,2,0.3261844342018591
reflected_direction_filtered,620,20.666666666666668,6.65,38.550000000000004,31.900000000000006,2,0.32908223149334376
reflected_direction_filtered,621,20.7,6.45,38.35,31.900000000000002,2,0.33114470265316825
reflected_direction_filtered,622,20.733333333333334,6.25,38.2,31.950000000000003,2,0.3323278973710139
reflected_direction_filtered,623,20.766666666666666,6.1000000000000005,38.050000000000004,31.950000000000003,2,0.3326209772751648
reflected_direction_filtered,624,20.8,5.9,37.9,32.0,2,0.3320441837153095
reflected_direction_filtered,625,20.833333333333332,5.7,37.75,32.05,2,0.33064592620795
reflected_direction_filtered,626,20.866666666666667,5.5,37.6,32.1,2,0.32849918843759496
reflected_direction_filtered,627,20.9,5.300000000000001,37.45,32.150000000000006,2,0.32569741026015053
reflected_direction_filtered,628,20.933333333333334,5.1000000000000005,37.300000000000004,32.2,2,0.3223499802234846
reflected_direction_filtered,629,20.966666666666665,4.95,37.15,32.199999999999996,2,0.3185774633947967
reflected_direction_filtered,630,21.0,4.75,37.0,32.25,2,0.3145066924560856
reflected_direction_filtered,631,21.033333333333335,4.55,36.9,32.35,2,0.3102658636935469
reflected_direction_filtered,632,21.066666666666666,4.4,36.75,32.35,2,0.30597979967765887
reflected_direction_filtered,633,21.1,4.2,36.6,32.4,2,0.3017655610856742
reflected_direction_filtered,634,21.133333333333333,4.05,36.5,32.45,2,0.29772860326099265
reflected_direction_filtered,635,21.166666666666668,3.85,36.35,32.5,2,0.29395966978059307
reflected_direction_filtered,636,21.2,3.7,36.2,32.5,2,0.2905325877404479
reflected_direction_filtered,637,21.233333333333334,3.5,36.1,32.6,2,0.28750307396851504
reflected_direction_filtered,638,21.266666666666666,3.35,35.95,32.6,2,0.2849085809230656
reflected_direction_filtered,639,21.3,14.8,35.85,21.05,2,0.2827691162786564
reflected_direction_filtered,640,21.333333333333332,14.700000000000001,35.7,21.0,2,0.28108887775052727
reflected_direction_filtered,641,21.366666666666667,14.55,35.6,21.05,2,0.27985847283800447
reflected_direction_filtered,642,21.4,14.4,35.45,21.050000000000004,2,0.2790574563845514
reflected_direction_filtered,643,21.433333333333334,14.3,35.35,21.05,2,0.2786569234860131
reflected_direction_filtered,644,21.466666666666665,14.15,35.2,21.050000000000004,2,0.2786219378966758
reflected_direction_filtered,645,21.5,14.0,35.050000000000004,21.050000000000004,2,0.2789136451593142
reflected_direction_filtered,646,21.533333333333335,13.9,34.95,21.050000000000004,2,0.27949099951727807
reflected_direction_filtered,647,21.566666666666666,13.75,34.800000000000004,21.050000000000004,2,0.28031210879585444
reflected_direction_filtered,648,21.6,13.600000000000001,34.65,21.049999999999997,2,0.28133526006135606
reflected_direction_filtered,649,21.633333333333333,13.450000000000001,34.550000000000004,21.1,2,0.28251972449204604
reflected_direction_filtered,650,21.666666666666668,13.3,34.4,21.099999999999998,2,0.2838264513581322
reflected_direction_filtered,651,21.7,13.100000000000001,34.25,21.15,2,0.2852187513472058
reflected_direction_filtered,652,21.733333333333334,12.950000000000001,34.15,21.199999999999996,2,0.28666304432553336
reflected_direction_filtered,653,21.766666666666666,12.8,34.0,21.2,2,0.2881297126261618
reflected_direction_filtered,654,21.8,12.600000000000001,33.85,21.25,2,0.28959406441008767
reflected_direction_filtered,655,21.833333333333332,12.450000000000001,33.75,21.299999999999997,2,0.29103737765252813
reflected_direction_filtered,656,21.866666666666667,12.25,33.6,21.35,2,0.2924479673139482
reflected_direction_filtered,657,21.9,12.05,33.5,21.45,2,0.29382219805426957
reflected_direction_filtered,658,21.933333333333334,11.850000000000001,33.35,21.5,2,0.29516535286997647
reflected_direction_filtered,659,21.966666666666665,11.700000000000001,33.25,21.549999999999997,2,0.2964922638503003
reflected_direction_filtered,660,22.0,11.5,33.1,21.6,2,0.29782761413105024
reflected_direction_filtered,661,22.033333333333335,11.3,33.0,21.7,2,0.299205829523794
reflected_direction_filtered,662,22.066666666666666,11.100000000000001,32.9,21.799999999999997,2,0.300670494139623
reflected_direction_filtered,663,22.1,10.9,32.75,21.85,2,0.30227324703098213
reflected_direction_filtered,664,22.133333333333333,10.700000000000001,32.65,21.949999999999996,2,0.3040721470519889
reflected_direction_filtered,665,22.166666666666668,10.450000000000001,32.550000000000004,22.1,2,0.3061295309665721
reflected_direction_filtered,666,22.2,10.25,32.4,22.15,2,0.30850943423647337
reflected_direction_filtered,667,22.233333333333334,10.05,32.300000000000004,22.250000000000004,2,0.3112746917717385
reflected_direction_filtered,668,22.266666666666666,9.850000000000001,32.15,22.299999999999997,2,0.3144838816659706
reflected_direction_filtered,669,22.3,9.600000000000001,32.050000000000004,22.450000000000003,2,0.31818831099140454
reflected_direction_filtered,670,22.333333333333332,9.4,31.900000000000002,22.5,2,0.32242926094025154
reflected_direction_filtered,671,22.366666666666667,9.15,31.75,22.6,2,0.32723570251291223
reflected_direction_filtered,672,22.4,8.950000000000001,31.6,22.65,2,0.332622661236017
reflected_direction_filtered,673,22.433333333333334,8.700000000000001,31.450000000000003,22.75,2,0.3385903533792331
reflected_direction_filtered,674,22.466666666666665,8.450000000000001,31.25,22.799999999999997,2,0.3451241456395141
reflected_direction_filtered,675,22.5,8.200000000000001,31.1,22.9,2,0.3521953174317577
reflected_direction_filtered,676,22.533333333333335,7.9,30.900000000000002,23.0,2,0.35976254191812096
reflected_direction_filtered,677,22.566666666666666,7.65,30.700000000000003,23.050000000000004,2,0.367773957604175
reflected_direction_filtered,678,22.6,7.300000000000001,30.450000000000003,23.150000000000002,2,0.376169680379955
reflected_direction_filtered,679,22.633333333333333,7.0,30.25,23.25,2,0.38488460461956653
reflected_direction_filtered,680,22.666666666666668,6.6000000000000005,30.0,23.4,2,0.3938513558635603
reflected_direction_filtered,681,22.7,6.2,29.75,23.55,2,0.4030032795431685
reflected_direction_filtered,682,22.733333333333334,5.800000000000001,29.5,23.7,2,0.41227737341470994
reflected_direction_filtered,683,22.766666666666666,5.4,29.25,23.85,2,0.42161709082801374
reflected_direction_filtered,684,22.8,5.0,28.950000000000003,23.950000000000003,2,0.43097495482812287
reflected_direction_filtered,685,22.833333333333332,4.65,28.650000000000002,24.0,2,0.440314928590365
reflected_direction_filtered,686,22.866666666666667,4.3500000000000005,28.35,24.0,2,0.4496144865477271
reflected_direction_filtered,687,22.9,4.05,28.0,23.95,2,0.45886632448661074
reflected_direction_filtered,722,24.066666666666666,20.200000000000003,43.0,22.799999999999997,2,0.9700143713323662
reflected_direction_filtered,723,24.1,20.05,42.800000000000004,22.750000000000004,2,0.9761508597664041
reflected_direction_filtered,724,24.133333333333333,19.85,42.650000000000006,22.800000000000004,2,0.9810168026652066
reflected_direction_filtered,725,24.166666666666668,19.700000000000003,42.45,22.75,2,0.9847756114072179
reflected_direction_filtered,726,24.2,19.55,42.300000000000004,22.750000000000004,2,0.9876180778641455
reflected_direction_filtered,727,24.233333333333334,19.35,42.1,22.75,2,0.9897553499617857
reflected_direction_filtered,728,24.266666666666666,19.200000000000003,41.95,22.75,2,0.9914108738663236
reflected_direction_filtered,729,24.3,19.0,41.800000000000004,22.800000000000004,2,0.9928116823339388
reflected_direction_filtered,730,24.333333333333332,18.85,41.6,22.75,2,0.9941795101421543
reflected_direction_filtered,731,24.366666666666667,18.7,41.45,22.750000000000004,2,0.9957222922282642
reflected_direction_filtered,732,24.4,18.55,41.300000000000004,22.750000000000004,2,0.9976266292213849
reflected_direction_filtered,733,24.433333333333334,18.400000000000002,41.1,22.7,2,1.0000517724274256
reflected_direction_filtered,734,24.466666666666665,18.25,40.95,22.700000000000003,2,1.0031255781201878
reflected_direction_filtered,735,24.5,18.1,40.800000000000004,22.700000000000003,2,1.006942713823439
reflected_direction_filtered,736,24.533333333333335,17.95,40.650000000000006,22.700000000000006,2,1.011565185793884
reflected_direction_filtered,737,24.566666666666666,17.85,40.5,22.65,2,1.0170250272719326
reflected_direction_filtered,738,24.6,17.7,40.35,22.650000000000002,2,1.0233287764816958
reflected_direction_filtered,739,24.633333333333333,17.55,40.150000000000006,22.600000000000005,2,1.030463213830874
reflected_direction_filtered,740,24.666666666666668,17.45,40.0,22.55,2,1.0384017406459338
reflected_direction_filtered,741,24.7,17.35,39.85,22.5,2,1.0471107737433725
reflected_direction_filtered,742,24.733333333333334,17.2,39.7,22.500000000000004,2,1.0565555934171975
reflected_direction_filtered,743,24.766666666666666,17.1,39.550000000000004,22.450000000000003,2,1.0667051986634397
reflected_direction_filtered,744,24.8,17.0,39.45,22.450000000000003,2,1.0775358693082795
reflected_direction_filtered,745,24.833333333333332,16.85,39.300000000000004,22.450000000000003,2,1.0890332871543347
reflected_direction_filtered,746,24.866666666666667,16.75,39.150000000000006,22.400000000000006,2,1.1011932084889073
reflected_direction_filtered,747,24.9,16.650000000000002,39.0,22.349999999999998,2,1.114020795570593
reflected_direction_filtered,748,24.933333333333334,16.5,38.85,22.35,2,1.1275287986385278
reflected_direction_filtered,749,24.966666666666665,16.400000000000002,38.7,22.3,2,1.1417348317479772
reflected_direction_filtered,750,25.0,16.3,38.6,22.3,2,1.1566580087661538
reflected_direction_filtered,751,25.033333333333335,16.150000000000002,38.45,22.3,2,1.1723152063869644
reflected_direction_filtered,752,25.066666666666666,16.05,38.300000000000004,22.250000000000004,2,1.1887172065545104
reflected_direction_filtered,753,25.1,15.9,38.15,22.25,2,1.205864948586417
reflected_direction_filtered,754,25.133333333333333,15.75,38.050000000000004,22.300000000000004,2,1.223746097498761
reflected_direction_filtered,755,25.166666666666668,15.65,37.9,22.25,2,1.242332113108929
reflected_direction_filtered,756,25.2,15.5,37.75,22.25,2,1.2615759851411865
reflected_direction_filtered,757,25.233333333333334,15.350000000000001,37.65,22.299999999999997,2,1.2814107808237594
reflected_direction_filtered,758,25.266666666666666,15.200000000000001,37.5,22.299999999999997,2,1.301749129534403
reflected_direction_filtered,759,25.3,15.05,37.35,22.3,2,1.3224837395467157
reflected_direction_filtered,760,25.333333333333332,14.9,37.2,22.300000000000004,2,1.3434890013571947
reflected_direction_filtered,761,25.366666666666667,14.75,37.050000000000004,22.300000000000004,2,1.3646236790607253
reflected_direction_filtered,762,25.4,14.600000000000001,36.95,22.35,2,1.3857346272579443
reflected_direction_filtered,763,25.433333333333334,14.450000000000001,36.800000000000004,22.35,2,1.4066614003659497
reflected_direction_filtered,764,25.466666666666665,14.25,36.65,22.4,2,1.4272415505666307
reflected_direction_filtered,765,25.5,14.100000000000001,36.5,22.4,2,1.4473163477453848
reflected_direction_filtered,766,25.533333333333335,13.950000000000001,36.300000000000004,22.35,2,1.4667366073420238
reflected_direction_filtered,767,25.566666666666666,13.8,36.15,22.349999999999998,2,1.4853682864836206
reflected_direction_filtered,768,25.6,13.600000000000001,36.0,22.4,2,1.5030975093537233
reflected_direction_filtered,769,25.633333333333333,13.450000000000001,35.85,22.4,2,1.5198347110197312
reflected_direction_filtered,770,25.666666666666668,13.3,35.65,22.349999999999998,2,1.5355176435426334
reflected_direction_filtered,771,25.7,13.100000000000001,35.5,22.4,2,1.5501130650134864
reflected_direction_filtered,772,25.733333333333334,12.950000000000001,35.35,22.4,2,1.5636170246820955
reflected_direction_filtered,773,25.766666666666666,12.8,35.15,22.349999999999998,2,1.5760537572261037
reflected_direction_filtered,774,25.8,12.600000000000001,35.0,22.4,2,1.5874732970623853
reflected_direction_filtered,775,25.833333333333332,12.450000000000001,34.800000000000004,22.35,2,1.597948009942116
reflected_direction_filtered,776,25.866666666666667,12.25,34.65,22.4,2,1.6075683054225778
reflected_direction_filtered,777,25.9,12.05,34.45,22.400000000000002,2,1.616437833868083
reflected_direction_filtered,778,25.933333333333334,11.9,34.25,22.35,2,1.6246684822977162
reflected_direction_filtered,779,25.966666666666665,11.700000000000001,34.1,22.4,2,1.632375465446387
reflected_direction_filtered,780,26.0,11.5,33.9,22.4,2,1.6396727665748685
reflected_direction_filtered,781,26.033333333333335,11.350000000000001,33.7,22.35,2,1.6466691248763496
reflected_direction_filtered,782,26.066666666666666,11.15,33.550000000000004,22.400000000000006,2,1.6534647026656246
reflected_direction_filtered,783,26.1,10.950000000000001,33.35,22.4,2,1.660148505696046
reflected_direction_filtered,784,26.133333333333333,10.75,33.15,22.4,2,1.666796581567797
reflected_direction_filtered,785,26.166666666666668,10.55,33.0,22.45,2,1.6734709881009
reflected_direction_filtered,786,26.2,10.350000000000001,32.800000000000004,22.450000000000003,2,1.6802195050098683
reflected_direction_filtered,787,26.233333333333334,10.15,32.6,22.450000000000003,2,1.6870760533320917
reflected_direction_filtered,788,26.266666666666666,9.9,32.45,22.550000000000004,2,1.6940617803063667
reflected_direction_filtered,789,26.3,9.700000000000001,32.25,22.549999999999997,2,1.7011867549512338
reflected_direction_filtered,790,26.333333333333332,9.450000000000001,32.050000000000004,22.6,2,1.7084521958422616
reflected_direction_filtered,791,26.366666666666667,9.200000000000001,31.900000000000002,22.700000000000003,2,1.715853116137035
reflected_direction_filtered,792,26.4,9.0,31.700000000000003,22.700000000000003,2,1.7233812255191792
reflected_direction_filtered,793,26.433333333333334,8.700000000000001,31.5,22.799999999999997,2,1.731027882972068
reflected_direction_filtered,794,26.466666666666665,8.450000000000001,31.35,22.9,2,1.7387868597711371
reflected_direction_filtered,795,26.5,8.200000000000001,31.150000000000002,22.950000000000003,2,1.7466566608857448
reflected_direction_filtered,796,26.533333333333335,7.9,31.0,23.1,2,1.7546421746978484
reflected_direction_filtered,797,26.566666666666666,7.65,30.8,23.15,2,1.7627554800148069
reflected_direction_filtered,798,26.6,7.3500000000000005,30.650000000000002,23.3,2,1.7710157332777479
reflected_direction_filtered,799,26.633333333333333,7.0,30.450000000000003,23.450000000000003,2,1.7794481776914324
reflected_direction_filtered,800,26.666666666666668,6.7,30.3,23.6,2,1.7880824432721858
reflected_direction_filtered,801,26.7,6.3500000000000005,30.1,23.75,2,1.7969504219557373
reflected_direction_filtered,802,26.733333333333334,6.050000000000001,29.950000000000003,23.900000000000002,2,1.806084083756612
reflected_direction_filtered,803,26.766666666666666,5.7,29.75,24.05,2,1.8155136308465416
reflected_direction_filtered,804,26.8,5.4,29.6,24.200000000000003,2,1.8252663559979645
reflected_direction_filtered,805,26.833333333333332,5.050000000000001,29.400000000000002,24.35,2,1.835366479885436
reflected_direction_filtered,806,26.866666666666667,4.75,29.25,24.5,2,1.8458360989289344
reflected_direction_filtered,807,26.9,4.4,29.05,24.65,2,1.8566972018144214
reflected_direction_filtered,808,26.933333333333334,4.1000000000000005,28.900000000000002,24.8,2,1.8679745345384642
reflected_direction_filtered,809,26.966666666666665,3.8000000000000003,28.700000000000003,24.900000000000002,2,1.8796989378490703
reflected_direction_filtered,810,27.0,3.5500000000000003,28.55,25.0,2,1.89191067047997
reflected_direction_filtered,811,27.033333333333335,3.25,28.35,25.1,2,1.904662182079589
reflected_direction_filtered,837,27.9,23.3,42.550000000000004,19.250000000000004,2,2.4475190417014767
reflected_direction_filtered,838,27.933333333333334,23.05,42.35,19.3,2,2.4564226419511423
reflected_direction_filtered,839,27.966666666666665,22.8,42.150000000000006,19.350000000000005,2,2.462880705772256
reflected_direction_filtered,840,28.0,22.55,41.900000000000006,19.350000000000005,2,2.467056263850811
reflected_direction_filtered,841,28.033333333333335,22.35,41.7,19.35,2,2.4691664468748122
reflected_direction_filtered,842,28.066666666666666,22.1,41.5,19.4,2,2.469469653728993
reflected_direction_filtered,843,28.1,21.85,41.300000000000004,19.450000000000003,2,2.4682516057333745
reflected_direction_filtered,844,28.133333333333333,21.6,41.1,19.5,2,2.4658114493806917
reflected_direction_filtered,845,28.166666666666668,21.400000000000002,40.900000000000006,19.500000000000004,2,2.4624490169588644
reflected_direction_filtered,846,28.2,21.150000000000002,40.7,19.55,2,2.458454171778932
reflected_direction_filtered,847,28.233333333333334,20.950000000000003,40.5,19.549999999999997,2,2.4540988710004195
reflected_direction_filtered,848,28.266666666666666,20.700000000000003,40.300000000000004,19.6,2,2.4496322130683486
reflected_direction_filtered,849,28.3,20.5,40.1,19.6,2,2.445278352442548
reflected_direction_filtered,850,28.333333333333332,20.3,39.95,19.650000000000002,2,2.4412368209173185
reflected_direction_filtered,851,28.366666666666667,20.05,39.75,19.7,2,2.4376845451172167
reflected_direction_filtered,852,28.4,19.85,39.6,19.75,2,2.434778728671045
reflected_direction_filtered,853,28.433333333333334,19.650000000000002,39.400000000000006,19.750000000000004,2,2.4326597850770715
reflected_direction_filtered,854,28.466666666666665,19.5,39.25,19.75,2,2.4314536470303705
reflected_direction_filtered,855,28.5,19.3,39.050000000000004,19.750000000000004,2,2.431273002123819
reflected_direction_filtered,856,28.533333333333335,19.1,38.900000000000006,19.800000000000004,2,2.4322172634207346
reflected_direction_filtered,857,28.566666666666666,18.900000000000002,38.75,19.849999999999998,2,2.4343713259644932
reflected_direction_filtered,858,28.6,18.75,38.6,19.85,2,2.437803346675844
reflected_direction_filtered,859,28.633333333333333,18.55,38.45,19.900000000000002,2,2.4425618931260877
reflected_direction_filtered,860,28.666666666666668,18.35,38.300000000000004,19.950000000000003,2,2.4486728351774976
reflected_direction_filtered,861,28.7,18.2,38.15,19.95,2,2.4561363200242634
reflected_direction_filtered,862,28.733333333333334,18.0,38.0,20.0,2,2.4649241053455193
reflected_direction_filtered,863,28.766666666666666,17.85,37.85,20.0,2,2.474977459254806
reflected_direction_filtered,864,28.8,17.650000000000002,37.7,20.05,2,2.4862057945488107
reflected_direction_filtered,865,28.833333333333332,17.5,37.550000000000004,20.050000000000004,2,2.498486199150231
reflected_direction_filtered,866,28.866666666666667,17.3,37.4,20.099999999999998,2,2.511664048266608
reflected_direction_filtered,867,28.9,17.150000000000002,37.25,20.099999999999998,2,2.5255549157253436
reflected_direction_filtered,868,28.933333333333334,16.95,37.1,20.150000000000002,2,2.539948013602463
reflected_direction_filtered,869,28.966666666666665,16.8,36.95,20.150000000000002,2,2.5546113536197668
reflected_direction_filtered,870,29.0,16.6,36.800000000000004,20.200000000000003,2,2.5692987242039047
reflected_direction_filtered,871,29.033333333333335,16.45,36.65,20.2,2,2.583758413155656
reflected_direction_filtered,872,29.066666666666666,16.25,36.5,20.25,2,2.5977433946687847
reflected_direction_filtered,873,29.1,16.1,36.35,20.25,2,2.6110224722667317
reflected_direction_filtered,874,29.133333333333333,15.9,36.2,20.300000000000004,2,2.6233916648392013
reflected_direction_filtered,875,29.166666666666668,15.75,36.050000000000004,20.300000000000004,2,2.634684979376724
reflected_direction_filtered,876,29.2,15.55,35.9,20.349999999999998,2,2.644783660994855
reflected_direction_filtered,877,29.233333333333334,15.4,35.7,20.300000000000004,2,2.653623064611862
reflected_direction_filtered,878,29.266666666666666,15.200000000000001,35.550000000000004,20.35,2,2.6611964533271246
reflected_direction_filtered,879,29.3,15.05,35.4,20.349999999999998,2,2.6675552804232385
reflected_direction_filtered,880,29.333333333333332,14.850000000000001,35.25,20.4,2,2.6728058257830876
reflected_direction_filtered,881,29.366666666666667,14.700000000000001,35.1,20.4,2,2.677102394600547
reflected_direction_filtered,882,29.4,14.55,34.9,20.349999999999998,2,2.680637603239588
reflected_direction_filtered,883,29.433333333333334,14.350000000000001,34.75,20.4,2,2.6836305319272578
reflected_direction_filtered,884,29.466666666666665,14.200000000000001,34.6,20.4,2,2.6863136822770843
reflected_direction_filtered,885,29.5,14.0,34.4,20.4,2,2.688919718907286
reflected_direction_filtered,886,29.533333333333335,13.850000000000001,34.25,20.4,2,2.691668896811521
reflected_direction_filtered,887,29.566666666666666,13.700000000000001,34.1,20.4,2,2.6947578984984815
reflected_direction_filtered,888,29.6,13.5,33.9,20.4,2,2.698350564529161
reflected_direction_filtered,889,29.633333333333333,13.350000000000001,33.75,20.4,2,2.7025707467965128
reflected_direction_filtered,890,29.666666666666668,13.15,33.6,20.450000000000003,2,2.707497295524111
reflected_direction_filtered,891,29.7,13.0,33.4,20.4,2,2.713161047410211
reflected_direction_filtered,892,29.733333333333334,12.850000000000001,33.25,20.4,2,2.719543631757425
reflected_direction_filtered,893,29.766666666666666,12.65,33.1,20.450000000000003,2,2.7265779464677133
reflected_direction_filtered,894,29.8,12.5,32.9,20.4,2,2.734150245732639
reflected_direction_filtered,895,29.833333333333332,12.350000000000001,32.75,20.4,2,2.742103880622033
reflected_direction_filtered,896,29.866666666666667,12.15,32.550000000000004,20.400000000000006,2,2.750244795034913
reflected_direction_filtered,897,29.9,12.0,32.4,20.4,2,2.7583488662445252
reflected_direction_filtered,898,29.933333333333334,11.850000000000001,32.25,20.4,2,2.766171076266301
reflected_direction_filtered,899,29.966666666666665,11.65,32.050000000000004,20.400000000000006,2,2.773456317369072
reflected_direction_filtered,900,30.0,11.5,31.900000000000002,20.400000000000002,2,2.779951404598072
reflected_direction_filtered,901,30.033333333333335,11.350000000000001,31.700000000000003,20.35,2,2.7854176368864456
reflected_direction_filtered,902,30.066666666666666,11.15,31.55,20.4,2,2.789643066180901
reflected_direction_filtered,903,30.1,11.0,31.35,20.35,2,2.792453543319317
reflected_direction_filtered,904,30.133333333333333,10.850000000000001,31.200000000000003,20.35,2,2.7937216365164237
reflected_direction_filtered,905,30.166666666666668,10.700000000000001,31.0,20.299999999999997,2,2.793372669214694
reflected_direction_filtered,906,30.2,10.55,30.8,20.25,2,2.791387383981859
reflected_direction_filtered,907,30.233333333333334,10.4,30.650000000000002,20.25,2,2.7878010754791895
reflected_direction_filtered,908,30.266666666666666,10.25,30.450000000000003,20.200000000000003,2,2.782699402950112
reflected_direction_filtered,909,30.3,10.100000000000001,30.3,20.2,2,2.7762114395899458
reflected_direction_filtered,910,30.333333333333332,9.950000000000001,30.1,20.15,2,2.76850079194569
reflected_direction_filtered,911,30.366666666666667,9.850000000000001,29.900000000000002,20.05,2,2.7597557851047037
reflected_direction_filtered,912,30.4,9.700000000000001,29.75,20.049999999999997,2,2.7501797325727453
reflected_direction_filtered,913,30.433333333333334,9.55,29.55,20.0,2,2.7399821886400373
reflected_direction_filtered,914,30.466666666666665,9.4,29.35,19.950000000000003,2,2.7293718352509617
reflected_direction_filtered,915,30.5,9.3,29.200000000000003,19.900000000000002,2,2.718551327337899
reflected_direction_filtered,916,30.533333333333335,9.15,29.0,19.85,2,2.7077140690561676
reflected_direction_filtered,917,30.566666666666666,9.0,28.85,19.85,2,2.6970425827847877
reflected_direction_filtered,918,30.6,8.85,28.650000000000002,19.800000000000004,2,2.686707920118817
reflected_direction_filtered,919,30.633333333333333,8.700000000000001,28.450000000000003,19.75,2,2.676869486589456
reflected_direction_filtered,920,30.666666666666668,8.55,28.3,19.75,2,2.6676747184382164
reflected_direction_filtered,921,30.7,8.4,28.1,19.700000000000003,2,2.659258238599171
reflected_direction_filtered,922,30.733333333333334,8.25,27.950000000000003,19.700000000000003,2,2.651740381812975
reflected_direction_filtered,923,30.766666666666666,8.05,27.75,19.7,2,2.645225251068207
reflected_direction_filtered,924,30.8,7.9,27.6,19.700000000000003,2,2.639798682928567
reflected_direction_filtered,925,30.833333333333332,7.7,27.400000000000002,19.700000000000003,2,2.63552660442589
reflected_direction_filtered,926,30.866666666666667,7.550000000000001,27.25,19.7,2,2.632454231440067
reflected_direction_filtered,927,30.9,7.3500000000000005,27.05,19.7,2,2.6306063930643724
reflected_direction_filtered,928,30.933333333333334,7.1000000000000005,26.900000000000002,19.8,2,2.6299890061383997
reflected_direction_filtered,929,30.966666666666665,6.9,26.700000000000003,19.800000000000004,2,2.630591431159597
reflected_direction_filtered,930,31.0,6.7,26.55,19.85,2,2.632389187694073
reflected_direction_filtered,931,31.033333333333335,6.45,26.35,19.900000000000002,2,2.6353463601639877
reflected_direction_filtered,932,31.066666666666666,6.2,26.150000000000002,19.950000000000003,2,2.639417027446585
reflected_direction_filtered,933,31.1,5.95,26.0,20.05,2,2.6445452136271177
reflected_direction_filtered,934,31.133333333333333,5.7,25.8,20.1,2,2.6506631584667915
reflected_direction_filtered,935,31.166666666666668,5.4,25.6,20.200000000000003,2,2.6576880894792683
reflected_direction_filtered,936,31.2,5.1000000000000005,25.450000000000003,20.35,2,2.665518067488183
reflected_direction_filtered,937,31.233333333333334,4.800000000000001,25.25,20.45,2,2.674027793592745
reflected_direction_filtered,938,31.266666666666666,4.5,25.05,20.55,2,2.683065438493784
reflected_direction_filtered,939,31.3,4.15,24.85,20.700000000000003,2,2.6924515421903883
reflected_direction_filtered,940,31.333333333333332,3.8000000000000003,24.700000000000003,20.900000000000002,2,2.7019808259361655
reflected_direction_filtered,961,32.03333333333333,20.700000000000003,41.650000000000006,20.950000000000003,2,2.746142935832387
reflected_direction_filtered,962,32.06666666666667,20.5,41.400000000000006,20.900000000000006,2,2.747738746489815
reflected_direction_filtered,963,32.1,20.35,41.150000000000006,20.800000000000004,2,2.7500050230218642
reflected_direction_filtered,964,32.13333333333333,20.150000000000002,40.95,20.8,2,2.752827437261038
reflected_direction_filtered,965,32.166666666666664,19.950000000000003,40.7,20.75,2,2.7560614447568734
reflected_direction_filtered,966,32.2,19.8,40.5,20.7,2,2.759542688255668
reflected_direction_filtered,967,32.233333333333334,19.6,40.300000000000004,20.700000000000003,2,2.763097659465219
reflected_direction_filtered,968,32.266666666666666,19.450000000000003,40.1,20.65,2,2.7665540430869466
reflected_direction_filtered,969,32.3,19.25,39.900000000000006,20.650000000000006,2,2.76975029039595
reflected_direction_filtered,970,32.333333333333336,19.1,39.7,20.6,2,2.772544083135864
reflected_direction_filtered,971,32.36666666666667,18.900000000000002,39.5,20.599999999999998,2,2.77481944008648
reflected_direction_filtered,972,32.4,18.7,39.35,20.650000000000002,2,2.7764922855898866
reflected_direction_filtered,973,32.43333333333333,18.55,39.150000000000006,20.600000000000005,2,2.777514346388398
reflected_direction_filtered,974,32.46666666666667,18.35,39.0,20.65,2,2.777875279821762
reflected_direction_filtered,975,32.5,18.2,38.800000000000004,20.600000000000005,2,2.777602973731119
reflected_direction_filtered,976,32.53333333333333,18.0,38.650000000000006,20.650000000000006,2,2.7767620059318987
reflected_direction_filtered,977,32.56666666666667,17.8,38.5,20.7,2,2.7754503149301546
reflected_direction_filtered,978,32.6,17.650000000000002,38.300000000000004,20.650000000000002,2,2.77379421493226
reflected_direction_filtered,979,32.63333333333333,17.45,38.15,20.7,2,2.7719419831753394
reflected_direction_filtered,980,32.666666666666664,17.3,38.0,20.7,2,2.7700563474253634
reflected_direction_filtered,981,32.7,17.1,37.85,20.75,2,2.7683062937893848
reflected_direction_filtered,982,32.733333333333334,16.95,37.7,20.750000000000004,2,2.7668586856732813
reflected_direction_filtered,983,32.766666666666666,16.75,37.550000000000004,20.800000000000004,2,2.7658702203355716
reflected_direction_filtered,984,32.8,16.6,37.4,20.799999999999997,2,2.765480239823189
reflected_direction_filtered,985,32.833333333333336,16.400000000000002,37.25,20.849999999999998,2,2.7658048535076736
reflected_direction_filtered,986,32.86666666666667,16.25,37.1,20.85,2,2.7669327225603793
reflected_direction_filtered,987,32.9,16.1,36.9,20.799999999999997,2,2.7689227126711833
reflected_direction_filtered,988,32.93333333333333,15.9,36.75,20.85,2,2.7718034566802814
reflected_direction_filtered,989,32.96666666666667,15.75,36.6,20.85,2,2.7755747038924845
reflected_direction_filtered,990,33.0,15.55,36.45,20.900000000000002,2,2.780210188243233
reflected_direction_filtered,991,33.03333333333333,15.4,36.300000000000004,20.900000000000006,2,2.785661640296022
reflected_direction_filtered,992,33.06666666666667,15.25,36.15,20.9,2,2.7918635089826425
reflected_direction_filtered,993,33.1,15.05,36.0,20.95,2,2.7987379508234342
reflected_direction_filtered,994,33.13333333333333,14.9,35.800000000000004,20.900000000000006,2,2.8061996820588146
reflected_direction_filtered,995,33.166666666666664,14.700000000000001,35.65,20.949999999999996,2,2.8141603615054853
reflected_direction_filtered,996,33.2,14.55,35.5,20.95,2,2.822532264324456
reflected_direction_filtered,997,33.233333333333334,14.4,35.35,20.950000000000003,2,2.831231104013811
reflected_direction_filtered,998,33.266666666666666,14.200000000000001,35.15,20.949999999999996,2,2.840177948720964
reflected_direction_filtered,999,33.3,14.05,35.0,20.95,2,2.8493002494007937
reflected_direction_filtered,1000,33.333333333333336,13.850000000000001,34.85,21.0,2,2.8585320474742475
reflected_direction_filtered,1001,33.36666666666667,13.700000000000001,34.65,20.949999999999996,2,2.867813459502987
reflected_direction_filtered,1002,33.4,13.55,34.5,20.95,2,2.8770895510412364
reflected_direction_filtered,1003,33.43333333333333,13.350000000000001,34.35,21.0,2,2.8863087186680674
reflected_direction_filtered,1004,33.46666666666667,13.200000000000001,34.15,20.949999999999996,2,2.8954207059900523
reflected_direction_filtered,1005,33.5,13.0,34.0,21.0,2,2.9043743921873513
reflected_direction_filtered,1006,33.53333333333333,12.850000000000001,33.85,21.0,2,2.9131155131450073
reflected_direction_filtered,1007,33.56666666666667,12.65,33.65,21.0,2,2.921584503727079
reflected_direction_filtered,1008,33.6,12.5,33.5,21.0,2,2.929714679324229
reflected_direction_filtered,1009,33.63333333333333,12.350000000000001,33.35,21.0,2,2.937430996092947
reflected_direction_filtered,1010,33.666666666666664,12.15,33.2,21.050000000000004,2,2.944649631513523
reflected_direction_filtered,1011,33.7,12.0,33.050000000000004,21.050000000000004,2,2.9512786002595126
reflected_direction_filtered,1012,33.733333333333334,11.850000000000001,32.85,21.0,2,2.9572195587204018
reflected_direction_filtered,1013,33.766666666666666,11.65,32.7,21.050000000000004,2,2.9623708543535625
reflected_direction_filtered,1014,33.8,11.5,32.550000000000004,21.050000000000004,2,2.966631749644071
reflected_direction_filtered,1015,33.833333333333336,11.350000000000001,32.4,21.049999999999997,2,2.9699076077003905
reflected_direction_filtered,1016,33.86666666666667,11.15,32.25,21.1,2,2.9721156853840363
reflected_direction_filtered,1017,33.9,11.0,32.050000000000004,21.050000000000004,2,2.973191060869376
reflected_direction_filtered,1018,33.93333333333333,10.850000000000001,31.900000000000002,21.05,2,2.9730921455461643
reflected_direction_filtered,1019,33.96666666666667,10.700000000000001,31.75,21.049999999999997,2,2.9718052112953663
reflected_direction_filtered,1020,34.0,10.55,31.6,21.05,2,2.9693474129288195
reflected_direction_filtered,1021,34.03333333333333,10.4,31.450000000000003,21.050000000000004,2,2.965767903055809
reflected_direction_filtered,1022,34.06666666666667,10.200000000000001,31.25,21.049999999999997,2,2.961146814510393
reflected_direction_filtered,1023,34.1,10.05,31.1,21.05,2,2.955592106242312
reflected_direction_filtered,1024,34.13333333333333,9.9,30.950000000000003,21.050000000000004,2,2.949234506935628
reflected_direction_filtered,1025,34.166666666666664,9.75,30.8,21.05,2,2.942221016070678
reflected_direction_filtered,1026,34.2,9.600000000000001,30.6,21.0,2,2.934707602799495
reflected_direction_filtered,1027,34.233333333333334,9.450000000000001,30.450000000000003,21.0,2,2.9268518503668126
reflected_direction_filtered,1028,34.266666666666666,9.3,30.25,20.95,2,2.9188063079270314
reflected_direction_filtered,1029,34.3,9.15,30.1,20.950000000000003,2,2.9107132256283217
reflected_direction_filtered,1030,34.333333333333336,9.0,29.900000000000002,20.900000000000002,2,2.902701171732369
reflected_direction_filtered,1031,34.36666666666667,8.85,29.75,20.9,2,2.894883786910482
reflected_direction_filtered,1032,34.4,8.700000000000001,29.55,20.85,2,2.8873606572537254
reflected_direction_filtered,1033,34.43333333333333,8.55,29.400000000000002,20.85,2,2.880220025722415
reflected_direction_filtered,1034,34.46666666666667,8.4,29.200000000000003,20.800000000000004,2,2.8735428503344584
reflected_direction_filtered,1035,34.5,8.25,29.05,20.8,2,2.867407583825654
reflected_direction_filtered,1036,34.53333333333333,8.1,28.85,20.75,2,2.861895004759354
reflected_direction_filtered,1037,34.56666666666667,7.95,28.650000000000002,20.700000000000003,2,2.857092467181716
reflected_direction_filtered,1038,34.6,7.800000000000001,28.450000000000003,20.650000000000002,2,2.853097033142138
reflected_direction_filtered,1039,34.63333333333333,7.65,28.25,20.6,2,2.850017079808134
reflected_direction_filtered,1040,34.666666666666664,7.45,28.1,20.650000000000002,2,2.8479721010511754
reflected_direction_filtered,1041,34.7,7.300000000000001,27.900000000000002,20.6,2,2.847090531666366
reflected_direction_filtered,1042,34.733333333333334,7.15,27.700000000000003,20.550000000000004,2,2.8475055050500764
reflected_direction_filtered,1043,34.766666666666666,6.95,27.450000000000003,20.500000000000004,2,2.849348523122855
reflected_direction_filtered,1044,34.8,6.800000000000001,27.25,20.45,2,2.8527410949668006
reflected_direction_filtered,1045,34.833333333333336,6.6000000000000005,27.05,20.45,2,2.8577845178745425
reflected_direction_filtered,1046,34.86666666666667,6.45,26.85,20.400000000000002,2,2.8645481550735177
reflected_direction_filtered,1047,34.9,6.25,26.6,20.35,2,2.8730568140681667
reflected_direction_filtered,1048,34.93333333333333,6.050000000000001,26.35,20.3,2,2.8832781273063532
reflected_direction_filtered,1049,34.96666666666667,5.8500000000000005,26.1,20.25,2,2.895111133035994
reflected_direction_filtered,1050,35.0,5.65,25.85,20.200000000000003,2,2.908377477834225
reflected_direction_filtered,1051,35.03333333333333,5.45,25.6,20.150000000000002,2,2.9228167374458076
reflected_direction_filtered,1052,35.06666666666667,5.2,25.35,20.150000000000002,2,2.9380872196359444
reflected_direction_filtered,1064,35.46666666666667,21.8,42.150000000000006,20.350000000000005,2,3.026359222838216
reflected_direction_filtered,1065,35.5,21.55,41.900000000000006,20.350000000000005,2,3.018526839212458
reflected_direction_filtered,1066,35.53333333333333,21.3,41.650000000000006,20.350000000000005,2,3.0091654999721156
reflected_direction_filtered,1067,35.56666666666667,21.1,41.45,20.35,2,2.9988458681196986
reflected_direction_filtered,1068,35.6,20.85,41.2,20.35,2,2.988169305710698
reflected_direction_filtered,1069,35.63333333333333,20.650000000000002,41.0,20.349999999999998,2,2.9777313589672936
reflected_direction_filtered,1070,35.666666666666664,20.400000000000002,40.800000000000004,20.400000000000002,2,2.9680876450202276
reflected_direction_filtered,1071,35.7,20.200000000000003,40.6,20.4,2,2.959725081417115
reflected_direction_filtered,1072,35.733333333333334,20.05,40.400000000000006,20.350000000000005,2,2.9530406754146603
reflected_direction_filtered,1073,35.766666666666666,19.85,40.2,20.35,2,2.9483290512703957
reflected_direction_filtered,1074,35.8,19.650000000000002,40.0,20.349999999999998,2,2.945778715864035
reflected_direction_filtered,1075,35.833333333333336,19.5,39.800000000000004,20.300000000000004,2,2.9454759674671362
reflected_direction_filtered,1076,35.86666666666667,19.3,39.650000000000006,20.350000000000005,2,2.947414549513688
reflected_direction_filtered,1077,35.9,19.150000000000002,39.45,20.3,2,2.951508780461756
reflected_direction_filtered,1078,35.93333333333333,19.0,39.300000000000004,20.300000000000004,2,2.9576079825134407
reflected_direction_filtered,1079,35.96666666666667,18.85,39.150000000000006,20.300000000000004,2,2.965510502690006
reflected_direction_filtered,1080,36.0,18.7,38.95,20.250000000000004,2,2.974976303030025
reflected_direction_filtered,1081,36.03333333333333,18.55,38.800000000000004,20.250000000000004,2,2.9857377950929918
reflected_direction_filtered,1082,36.06666666666667,18.35,38.650000000000006,20.300000000000004,2,2.9975091345089315
reflected_direction_filtered,1083,36.1,18.2,38.5,20.3,2,3.0099944672933248
reflected_direction_filtered,1084,36.13333333333333,18.05,38.35,20.3,2,3.022895609688695
reflected_direction_filtered,1085,36.166666666666664,17.900000000000002,38.2,20.3,2,3.035919406278949
reflected_direction_filtered,1086,36.2,17.75,38.050000000000004,20.300000000000004,2,3.048784661703242
reflected_direction_filtered,1087,36.233333333333334,17.6,37.9,20.299999999999997,2,3.061228214692138
reflected_direction_filtered,1088,36.266666666666666,17.400000000000002,37.75,20.349999999999998,2,3.0730095388235372
reflected_direction_filtered,1089,36.3,17.25,37.6,20.35,2,3.0839132869748993
reflected_direction_filtered,1090,36.333333333333336,17.1,37.45,20.35,2,3.0937494593377446
reflected_direction_filtered,1091,36.36666666666667,16.900000000000002,37.300000000000004,20.400000000000002,2,3.102351318575931
reflected_direction_filtered,1092,36.4,16.75,37.2,20.450000000000003,2,3.1095716999041834
reflected_direction_filtered,1093,36.43333333333333,16.6,37.050000000000004,20.450000000000003,2,3.1152788399484677
reflected_direction_filtered,1094,36.46666666666667,16.400000000000002,36.9,20.499999999999996,2,3.1193531481536665
reflected_direction_filtered,1095,36.5,16.25,36.75,20.5,2,3.1216863701618904
reflected_direction_filtered,1096,36.53333333333333,16.1,36.6,20.5,2,3.1221843001207645
reflected_direction_filtered,1097,36.56666666666667,15.9,36.45,20.550000000000004,2,3.120773611730463
reflected_direction_filtered,1098,36.6,15.75,36.300000000000004,20.550000000000004,2,3.1174125849870378
reflected_direction_filtered,1099,36.63333333333333,15.600000000000001,36.15,20.549999999999997,3,3.112104644762201
reflected_direction_filtered,1100,36.666666666666664,15.4,36.0,20.6,3,3.1049128574140337
reflected_direction_filtered,1101,36.7,15.25,35.85,20.6,3,3.095973001354322
reflected_direction_filtered,1102,36.733333333333334,15.100000000000001,35.7,20.6,3,3.0855026487590274
reflected_direction_filtered,1103,36.766666666666666,14.950000000000001,35.550000000000004,20.6,3,3.0738039256615743
reflected_direction_filtered,1104,36.8,14.8,35.4,20.599999999999998,3,3.0612582517364366
reflected_direction_filtered,1105,36.833333333333336,14.65,35.25,20.6,3,3.048312332664426
reflected_direction_filtered,1106,36.86666666666667,14.5,35.1,20.6,3,3.035455863893021
reflected_direction_filtered,1107,36.9,14.350000000000001,34.95,20.6,2,3.0231926340759068
reflected_direction_filtered,1108,36.93333333333333,14.200000000000001,34.800000000000004,20.6,2,3.0120077871580673
reflected_direction_filtered,1109,36.96666666666667,14.05,34.65,20.599999999999998,2,3.002334708043301
reflected_direction_filtered,1110,37.0,13.9,34.5,20.6,2,2.9945251705068965
reflected_direction_filtered,1111,37.03333333333333,13.75,34.35,20.6,2,2.9888259481919475
reflected_direction_filtered,1112,37.06666666666667,13.600000000000001,34.2,20.6,2,2.9853640902821064
reflected_direction_filtered,1113,37.1,13.450000000000001,34.050000000000004,20.6,2,2.984141693161705
reflected_direction_filtered,1114,37.13333333333333,13.3,33.9,20.599999999999998,2,2.9850395539469887
reflected_direction_filtered,1115,37.166666666666664,13.15,33.75,20.6,2,2.987827895656745
reflected_direction_filtered,1116,37.2,12.950000000000001,33.6,20.65,2,2.992181665762333
