source,line,kind,title,tokens,hit_count,hits,covered
v106,135,\\chap\{([^{}]+)\},母题1 管路/静水/CV/基础读题：题干词到模型到公式链,母题|管路|静水|CV|基础读题|题干词到模型到公式链,6,母题|管路|静水|CV|基础读题|题干词到模型到公式链,True
v106,137,\\sect\{([^{}]+)\},两油箱/水池--变径管PVZ主例,两油箱|水池|变径管PVZ主例,3,两油箱|水池|变径管PVZ主例,True
v106,139,\\sect\{([^{}]+)\},两油箱变径管15分真题：两问标准套写,两油箱变径管|分真题|两问标准套写,3,两油箱变径管|分真题|两问标准套写,True
v106,141,\\sect\{([^{}]+)\},新卷读题定位法,新卷读题定位法,1,新卷读题定位法,True
v106,146,\\sect\{([^{}]+)\},题干关键词定位,题干关键词定位,1,题干关键词定位,True
v106,159,\\sect\{([^{}]+)\},常数与基本量,常数与基本量,1,常数与基本量,True
v106,164,\\sect\{([^{}]+)\},连续性,连续性,1,连续性,True
v106,167,\\sect\{([^{}]+)\},控制体动量/动量守恒模板,控制体动量|动量守恒模板,2,控制体动量|动量守恒模板,True
v106,178,\\sect\{([^{}]+)\},伯努利/机械能,伯努利|机械能,2,伯努利|机械能,True
v106,184,\\sect\{([^{}]+)\},静水压常见题流程,静水压常见题流程,1,静水压常见题流程,True
v106,188,\\sect\{([^{}]+)\},要求量$\to$首写/公式链$\to$检查点,要求量|to|首写|公式链|to|检查点,6,要求量|to|首写|公式链|to|检查点,True
v106,196,\\sect\{([^{}]+)\},建模第一句话,建模第一句话,1,建模第一句话,True
v106,199,\\sect\{([^{}]+)\},模型首句模板,模型首句模板,1,模型首句模板,True
v106,201,\\sect\{([^{}]+)\},速度场题,速度场题,1,速度场题,True
v106,203,\\sect\{([^{}]+)\},运动描述名词,运动描述名词,1,运动描述名词,True
v106,205,\\sect\{([^{}]+)\},旋度/应变/应力,旋度|应变|应力,3,旋度|应变|应力,True
v106,207,\\sect\{([^{}]+)\},静水压补充模板,静水压补充模板,1,静水压补充模板,True
v106,209,\\sect\{([^{}]+)\},量纲分析模板,量纲分析模板,1,量纲分析模板,True
v106,211,\\sect\{([^{}]+)\},控制体受力图检查,控制体受力图检查,1,控制体受力图检查,True
v106,213,\\sect\{([^{}]+)\},应力张量题,应力张量题,1,应力张量题,True
v106,215,\\sect\{([^{}]+)\},平面受压常用惯性矩,平面受压常用惯性矩,1,平面受压常用惯性矩,True
v106,217,\\sect\{([^{}]+)\},小孔/水箱出流,小孔|水箱出流,2,小孔|水箱出流,True
v106,219,\\sect\{([^{}]+)\},U管振荡,U管振荡,1,U管振荡,True
v106,222,\\chap\{([^{}]+)\},母题2 理想不可压无旋势流：基本流、镜像、圆柱、环量,母题|理想不可压无旋势流|基本流|镜像|圆柱|环量,6,母题|理想不可压无旋势流|基本流|镜像|圆柱|环量,True
v106,224,\\sect\{([^{}]+)\},基本条件,基本条件,1,基本条件,True
v106,230,\\sect\{([^{}]+)\},基本流表,基本流表,1,基本流表,True
v106,240,\\sect\{([^{}]+)\},看到题先搭哪几个基元,看到题先搭哪几个基元,1,看到题先搭哪几个基元,True
v106,248,\\sect\{([^{}]+)\},"给速度求$\varphi,\psi$",给速度求|varphi|psi,3,给速度求|varphi|psi,True
v106,253,\\sect\{([^{}]+)\},圆柱绕流,圆柱绕流,1,圆柱绕流,True
v106,258,\\sect\{([^{}]+)\},圆柱绕流答题模板,圆柱绕流答题模板,1,圆柱绕流答题模板,True
v106,261,\\sect\{([^{}]+)\},半圆柱气膜馆15分：圆柱绕流升力,半圆柱气膜馆|圆柱绕流升力,2,半圆柱气膜馆|圆柱绕流升力,True
v106,266,\\sect\{([^{}]+)\},有环量/升力,有环量|升力,2,有环量|升力,True
v106,269,\\sect\{([^{}]+)\},镜像法/边角,镜像法|边角,2,镜像法|边角,True
v106,272,\\sect\{([^{}]+)\},源汇/驻点常用算式,源汇|驻点常用算式,2,源汇|驻点常用算式,True
v106,275,\\sect\{([^{}]+)\},势流模型公式链骨架,势流模型公式链骨架,1,势流模型公式链骨架,True
v106,284,\\sect\{([^{}]+)\},伯努利用法,伯努利用法,1,伯努利用法,True
v106,286,\\sect\{([^{}]+)\},给速度场求势/流函数例式,给速度场求势|流函数例式,2,给速度场求势|流函数例式,True
v106,288,\\sect\{([^{}]+)\},源/涡压力题,涡压力题,1,涡压力题,True
v106,290,\\sect\{([^{}]+)\},圆柱绕流公式链,圆柱绕流公式链,1,圆柱绕流公式链,True
v106,292,\\sect\{([^{}]+)\},保角/边角题,保角|边角题,2,保角|边角题,True
v106,295,\\sect\{([^{}]+)\},标准结论句,标准结论句,1,标准结论句,True
v106,298,\\chap\{([^{}]+)\},母题3 可压缩等熵流与Laval喷管,母题|可压缩等熵流与Laval喷管,1,母题,True
v106,300,\\sect\{([^{}]+)\},基本公式,基本公式,1,基本公式,True
v106,314,\\sect\{([^{}]+)\},临界/阻塞,临界|阻塞,2,临界|阻塞,True
v106,321,\\sect\{([^{}]+)\},总量、静量、背压别混,总量|静量|背压别混,3,总量|静量|背压别混,True
v106,324,\\sect\{([^{}]+)\},面积--马赫数,面积|马赫数,2,面积|马赫数,True
v106,331,\\sect\{([^{}]+)\},质量流量,质量流量,1,质量流量,True
v106,338,\\sect\{([^{}]+)\},Ma作为中间变量,Ma作为中间变量,1,Ma作为中间变量,True
v106,341,\\sect\{([^{}]+)\},Laval 背压状态,Laval|背压状态,2,Laval|背压状态,True
v106,351,\\sect\{([^{}]+)\},收缩喷管题,收缩喷管题,1,收缩喷管题,True
v106,354,\\sect\{([^{}]+)\},收缩喷管/背压标准步骤,收缩喷管|背压标准步骤,2,收缩喷管|背压标准步骤,True
v106,357,\\sect\{([^{}]+)\},Laval面积/流量题,Laval面积|流量题,2,Laval面积|流量题,True
v106,359,\\sect\{([^{}]+)\},Laval面积比标准步骤,Laval面积比标准步骤,1,Laval面积比标准步骤,True
v106,362,\\sect\{([^{}]+)\},文丘里质量流量计,文丘里质量流量计,1,文丘里质量流量计,True
v106,364,\\sect\{([^{}]+)\},可压文丘里流量计标准步骤,可压文丘里流量计标准步骤,1,可压文丘里流量计标准步骤,True
v106,366,\\sect\{([^{}]+)\},可压缩题判断树,可压缩题判断树,1,可压缩题判断树,True
v106,368,\\sect\{([^{}]+)\},空气小表：等熵/面积/PM/正激波,空气小表|等熵|面积|PM|正激波,5,空气小表|等熵|面积|PM|正激波,True
v106,370,\\sect\{([^{}]+)\},答题检查句,答题检查句,1,答题检查句,True
v106,372,\\sect\{([^{}]+)\},可压缩基础题,可压缩基础题,1,可压缩基础题,True
v106,374,\\sect\{([^{}]+)\},喷管出口状态三句话,喷管出口状态三句话,1,喷管出口状态三句话,True
v106,376,\\sect\{([^{}]+)\},面积比求M查表替代,面积比求M查表替代,1,面积比求M查表替代,True
v106,378,\\sect\{([^{}]+)\},质量流量检查,质量流量检查,1,质量流量检查,True
v106,381,\\chap\{([^{}]+)\},母题4 正激波、斜激波、膨胀波,母题|正激波|斜激波|膨胀波,4,母题|正激波|斜激波|膨胀波,True
v106,383,\\sect\{([^{}]+)\},总判断,总判断,1,总判断,True
v106,386,\\sect\{([^{}]+)\},正激波,正激波,1,正激波,True
v106,396,\\sect\{([^{}]+)\},斜激波流程,斜激波流程,1,斜激波流程,True
v106,399,\\sect\{([^{}]+)\},斜激波无表时,斜激波无表时,1,斜激波无表时,True
v106,406,\\sect\{([^{}]+)\},膨胀波/Prandtl-Meyer,膨胀波|Prandtl|Meyer,3,膨胀波|Prandtl|Meyer,True
v106,415,\\sect\{([^{}]+)\},膨胀波后物理量,膨胀波后物理量,1,膨胀波后物理量,True
v106,420,\\sect\{([^{}]+)\},Laval管外膨胀模板,Laval管外膨胀模板,1,Laval管外膨胀模板,True
v106,423,\\sect\{([^{}]+)\},Laval管内正激波模板,Laval管内正激波模板,1,Laval管内正激波模板,True
v106,425,\\sect\{([^{}]+)\},Laval内激波分段链,Laval内激波分段链,1,Laval内激波分段链,True
v106,428,\\sect\{([^{}]+)\},易错,易错,1,易错,True
v106,430,\\sect\{([^{}]+)\},激波反射/相交题写法,激波反射|相交题写法,2,激波反射|相交题写法,True
v106,432,\\sect\{([^{}]+)\},压缩角/膨胀角判断,压缩角|膨胀角判断,2,压缩角|膨胀角判断,True
v106,434,\\sect\{([^{}]+)\},Laval背压八状态速记,Laval背压八状态速记,1,Laval背压八状态速记,True
v106,436,\\sect\{([^{}]+)\},过程分标准句,过程分标准句,1,过程分标准句,True
v106,438,\\sect\{([^{}]+)\},正激波常用极限,正激波常用极限,1,正激波常用极限,True
v106,440,\\sect\{([^{}]+)\},斜激波压力比,斜激波压力比,1,斜激波压力比,True
v106,442,\\sect\{([^{}]+)\},膨胀波常见题,膨胀波常见题,1,膨胀波常见题,True
v106,444,\\sect\{([^{}]+)\},管外膨胀简答句,管外膨胀简答句,1,管外膨胀简答句,True
v106,447,\\chap\{([^{}]+)\},母题5 粘性管流：N-S、H-P、Couette、管内压损,母题|粘性管流|Couette|管内压损,4,母题|粘性管流|Couette|管内压损,True
v106,449,\\sect\{([^{}]+)\},N-S 简化,简化,1,简化,True
v106,453,\\sect\{([^{}]+)\},H-P 圆管层流,圆管层流,1,圆管层流,True
v106,458,\\sect\{([^{}]+)\},广义压强写法,广义压强写法,1,广义压强写法,True
v106,461,\\sect\{([^{}]+)\},Couette 流,Couette,1,Couette,True
v106,466,\\sect\{([^{}]+)\},双层 Couette,双层|Couette,2,双层|Couette,True
v106,470,\\sect\{([^{}]+)\},管路损失/管内压损,管路损失|管内压损,2,管路损失|管内压损,True
v106,477,\\sect\{([^{}]+)\},管路题统一流程,管路题统一流程,1,管路题统一流程,True
v106,480,\\sect\{([^{}]+)\},常见模型模板,常见模型模板,1,常见模型模板,True
v106,491,\\sect\{([^{}]+)\},平板Poiseuille,平板Poiseuille,1,平板Poiseuille,True
v106,493,\\sect\{([^{}]+)\},Couette--Poiseuille合成,Couette|Poiseuille合成,2,Couette|Poiseuille合成,True
v106,495,\\sect\{([^{}]+)\},层流/湍流判定,层流|湍流判定,2,层流|湍流判定,True
v106,497,\\sect\{([^{}]+)\},压力降与剪力平衡,压力降与剪力平衡,1,压力降与剪力平衡,True
v106,499,\\sect\{([^{}]+)\},管内层流竖直流,管内层流竖直流,1,管内层流竖直流,True
v106,501,\\sect\{([^{}]+)\},层流解析题通用套路,层流解析题通用套路,1,层流解析题通用套路,True
v106,503,\\sect\{([^{}]+)\},泵/汽蚀判断,汽蚀判断,1,汽蚀判断,True
v106,505,\\sect\{([^{}]+)\},局部损失系数,局部损失系数,1,局部损失系数,True
v106,508,\\chap\{([^{}]+)\},母题6 边界层、外绕流阻力、综合收口,母题|边界层|外绕流阻力|综合收口,4,母题|边界层|外绕流阻力|综合收口,True
v106,510,\\sect\{([^{}]+)\},Prandtl 边界层/Blasius,Prandtl|边界层|Blasius,3,Prandtl|边界层|Blasius,True
v106,517,\\sect\{([^{}]+)\},位移/动量厚度/Von Karman,位移|动量厚度|Von|Karman,4,位移|动量厚度|Von|Karman,True
v106,522,\\sect\{([^{}]+)\},常见剖面直接用,常见剖面直接用,1,常见剖面直接用,True
v106,525,\\sect\{([^{}]+)\},平板层流边界层油流,平板层流边界层油流,1,平板层流边界层油流,True
v106,528,\\sect\{([^{}]+)\},平板题统一流程,平板题统一流程,1,平板题统一流程,True
v106,531,\\sect\{([^{}]+)\},湍流近壁三层,湍流近壁三层,1,湍流近壁三层,True
v106,533,\\sect\{([^{}]+)\},壁律题写法,壁律题写法,1,壁律题写法,True
v106,536,\\sect\{([^{}]+)\},分离与阻力,分离与阻力,1,分离与阻力,True
v106,538,\\sect\{([^{}]+)\},外绕流阻力判断,外绕流阻力判断,1,外绕流阻力判断,True
v106,541,\\sect\{([^{}]+)\},高频收口模型,高频收口模型,1,高频收口模型,True
v106,553,\\sect\{([^{}]+)\},过程分最小骨架,过程分最小骨架,1,过程分最小骨架,True
v106,555,\\sect\{([^{}]+)\},Von Karman边界层积分模板,Von|Karman边界层积分模板,2,Von|Karman边界层积分模板,True
v106,557,\\sect\{([^{}]+)\},阻力系数换算,阻力系数换算,1,阻力系数换算,True
v106,559,\\sect\{([^{}]+)\},边界层题检查,边界层题检查,1,边界层题检查,True
v106,561,\\sect\{([^{}]+)\},交卷前检查,交卷前检查,1,交卷前检查,True
v106,563,\\sect\{([^{}]+)\},外流阻力典型量,外流阻力典型量,1,外流阻力典型量,True
v106,565,\\sect\{([^{}]+)\},边界层分离答题句,边界层分离答题句,1,边界层分离答题句,True
v106,567,\\sect\{([^{}]+)\},公式许可检查,公式许可检查,1,公式许可检查,True
v106,569,\\sect\{([^{}]+)\},查书优先级,查书优先级,1,查书优先级,True
v106,572,\\sect\{([^{}]+)\},静力学、运动学、张量模型速解,静力学|运动学|张量模型速解,3,静力学|运动学|张量模型速解,True
v106,573,\\sect\{([^{}]+)\},压强单位换算,压强单位换算,1,压强单位换算,True
v106,575,\\sect\{([^{}]+)\},平面闸门答题骨架,平面闸门答题骨架,1,平面闸门答题骨架,True
v106,577,\\sect\{([^{}]+)\},曲面闸门答题骨架,曲面闸门答题骨架,1,曲面闸门答题骨架,True
v106,579,\\sect\{([^{}]+)\},相对平衡,相对平衡,1,相对平衡,True
v106,581,\\sect\{([^{}]+)\},浮力和稳定,浮力和稳定,1,浮力和稳定,True
v106,583,\\sect\{([^{}]+)\},迹线/流线/脉线,迹线|流线|脉线,3,迹线|流线|脉线,True
v106,585,\\sect\{([^{}]+)\},加速度题模板,加速度题模板,1,加速度题模板,True
v106,587,\\sect\{([^{}]+)\},应力张量标准解,应力张量标准解,1,应力张量标准解,True
v106,589,\\sect\{([^{}]+)\},应力对称原因,应力对称原因,1,应力对称原因,True
v106,591,\\sect\{([^{}]+)\},流体微团运动分解,流体微团运动分解,1,流体微团运动分解,True
v106,593,\\sect\{([^{}]+)\},维数分析常用组合,维数分析常用组合,1,维数分析常用组合,True
v106,596,\\sect\{([^{}]+)\},伯努利、动量、能量方程模型速解,伯努利|动量|能量方程模型速解,3,伯努利|动量|能量方程模型速解,True
v106,597,\\sect\{([^{}]+)\},伯努利适用性,伯努利适用性,1,伯努利适用性,True
v106,599,\\sect\{([^{}]+)\},皮托管/文丘里/孔板,皮托管|文丘里|孔板,3,皮托管|文丘里|孔板,True
v106,601,\\sect\{([^{}]+)\},虹吸管,虹吸管,1,虹吸管,True
v106,603,\\sect\{([^{}]+)\},弯管受力,弯管受力,1,弯管受力,True
v106,605,\\sect\{([^{}]+)\},射流冲击平板,射流冲击平板,1,射流冲击平板,True
v106,607,\\sect\{([^{}]+)\},喷嘴/消防水枪反力,喷嘴|消防水枪反力,2,喷嘴|消防水枪反力,True
v106,609,\\sect\{([^{}]+)\},水轮机/泵符号,水轮机|泵符号,2,水轮机|泵符号,True
v106,611,\\sect\{([^{}]+)\},大水池到大水池,大水池到大水池,1,大水池到大水池,True
v106,613,\\sect\{([^{}]+)\},压力表截面,压力表截面,1,压力表截面,True
v106,616,\\sect\{([^{}]+)\},势流与理想不可压模型速解,势流与理想不可压模型速解,1,势流与理想不可压模型速解,True
v106,617,\\sect\{([^{}]+)\},势函数流函数互求,势函数流函数互求,1,势函数流函数互求,True
v106,619,\\sect\{([^{}]+)\},极坐标速度关系,极坐标速度关系,1,极坐标速度关系,True
v106,621,\\sect\{([^{}]+)\},基本流全表,基本流全表,1,基本流全表,True
v106,623,\\sect\{([^{}]+)\},叠加题总流程,叠加题总流程,1,叠加题总流程,True
v106,625,\\sect\{([^{}]+)\},半圆柱/半体绕流,半圆柱|半体绕流,2,半圆柱|半体绕流,True
v106,627,\\sect\{([^{}]+)\},镜像法常见组合,镜像法常见组合,1,镜像法常见组合,True
v106,629,\\sect\{([^{}]+)\},圆柱绕流推导,圆柱绕流推导,1,圆柱绕流推导,True
v106,631,\\sect\{([^{}]+)\},圆柱压力和阻力,圆柱压力和阻力,1,圆柱压力和阻力,True
v106,633,\\sect\{([^{}]+)\},有环量圆柱/机翼,有环量圆柱|机翼,2,有环量圆柱|机翼,True
v106,635,\\sect\{([^{}]+)\},边角绕流,边角绕流,1,边角绕流,True
v106,637,\\sect\{([^{}]+)\},势流压力题,势流压力题,1,势流压力题,True
v106,640,\\sect\{([^{}]+)\},可压缩、喷管、激波模型速解,可压缩|喷管|激波模型速解,3,可压缩|喷管|激波模型速解,True
v106,641,\\sect\{([^{}]+)\},弹性模量/声速,弹性模量|声速,2,弹性模量|声速,True
v106,643,\\sect\{([^{}]+)\},飞机声音/马赫锥,飞机声音|马赫锥,2,飞机声音|马赫锥,True
v106,645,\\sect\{([^{}]+)\},滞止量题,滞止量题,1,滞止量题,True
v106,647,\\sect\{([^{}]+)\},收缩喷管背压型,收缩喷管背压型,1,收缩喷管背压型,True
v106,649,\\sect\{([^{}]+)\},Laval面积比型,Laval面积比型,1,Laval面积比型,True
v106,651,\\sect\{([^{}]+)\},可压文丘里流量计型,可压文丘里流量计型,1,可压文丘里流量计型,True
v106,653,\\sect\{([^{}]+)\},正激波关系型,正激波关系型,1,正激波关系型,True
v106,655,\\sect\{([^{}]+)\},斜激波/脱体激波型,斜激波|脱体激波型,2,斜激波|脱体激波型,True
v106,657,\\sect\{([^{}]+)\},PM膨胀/管外膨胀型,PM膨胀|管外膨胀型,2,PM膨胀|管外膨胀型,True
v106,659,\\sect\{([^{}]+)\},Laval管内正激波型,Laval管内正激波型,1,Laval管内正激波型,True
v106,661,\\sect\{([^{}]+)\},Laval背压图文字版,Laval背压图文字版,1,Laval背压图文字版,True
v106,663,\\sect\{([^{}]+)\},激波/膨胀选择,激波|膨胀选择,2,激波|膨胀选择,True
v106,666,\\sect\{([^{}]+)\},粘性流动、管流、边界层模型速解,粘性流动|管流|边界层模型速解,3,粘性流动|管流|边界层模型速解,True
v106,667,\\sect\{([^{}]+)\},N--S简化四句话,S简化四句话,1,S简化四句话,True
v106,669,\\sect\{([^{}]+)\},平板间层流,平板间层流,1,平板间层流,True
v106,671,\\sect\{([^{}]+)\},两层Couette型,两层Couette型,1,两层Couette型,True
v106,673,\\sect\{([^{}]+)\},倾斜平板流程,倾斜平板流程,1,倾斜平板流程,True
v106,675,\\sect\{([^{}]+)\},圆管H--P,圆管H,1,圆管H,True
v106,677,\\sect\{([^{}]+)\},管道湍流壁律,管道湍流壁律,1,管道湍流壁律,True
v106,679,\\sect\{([^{}]+)\},管内边界层厚度题,管内边界层厚度题,1,管内边界层厚度题,True
v106,681,\\sect\{([^{}]+)\},管路损失综合题,管路损失综合题,1,管路损失综合题,True
v106,683,\\sect\{([^{}]+)\},粗糙度使用,粗糙度使用,1,粗糙度使用,True
v106,685,\\sect\{([^{}]+)\},泵安装高度,泵安装高度,1,泵安装高度,True
v106,687,\\sect\{([^{}]+)\},水轮机功率,水轮机功率,1,水轮机功率,True
v106,689,\\sect\{([^{}]+)\},平板边界层/Blasius,平板边界层|Blasius,2,平板边界层|Blasius,True
v106,691,\\sect\{([^{}]+)\},湍流/转捩平板,湍流|转捩平板,2,湍流|转捩平板,True
v106,693,\\sect\{([^{}]+)\},平板外绕阻力型,平板外绕阻力型,1,平板外绕阻力型,True
v106,695,\\sect\{([^{}]+)\},边界层动量积分,边界层动量积分,1,边界层动量积分,True
v106,697,\\sect\{([^{}]+)\},分离/绕流阻力,分离|绕流阻力,2,分离|绕流阻力,True
v106,699,\\sect\{([^{}]+)\},Stokes小球,Stokes小球,1,Stokes小球,True
v106,702,\\sect\{([^{}]+)\},通用题干关键词套写索引,通用题干关键词套写索引,1,通用题干关键词套写索引,True
v106,703,\\sect\{([^{}]+)\},静水压/伯努利/动量,静水压|伯努利|动量,3,静水压|伯努利|动量,True
v106,705,\\sect\{([^{}]+)\},势函数/流函数/圆柱/镜像/机翼,势函数|流函数|圆柱|镜像|机翼,5,势函数|流函数|圆柱|镜像|机翼,True
v106,707,\\sect\{([^{}]+)\},速度场/连续/有旋/无旋/剪切板,速度场|连续|有旋|无旋|剪切板,5,速度场|连续|有旋|无旋|剪切板,True
v106,709,\\sect\{([^{}]+)\},喷管/背压/阻塞/质量流量,喷管|背压|阻塞|质量流量,4,喷管|背压|阻塞|质量流量,True
v106,711,\\sect\{([^{}]+)\},激波/斜激波/膨胀波/超声速转角,激波|斜激波|膨胀波|超声速转角,4,激波|斜激波|膨胀波|超声速转角,True
v106,713,\\sect\{([^{}]+)\},N-S简化/H-P/Couette/两层流体/Stokes,S简化|Couette|两层流体|Stokes,4,S简化|Couette|两层流体|Stokes,True
v106,715,\\sect\{([^{}]+)\},边界层/壁律/泵吸水/水轮机,边界层|壁律|泵吸水|水轮机,4,边界层|壁律|泵吸水|水轮机,True
v106,717,\\sect\{([^{}]+)\},平板边界层/摩擦阻力/分离,平板边界层|摩擦阻力|分离,3,平板边界层|摩擦阻力|分离,True
v106,719,\\sect\{([^{}]+)\},表值未算出时,表值未算出时,1,表值未算出时,True
v106,721,\\sect\{([^{}]+)\},标准卷面模板,标准卷面模板,1,标准卷面模板,True
v106,724,\\sect\{([^{}]+)\},通用数值题公式链骨架,通用数值题公式链骨架,1,通用数值题公式链骨架,True
v106,725,\\sect\{([^{}]+)\},压缩性/弹性模量,压缩性|弹性模量,2,压缩性|弹性模量,True
v106,727,\\sect\{([^{}]+)\},马赫锥/扰动传播,马赫锥|扰动传播,2,马赫锥|扰动传播,True
v106,729,\\sect\{([^{}]+)\},Laval出口外膨胀,Laval出口外膨胀,1,Laval出口外膨胀,True
v106,731,\\sect\{([^{}]+)\},管内湍流壁律厚度,管内湍流壁律厚度,1,管内湍流壁律厚度,True
v106,733,\\sect\{([^{}]+)\},泵吸水安装高度/汽蚀,泵吸水安装高度|汽蚀,2,泵吸水安装高度|汽蚀,True
v106,735,\\sect\{([^{}]+)\},水轮机/泵管路功率,水轮机|泵管路功率,2,水轮机|泵管路功率,True
v106,737,\\sect\{([^{}]+)\},平板边界层阻力,平板边界层阻力,1,平板边界层阻力,True
v106,739,\\sect\{([^{}]+)\},应力张量指定平面,应力张量指定平面,1,应力张量指定平面,True
v106,741,\\sect\{([^{}]+)\},圆柱/物面压力积分,圆柱|物面压力积分,2,圆柱|物面压力积分,True
v106,744,\\sect\{([^{}]+)\},教材可查表项目和速查表衔接,教材可查表项目和速查表衔接,1,教材可查表项目和速查表衔接,True
v106,745,\\sect\{([^{}]+)\},Moody图怎么用,Moody图怎么用,1,Moody图怎么用,True
v106,747,\\sect\{([^{}]+)\},面积--马赫数表怎么用,面积|马赫数表怎么用,2,面积|马赫数表怎么用,True
v106,749,\\sect\{([^{}]+)\},正激波表怎么用,正激波表怎么用,1,正激波表怎么用,True
v106,751,\\sect\{([^{}]+)\},斜激波表怎么用,斜激波表怎么用,1,斜激波表怎么用,True
v106,753,\\sect\{([^{}]+)\},PM函数表怎么用,PM函数表怎么用,1,PM函数表怎么用,True
v106,755,\\sect\{([^{}]+)\},阻力系数图怎么用,阻力系数图怎么用,1,阻力系数图怎么用,True
v106,758,\\sect\{([^{}]+)\},高风险易混概念对照,高风险易混概念对照,1,高风险易混概念对照,True
v106,759,\\sect\{([^{}]+)\},"$p_0,p^*,p_e,p_b$",,0,,False
v106,761,\\sect\{([^{}]+)\},喉部、临界、阻塞,喉部|临界|阻塞,3,喉部|临界|阻塞,True
v106,763,\\sect\{([^{}]+)\},亚声速/超声速面积效应,亚声速|超声速面积效应,2,亚声速|超声速面积效应,True
v106,765,\\sect\{([^{}]+)\},激波和膨胀波,激波和膨胀波,1,激波和膨胀波,True
v106,767,\\sect\{([^{}]+)\},层流/湍流/边界层,层流|湍流|边界层,3,层流|湍流|边界层,True
v106,769,\\sect\{([^{}]+)\},平均速度/最大速度/摩擦速度,平均速度|最大速度|摩擦速度,3,平均速度|最大速度|摩擦速度,True
v106,771,\\sect\{([^{}]+)\},表面积/迎风面积/截面积,表面积|迎风面积|截面积,3,表面积|迎风面积|截面积,True
v106,773,\\sect\{([^{}]+)\},局部损失/沿程损失,局部损失|沿程损失,2,局部损失|沿程损失,True
v106,775,\\sect\{([^{}]+)\},绝压/表压,绝压|表压,2,绝压|表压,True
v106,778,\\sect\{([^{}]+)\},按题干关键词选公式,按题干关键词选公式,1,按题干关键词选公式,True
v106,779,\\sect\{([^{}]+)\},“不可压无旋”,“不可压无旋”,1,“不可压无旋”,True
v106,781,\\sect\{([^{}]+)\},“定常一维绝热”,“定常一维绝热”,1,“定常一维绝热”,True
v106,783,\\sect\{([^{}]+)\},“平均时均速度”,“平均时均速度”,1,“平均时均速度”,True
v106,785,\\sect\{([^{}]+)\},“小球Re<1”,“小球Re<,1,“小球Re<,True
v106,787,\\sect\{([^{}]+)\},“完全发展”,“完全发展”,1,“完全发展”,True
v106,789,\\sect\{([^{}]+)\},“无压差Couette”,“无压差Couette”,1,“无压差Couette”,True
v106,791,\\sect\{([^{}]+)\},“逆压梯度”,“逆压梯度”,1,“逆压梯度”,True
v106,793,\\sect\{([^{}]+)\},“背压降低”,“背压降低”,1,“背压降低”,True
v106,795,\\sect\{([^{}]+)\},“压力中心/形心”,“压力中心|形心”,2,“压力中心|形心”,True
v106,798,\\sect\{([^{}]+)\},计算细节防错,计算细节防错,1,计算细节防错,True
v106,799,\\sect\{([^{}]+)\},单位统一,单位统一,1,单位统一,True
v106,801,\\sect\{([^{}]+)\},截面积,截面积,1,截面积,True
v106,803,\\sect\{([^{}]+)\},水头与压力,水头与压力,1,水头与压力,True
v106,805,\\sect\{([^{}]+)\},查表/异常回退,查表|异常回退,2,查表|异常回退,True
v106,807,\\sect\{([^{}]+)\},答案量纲检查,答案量纲检查,1,答案量纲检查,True
v106,809,\\sect\{([^{}]+)\},方向检查,方向检查,1,方向检查,True
v106,811,\\sect\{([^{}]+)\},结果合理性,结果合理性,1,结果合理性,True
v106,814,\\sect\{([^{}]+)\},可直接写的结论句,可直接写的结论句,1,可直接写的结论句,True
v106,815,\\sect\{([^{}]+)\},势流结论句,势流结论句,1,势流结论句,True
v106,817,\\sect\{([^{}]+)\},达朗贝尔佯谬句,达朗贝尔佯谬句,1,达朗贝尔佯谬句,True
v106,819,\\sect\{([^{}]+)\},边界层句,边界层句,1,边界层句,True
v106,821,\\sect\{([^{}]+)\},管流损失句,管流损失句,1,管流损失句,True
v106,823,\\sect\{([^{}]+)\},激波句,激波句,1,激波句,True
v106,825,\\sect\{([^{}]+)\},膨胀波句,膨胀波句,1,膨胀波句,True
v106,827,\\sect\{([^{}]+)\},阻塞句,阻塞句,1,阻塞句,True
v106,829,\\sect\{([^{}]+)\},湍流句,湍流句,1,湍流句,True
v106,832,\\sect\{([^{}]+)\},题图识别+查表+公式链,题图识别+查表+公式链,1,题图识别+查表+公式链,True
v106,833,\\sect\{([^{}]+)\},题图一眼选模型,题图一眼选模型,1,题图一眼选模型,True
v106,847,\\sect\{([^{}]+)\},小查表：空气等熵/PM,小查表|空气等熵|PM,3,小查表|空气等熵|PM,True
v106,858,\\sect\{([^{}]+)\},小查表：正激波/光滑管,小查表|正激波|光滑管,3,小查表|正激波|光滑管,True
v106,861,\\sect\{([^{}]+)\},量纲相似满分模板,量纲相似满分模板,1,量纲相似满分模板,True
v106,866,\\sect\{([^{}]+)\},公式链：已知-中间量-目标量,公式链|已知|中间量|目标量,4,公式链|已知|中间量|目标量,True
v106,869,\\sect\{([^{}]+)\},按图像补充的模型第一步,按图像补充的模型第一步,1,按图像补充的模型第一步,True
v106,870,\\sect\{([^{}]+)\},玻璃弯管放水,玻璃弯管放水,1,玻璃弯管放水,True
v106,872,\\sect\{([^{}]+)\},半圆柱/圆柱浮起,半圆柱|圆柱浮起,2,半圆柱|圆柱浮起,True
v106,874,\\sect\{([^{}]+)\},点源靠壁最大速度,点源靠壁最大速度,1,点源靠壁最大速度,True
v106,876,\\sect\{([^{}]+)\},水下半圆球/半圆柱开孔,水下半圆球|半圆柱开孔,2,水下半圆球|半圆柱开孔,True
v106,878,\\sect\{([^{}]+)\},粘性圆管入口发展,粘性圆管入口发展,1,粘性圆管入口发展,True
v106,880,\\sect\{([^{}]+)\},雷诺输运定理题,雷诺输运定理题,1,雷诺输运定理题,True
v106,882,\\sect\{([^{}]+)\},LES/DNS/RANS概念,LES|DNS|RANS概念,3,LES|DNS|RANS概念,True
v106,884,\\sect\{([^{}]+)\},雷诺应力,雷诺应力,1,雷诺应力,True
v106,886,\\sect\{([^{}]+)\},混合长度,混合长度,1,混合长度,True
v106,888,\\sect\{([^{}]+)\},边界层厚度种类,边界层厚度种类,1,边界层厚度种类,True
v106,891,\\sect\{([^{}]+)\},动力学/应力题干模型压缩,动力学|应力题干模型压缩,2,动力学|应力题干模型压缩,True
v106,892,\\sect\{([^{}]+)\},应力张量+指定平面,应力张量+指定平面,1,应力张量+指定平面,True
v106,894,\\sect\{([^{}]+)\},圆柱切平面M点应力,圆柱切平面M点应力,1,圆柱切平面M点应力,True
v106,896,\\sect\{([^{}]+)\},给应力分布求平面上一点,给应力分布求平面上一点,1,给应力分布求平面上一点,True
v106,898,\\sect\{([^{}]+)\},由$\nabla\cdot P=-\rho\bm f$求体力,nabla|cdot|P=|rho|bm|求体力,6,nabla|cdot|P=|rho|bm|求体力,True
v106,900,\\sect\{([^{}]+)\},正交曲线坐标散度,正交曲线坐标散度,1,正交曲线坐标散度,True
v106,903,\\sect\{([^{}]+)\},理想流体/势流题干模型压缩,理想流体|势流题干模型压缩,2,理想流体|势流题干模型压缩,True
v106,904,\\sect\{([^{}]+)\},环形路径速度环量,环形路径速度环量,1,环形路径速度环量,True
v106,906,\\sect\{([^{}]+)\},弯玻璃管放水,弯玻璃管放水,1,弯玻璃管放水,True
v106,908,\\sect\{([^{}]+)\},"速度场$u=3x^2-3y^2,v=-6xy$",速度场|u=|v=|xy,4,速度场|u=|v=|xy,True
v106,910,\\sect\{([^{}]+)\},"$u=2cxy,v=c(a^2+x^2-y^2)$",u=|cxy|v=c|+x,4,u=|cxy|v=c|+x,True
v106,912,\\sect\{([^{}]+)\},平板Couette流量,平板Couette流量,1,平板Couette流量,True
v106,914,\\sect\{([^{}]+)\},势流方程推导,势流方程推导,1,势流方程推导,True
v106,916,\\sect\{([^{}]+)\},均匀流绕圆柱推导题,均匀流绕圆柱推导题,1,均匀流绕圆柱推导题,True
v106,918,\\sect\{([^{}]+)\},点源/点汇/点涡叠加题,点源|点汇|点涡叠加题,3,点源|点汇|点涡叠加题,True
v106,920,\\sect\{([^{}]+)\},边角流动题,边角流动题,1,边角流动题,True
v106,923,\\sect\{([^{}]+)\},势流应用题干模型压缩,势流应用题干模型压缩,1,势流应用题干模型压缩,True
v106,924,\\sect\{([^{}]+)\},均匀流绕长钝体上坡,均匀流绕长钝体上坡,1,均匀流绕长钝体上坡,True
v106,926,\\sect\{([^{}]+)\},半圆柱屋顶受升力,半圆柱屋顶受升力,1,半圆柱屋顶受升力,True
v106,928,\\sect\{([^{}]+)\},半圆柱水底浮起,半圆柱水底浮起,1,半圆柱水底浮起,True
v106,930,\\sect\{([^{}]+)\},壁面点源最大速度,壁面点源最大速度,1,壁面点源最大速度,True
v106,933,\\sect\{([^{}]+)\},可压缩流动题干模型压缩,可压缩流动题干模型压缩,1,可压缩流动题干模型压缩,True
v106,934,\\sect\{([^{}]+)\},收缩喷管背压,收缩喷管背压,1,收缩喷管背压,True
v106,936,\\sect\{([^{}]+)\},Laval无激波,Laval无激波,1,Laval无激波,True
v106,938,\\sect\{([^{}]+)\},可压文丘里流量计,可压文丘里流量计,1,可压文丘里流量计,True
v106,940,\\sect\{([^{}]+)\},喷管背压状态判断,喷管背压状态判断,1,喷管背压状态判断,True
v106,942,\\sect\{([^{}]+)\},正激波,正激波,1,正激波,True
v106,944,\\sect\{([^{}]+)\},运动正激波撞墙反射,运动正激波撞墙反射,1,运动正激波撞墙反射,True
v106,946,\\sect\{([^{}]+)\},斜激波,斜激波,1,斜激波,True
v106,948,\\sect\{([^{}]+)\},斜激波方程组,斜激波方程组,1,斜激波方程组,True
v106,950,\\sect\{([^{}]+)\},脱体激波,脱体激波,1,脱体激波,True
v106,952,\\sect\{([^{}]+)\},管外膨胀,管外膨胀,1,管外膨胀,True
v106,954,\\sect\{([^{}]+)\},管内激波,管内激波,1,管内激波,True
v106,956,\\sect\{([^{}]+)\},风洞/多波相交题,风洞|多波相交题,2,风洞|多波相交题,True
v106,958,\\sect\{([^{}]+)\},U型压差计+正激波,U型压差计+正激波,1,U型压差计+正激波,True
v106,961,\\sect\{([^{}]+)\},粘性流动题干模型压缩,粘性流动题干模型压缩,1,粘性流动题干模型压缩,True
v106,962,\\sect\{([^{}]+)\},Re判层/湍,Re判层,1,Re判层,True
v106,964,\\sect\{([^{}]+)\},圆管层流压降,圆管层流压降,1,圆管层流压降,True
v106,966,\\sect\{([^{}]+)\},小球Stokes阻力,小球Stokes阻力,1,小球Stokes阻力,True
v106,968,\\sect\{([^{}]+)\},两层流体剪切,两层流体剪切,1,两层流体剪切,True
v106,970,\\sect\{([^{}]+)\},小球低Re终速,小球低Re终速,1,小球低Re终速,True
v106,972,\\sect\{([^{}]+)\},管内层流三方向,管内层流三方向,1,管内层流三方向,True
v106,974,\\sect\{([^{}]+)\},倾斜平板层流,倾斜平板层流,1,倾斜平板层流,True
v106,976,\\sect\{([^{}]+)\},物面条件证明,物面条件证明,1,物面条件证明,True
v106,978,\\sect\{([^{}]+)\},流函数Poisson方程,流函数Poisson方程,1,流函数Poisson方程,True
v106,980,\\sect\{([^{}]+)\},平板边界层混合,平板边界层混合,1,平板边界层混合,True
v106,982,\\sect\{([^{}]+)\},圆管湍流平均速度公式,圆管湍流平均速度公式,1,圆管湍流平均速度公式,True
v106,985,\\sect\{([^{}]+)\},常见问法到首行公式,常见问法到首行公式,1,常见问法到首行公式,True
v106,986,\\sect\{([^{}]+)\},“证明满足连续方程”,“证明满足连续方程”,1,“证明满足连续方程”,True
v106,988,\\sect\{([^{}]+)\},“判断有旋否”,“判断有旋否”,1,“判断有旋否”,True
v106,990,\\sect\{([^{}]+)\},“写流线方程”,“写流线方程”,1,“写流线方程”,True
v106,992,\\sect\{([^{}]+)\},“写迹线方程”,“写迹线方程”,1,“写迹线方程”,True
v106,994,\\sect\{([^{}]+)\},“求流量”,“求流量”,1,“求流量”,True
v106,996,\\sect\{([^{}]+)\},“求剪应力”,“求剪应力”,1,“求剪应力”,True
v106,998,\\sect\{([^{}]+)\},“求压强分布”,“求压强分布”,1,“求压强分布”,True
v106,1000,\\sect\{([^{}]+)\},“求升力/阻力”,“求升力|阻力”,2,“求升力|阻力”,True
v106,1002,\\sect\{([^{}]+)\},“求功率”,“求功率”,1,“求功率”,True
v106,1004,\\sect\{([^{}]+)\},“判断能不能用伯努利”,“判断能不能用伯努利”,1,“判断能不能用伯努利”,True
v106,1006,\\sect\{([^{}]+)\},“判断阻塞”,“判断阻塞”,1,“判断阻塞”,True
v106,1008,\\sect\{([^{}]+)\},“判断激波位置”,“判断激波位置”,1,“判断激波位置”,True
v106,1010,\\sect\{([^{}]+)\},“判断边界层层流湍流”,“判断边界层层流湍流”,1,“判断边界层层流湍流”,True
v106,1012,\\sect\{([^{}]+)\},“判断分离”,“判断分离”,1,“判断分离”,True
v106,1015,\\sect\{([^{}]+)\},通用组合模型：压缩公式链,通用组合模型|压缩公式链,2,通用组合模型|压缩公式链,True
v106,1016,\\sect\{([^{}]+)\},静水压+铰链,静水压+铰链,1,静水压+铰链,True
v106,1018,\\sect\{([^{}]+)\},曲面压力+浮力,曲面压力+浮力,1,曲面压力+浮力,True
v106,1020,\\sect\{([^{}]+)\},U管+加速度,U管+加速度,1,U管+加速度,True
v106,1022,\\sect\{([^{}]+)\},速度场+势函数,速度场+势函数,1,速度场+势函数,True
v106,1024,\\sect\{([^{}]+)\},速度场+应力,速度场+应力,1,速度场+应力,True
v106,1026,\\sect\{([^{}]+)\},伯努利+动量,伯努利+动量,1,伯努利+动量,True
v106,1028,\\sect\{([^{}]+)\},泵+管路损失,泵+管路损失,1,泵+管路损失,True
v106,1030,\\sect\{([^{}]+)\},水轮机+压力表,水轮机+压力表,1,水轮机+压力表,True
v106,1032,\\sect\{([^{}]+)\},收缩喷管+背压,收缩喷管+背压,1,收缩喷管+背压,True
v106,1034,\\sect\{([^{}]+)\},Laval+面积比,Laval+面积比,1,Laval+面积比,True
v106,1036,\\sect\{([^{}]+)\},Laval+内激波,Laval+内激波,1,Laval+内激波,True
v106,1038,\\sect\{([^{}]+)\},斜激波+PM,斜激波+PM,1,斜激波+PM,True
v106,1040,\\sect\{([^{}]+)\},边界层+平板阻力,边界层+平板阻力,1,边界层+平板阻力,True
v106,1042,\\sect\{([^{}]+)\},湍流壁律+管内厚度,湍流壁律+管内厚度,1,湍流壁律+管内厚度,True
v106,1044,\\sect\{([^{}]+)\},Stokes小球+沉降,Stokes小球+沉降,1,Stokes小球+沉降,True
v106,1046,\\sect\{([^{}]+)\},相似准则,相似准则,1,相似准则,True
v106,1048,\\sect\{([^{}]+)\},空化,空化,1,空化,True
v106,1050,\\sect\{([^{}]+)\},流量计,流量计,1,流量计,True
v106,1052,\\sect\{([^{}]+)\},水击/声速概念,水击|声速概念,2,水击|声速概念,True
v106,1054,\\sect\{([^{}]+)\},自由涡,自由涡,1,自由涡,True
v106,1056,\\sect\{([^{}]+)\},强迫涡,强迫涡,1,强迫涡,True
v106,1058,\\sect\{([^{}]+)\},管嘴出流,管嘴出流,1,管嘴出流,True
v106,1060,\\sect\{([^{}]+)\},多出口分流,多出口分流,1,多出口分流,True
v106,1062,\\sect\{([^{}]+)\},压力恢复/扩压器,压力恢复|扩压器,2,压力恢复|扩压器,True
v106,1064,\\sect\{([^{}]+)\},雷诺平均,雷诺平均,1,雷诺平均,True
v106,1067,\\sect\{([^{}]+)\},完整公式清单：按物理量查,完整公式清单|按物理量查,2,完整公式清单|按物理量查,True
v106,1068,\\sect\{([^{}]+)\},密度/压强/温度,密度|压强|温度,3,密度|压强|温度,True
v106,1070,\\sect\{([^{}]+)\},速度/流量,速度|流量,2,速度|流量,True
v106,1072,\\sect\{([^{}]+)\},水头,水头,1,水头,True
v106,1074,\\sect\{([^{}]+)\},沿程损失,沿程损失,1,沿程损失,True
v106,1076,\\sect\{([^{}]+)\},局部损失,局部损失,1,局部损失,True
v106,1078,\\sect\{([^{}]+)\},动量通量,动量通量,1,动量通量,True
v106,1080,\\sect\{([^{}]+)\},能量修正系数,能量修正系数,1,能量修正系数,True
v106,1082,\\sect\{([^{}]+)\},剪应力,剪应力,1,剪应力,True
v106,1084,\\sect\{([^{}]+)\},雷诺数,雷诺数,1,雷诺数,True
v106,1086,\\sect\{([^{}]+)\},马赫数和总量,马赫数和总量,1,马赫数和总量,True
v106,1088,\\sect\{([^{}]+)\},临界量,临界量,1,临界量,True
v106,1090,\\sect\{([^{}]+)\},面积--马赫,面积|马赫,2,面积|马赫,True
v106,1092,\\sect\{([^{}]+)\},质量流量可压,质量流量可压,1,质量流量可压,True
v106,1094,\\sect\{([^{}]+)\},正激波,正激波,1,正激波,True
v106,1096,\\sect\{([^{}]+)\},斜激波,斜激波,1,斜激波,True
v106,1098,\\sect\{([^{}]+)\},PM/Prandtl-Meyer函数,PM|Prandtl|Meyer函数,3,PM|Prandtl|Meyer函数,True
v106,1100,\\sect\{([^{}]+)\},平板层流Blasius,平板层流Blasius,1,平板层流Blasius,True
v106,1102,\\sect\{([^{}]+)\},平板边界层湍流,平板边界层湍流,1,平板边界层湍流,True
v106,1104,\\sect\{([^{}]+)\},边界层积分,边界层积分,1,边界层积分,True
v106,1106,\\sect\{([^{}]+)\},Stokes,Stokes,1,Stokes,True
v106,1108,\\sect\{([^{}]+)\},势流基本关系,势流基本关系,1,势流基本关系,True
v106,1110,\\sect\{([^{}]+)\},圆柱绕流,圆柱绕流,1,圆柱绕流,True
v106,1112,\\sect\{([^{}]+)\},环量升力,环量升力,1,环量升力,True
v106,1115,\\sect\{([^{}]+)\},符号解释表：看到符号就知道干什么,符号解释表|看到符号就知道干什么,2,符号解释表|看到符号就知道干什么,True
v106,1116,\\sect\{([^{}]+)\},"$\rho,\mu,\nu$",rho|mu|nu,3,rho|mu|nu,True
v106,1118,\\sect\{([^{}]+)\},"$Q,\dot m,V,\bar u$",dot|bar,2,dot|bar,True
v106,1120,\\sect\{([^{}]+)\},"$p,p_g,p_0,p^*$",,0,,False
v106,1122,\\sect\{([^{}]+)\},"$A,A^*,A_t,A_e$",,0,,False
v106,1124,\\sect\{([^{}]+)\},"$h_f,h_\zeta,H_p,H_T$",zeta,1,zeta,True
v106,1126,\\sect\{([^{}]+)\},"$\lambda,\zeta,C_D,C_f$",lambda|zeta,2,lambda|zeta,True
v106,1128,\\sect\{([^{}]+)\},"$\delta,\delta^*,\theta$",delta|delta|theta,3,delta|delta|theta,True
v106,1130,\\sect\{([^{}]+)\},"$u_\tau,y^+,u^+$",tau,1,tau,True
v106,1132,\\sect\{([^{}]+)\},"$M,\mu,\beta,\theta$",mu|beta|theta,3,mu|beta|theta,True
v106,1134,\\sect\{([^{}]+)\},$\nu(M)$,nu,1,nu,True
v106,1137,\\sect\{([^{}]+)\},分支流程：从条件到公式,分支流程|从条件到公式,2,分支流程|从条件到公式,True
v106,1138,\\sect\{([^{}]+)\},流程A：给速度场,流程A|给速度场,2,流程A|给速度场,True
v106,1140,\\sect\{([^{}]+)\},流程B：给静止液体图,流程B|给静止液体图,2,流程B|给静止液体图,True
v106,1142,\\sect\{([^{}]+)\},流程C：给管路图,流程C|给管路图,2,流程C|给管路图,True
v106,1144,\\sect\{([^{}]+)\},流程D：给喷管图,流程D|给喷管图,2,流程D|给喷管图,True
v106,1146,\\sect\{([^{}]+)\},流程E：给激波图,流程E|给激波图,2,流程E|给激波图,True
v106,1148,\\sect\{([^{}]+)\},流程F：给边界层/平板,流程F|给边界层|平板,3,流程F|给边界层|平板,True
v106,1150,\\sect\{([^{}]+)\},流程G：给层流解析,流程G|给层流解析,2,流程G|给层流解析,True
v106,1152,\\sect\{([^{}]+)\},流程H：给相似/量纲,流程H|给相似|量纲,3,流程H|给相似|量纲,True
v106,1155,\\sect\{([^{}]+)\},易错点逐条排雷,易错点逐条排雷,1,易错点逐条排雷,True
v106,1156,\\sect\{([^{}]+)\},错1：把背压当出口压,把背压当出口压,1,把背压当出口压,True
v106,1158,\\sect\{([^{}]+)\},错2：把0.528到处用,到处用,1,到处用,True
v106,1160,\\sect\{([^{}]+)\},错3：激波后继续用原$p_0$,激波后继续用原,1,激波后继续用原,True
v106,1162,\\sect\{([^{}]+)\},错4：面积比支路选错,面积比支路选错,1,面积比支路选错,True
v106,1164,\\sect\{([^{}]+)\},错5：H--P用于湍流,P用于湍流,1,P用于湍流,True
v106,1166,\\sect\{([^{}]+)\},错6：平板阻力用截面积,平板阻力用截面积,1,平板阻力用截面积,True
v106,1168,\\sect\{([^{}]+)\},错7：压力中心公式乱用,压力中心公式乱用,1,压力中心公式乱用,True
v106,1170,\\sect\{([^{}]+)\},错8：动量方程标量化,动量方程标量化,1,动量方程标量化,True
v106,1172,\\sect\{([^{}]+)\},错9：局部损失速度取错,局部损失速度取错,1,局部损失速度取错,True
v106,1174,\\sect\{([^{}]+)\},错10：表压绝压混用,表压绝压混用,1,表压绝压混用,True
v106,1176,\\sect\{([^{}]+)\},错11：PM压缩也用,PM压缩也用,1,PM压缩也用,True
v106,1178,\\sect\{([^{}]+)\},错12：边界层厚度和管半径混,边界层厚度和管半径混,1,边界层厚度和管半径混,True
v106,1180,\\sect\{([^{}]+)\},错13：把流函数当势函数,把流函数当势函数,1,把流函数当势函数,True
v106,1182,\\sect\{([^{}]+)\},错14：源涡原点直接用,源涡原点直接用,1,源涡原点直接用,True
v106,1184,\\sect\{([^{}]+)\},错15：忘记单位换算,忘记单位换算,1,忘记单位换算,True
v106,1187,\\sect\{([^{}]+)\},详细小模板：把答案写得像标准解,详细小模板|把答案写得像标准解,2,详细小模板|把答案写得像标准解,True
v106,1188,\\sect\{([^{}]+)\},标准解模板：静水压,标准解模板|静水压,2,标准解模板|静水压,True
v106,1190,\\sect\{([^{}]+)\},标准解模板：动量,标准解模板|动量,2,标准解模板|动量,True
v106,1192,\\sect\{([^{}]+)\},标准解模板：管路,标准解模板|管路,2,标准解模板|管路,True
v106,1194,\\sect\{([^{}]+)\},标准解模板：N--S层流,标准解模板|S层流,2,标准解模板|S层流,True
v106,1196,\\sect\{([^{}]+)\},标准解模板：势流,标准解模板|势流,2,标准解模板|势流,True
v106,1198,\\sect\{([^{}]+)\},标准解模板：喷管,标准解模板|喷管,2,标准解模板|喷管,True
v106,1200,\\sect\{([^{}]+)\},标准解模板：激波,标准解模板|激波,2,标准解模板|激波,True
v106,1202,\\sect\{([^{}]+)\},标准解模板：边界层,标准解模板|边界层,2,标准解模板|边界层,True
v106,1204,\\sect\{([^{}]+)\},标准解模板：相似,标准解模板|相似,2,标准解模板|相似,True
v106,1207,\\sect\{([^{}]+)\},补充模型：自由面与涡,补充模型|自由面与涡,2,补充模型|自由面与涡,True
v106,1208,\\sect\{([^{}]+)\},自由涡液面,自由涡液面,1,自由涡液面,True
v106,1210,\\sect\{([^{}]+)\},强迫涡液面,强迫涡液面,1,强迫涡液面,True
v106,1212,\\sect\{([^{}]+)\},复合涡,复合涡,1,复合涡,True
v106,1214,\\sect\{([^{}]+)\},Rankine卵形,Rankine卵形,1,Rankine卵形,True
v106,1216,\\sect\{([^{}]+)\},偶极子物理意义,偶极子物理意义,1,偶极子物理意义,True
v106,1218,\\sect\{([^{}]+)\},机翼升力,机翼升力,1,机翼升力,True
v106,1221,\\sect\{([^{}]+)\},查表与优先级索引,查表与优先级索引,1,查表与优先级索引,True
v106,1222,\\sect\{([^{}]+)\},教材查找建议,教材查找建议,1,教材查找建议,True
v106,1224,\\sect\{([^{}]+)\},考试先后顺序,考试先后顺序,1,考试先后顺序,True
v106,1226,\\sect\{([^{}]+)\},数值题通用检查,数值题通用检查,1,数值题通用检查,True
v106,1228,\\sect\{([^{}]+)\},概念题通用答法,概念题通用答法,1,概念题通用答法,True
v106,1230,\\sect\{([^{}]+)\},证明题通用答法,证明题通用答法,1,证明题通用答法,True
v106,1232,\\sect\{([^{}]+)\},图像题通用答法,图像题通用答法,1,图像题通用答法,True
v106,1234,\\sect\{([^{}]+)\},答题纸三行骨架,答题纸三行骨架,1,答题纸三行骨架,True
v106,1237,\\sect\{([^{}]+)\},高频小问速答,高频小问速答,1,高频小问速答,True
v106,1238,\\sect\{([^{}]+)\},为什么应力张量对称,为什么应力张量对称,1,为什么应力张量对称,True
v106,1240,\\sect\{([^{}]+)\},为什么有流函数,为什么有流函数,1,为什么有流函数,True
v106,1242,\\sect\{([^{}]+)\},为什么有势函数,为什么有势函数,1,为什么有势函数,True
v106,1244,\\sect\{([^{}]+)\},为什么Laplace,为什么Laplace,1,为什么Laplace,True
v106,1246,\\sect\{([^{}]+)\},为什么Bernoulli沿流线,为什么Bernoulli沿流线,1,为什么Bernoulli沿流线,True
v106,1248,\\sect\{([^{}]+)\},为什么圆柱理想阻力为0,为什么圆柱理想阻力为,1,为什么圆柱理想阻力为,True
v106,1250,\\sect\{([^{}]+)\},为什么边界层存在,为什么边界层存在,1,为什么边界层存在,True
v106,1252,\\sect\{([^{}]+)\},为什么逆压梯度会分离,为什么逆压梯度会分离,1,为什么逆压梯度会分离,True
v106,1254,\\sect\{([^{}]+)\},为什么湍流阻力大,为什么湍流阻力大,1,为什么湍流阻力大,True
v106,1256,\\sect\{([^{}]+)\},为什么阻塞,为什么阻塞,1,为什么阻塞,True
v106,1258,\\sect\{([^{}]+)\},为什么激波总压下降,为什么激波总压下降,1,为什么激波总压下降,True
v106,1260,\\sect\{([^{}]+)\},为什么膨胀波等熵,为什么膨胀波等熵,1,为什么膨胀波等熵,True
v106,1262,\\sect\{([^{}]+)\},为什么斜激波用法向马赫数,为什么斜激波用法向马赫数,1,为什么斜激波用法向马赫数,True
v106,1264,\\sect\{([^{}]+)\},为什么Laval能超声速,为什么Laval能超声速,1,为什么Laval能超声速,True
v106,1266,\\sect\{([^{}]+)\},为什么粗糙度层流不用,为什么粗糙度层流不用,1,为什么粗糙度层流不用,True
v106,1268,\\sect\{([^{}]+)\},为什么平板局部/平均系数不同,为什么平板局部|平均系数不同,2,为什么平板局部|平均系数不同,True
v106,1270,\\sect\{([^{}]+)\},为什么两层流体剪应力连续,为什么两层流体剪应力连续,1,为什么两层流体剪应力连续,True
v106,1272,\\sect\{([^{}]+)\},为什么H--P抛物线,为什么H|P抛物线,2,为什么H|P抛物线,True
v106,1274,\\sect\{([^{}]+)\},为什么Stokes阻力与速度一次方成正比,为什么Stokes阻力与速度一次方成正比,1,为什么Stokes阻力与速度一次方成正比,True
v106,1276,\\sect\{([^{}]+)\},为什么管路损失用速度头,为什么管路损失用速度头,1,为什么管路损失用速度头,True
v106,1278,\\sect\{([^{}]+)\},为什么压力中心低于形心,为什么压力中心低于形心,1,为什么压力中心低于形心,True
v106,1280,\\sect\{([^{}]+)\},为什么动量方程要控制体,为什么动量方程要控制体,1,为什么动量方程要控制体,True
v106,1282,\\sect\{([^{}]+)\},为什么流量要积分,为什么流量要积分,1,为什么流量要积分,True
v106,1284,\\sect\{([^{}]+)\},为什么表压可为负,为什么表压可为负,1,为什么表压可为负,True
v106,1286,\\sect\{([^{}]+)\},为什么马赫数重要,为什么马赫数重要,1,为什么马赫数重要,True
v106,1288,\\sect\{([^{}]+)\},为什么扩压器易分离,为什么扩压器易分离,1,为什么扩压器易分离,True
v106,1290,\\sect\{([^{}]+)\},为什么泵入口最危险,为什么泵入口最危险,1,为什么泵入口最危险,True
v106,1292,\\sect\{([^{}]+)\},为什么水轮机要扣损失,为什么水轮机要扣损失,1,为什么水轮机要扣损失,True
v106,1294,\\sect\{([^{}]+)\},为什么圆管湍流用壁律,为什么圆管湍流用壁律,1,为什么圆管湍流用壁律,True
v106,1296,\\sect\{([^{}]+)\},为什么位移厚度叫位移,为什么位移厚度叫位移,1,为什么位移厚度叫位移,True
v106,1298,\\sect\{([^{}]+)\},为什么动量厚度重要,为什么动量厚度重要,1,为什么动量厚度重要,True
v106,1300,\\sect\{([^{}]+)\},为什么答案要写假设,为什么答案要写假设,1,为什么答案要写假设,True
v106,1303,\\sect\{([^{}]+)\},速算区：不用重新推的中间结果,速算区|不用重新推的中间结果,2,速算区|不用重新推的中间结果,True
v106,1304,\\sect\{([^{}]+)\},常用平方/根号,常用平方|根号,2,常用平方|根号,True
v106,1306,\\sect\{([^{}]+)\},常用水柱压强,常用水柱压强,1,常用水柱压强,True
v106,1308,\\sect\{([^{}]+)\},常用圆管面积,常用圆管面积,1,常用圆管面积,True
v106,1310,\\sect\{([^{}]+)\},空气等熵速算,空气等熵速算,1,空气等熵速算,True
v106,1312,\\sect\{([^{}]+)\},空气临界速算,空气临界速算,1,空气临界速算,True
v106,1314,\\sect\{([^{}]+)\},正激波空气$M_1=2$,正激波空气,1,正激波空气,True
v106,1316,\\sect\{([^{}]+)\},正激波空气$M_1=3$,正激波空气,1,正激波空气,True
v106,1318,\\sect\{([^{}]+)\},层流圆管速算,层流圆管速算,1,层流圆管速算,True
v106,1320,\\sect\{([^{}]+)\},H--P压降速算,P压降速算,1,P压降速算,True
v106,1322,\\sect\{([^{}]+)\},平板层流厚度速算,平板层流厚度速算,1,平板层流厚度速算,True
v106,1324,\\sect\{([^{}]+)\},平板层流阻力速算,平板层流阻力速算,1,平板层流阻力速算,True
v106,1326,\\sect\{([^{}]+)\},湍流平板阻力速算,湍流平板阻力速算,1,湍流平板阻力速算,True
v106,1328,\\sect\{([^{}]+)\},壁律厚度速算,壁律厚度速算,1,壁律厚度速算,True
v106,1330,\\sect\{([^{}]+)\},Stokes终速速算,Stokes终速速算,1,Stokes终速速算,True
v106,1332,\\sect\{([^{}]+)\},动量力速算,动量力速算,1,动量力速算,True
v106,1334,\\sect\{([^{}]+)\},泵功率速算,泵功率速算,1,泵功率速算,True
v106,1336,\\sect\{([^{}]+)\},粗糙度速算,粗糙度速算,1,粗糙度速算,True
v106,1338,\\sect\{([^{}]+)\},声速速算,声速速算,1,声速速算,True
v106,1340,\\sect\{([^{}]+)\},马赫角速算,马赫角速算,1,马赫角速算,True
v106,1342,\\sect\{([^{}]+)\},PM函数使用提醒,PM函数使用提醒,1,PM函数使用提醒,True
v106,1344,\\sect\{([^{}]+)\},斜激波弱解检查,斜激波弱解检查,1,斜激波弱解检查,True
v106,1346,\\sect\{([^{}]+)\},喷管状态数量级,喷管状态数量级,1,喷管状态数量级,True
v106,1348,\\sect\{([^{}]+)\},管路答案数量级,管路答案数量级,1,管路答案数量级,True
v106,1350,\\sect\{([^{}]+)\},压力中心数量级,压力中心数量级,1,压力中心数量级,True
v106,1352,\\sect\{([^{}]+)\},圆管层流剪应力,圆管层流剪应力,1,圆管层流剪应力,True
v106,1354,\\sect\{([^{}]+)\},局部损失数量级,局部损失数量级,1,局部损失数量级,True
v106,1356,\\sect\{([^{}]+)\},不可压近似,不可压近似,1,不可压近似,True
v106,1358,\\sect\{([^{}]+)\},题目读数顺序,题目读数顺序,1,题目读数顺序,True
v106,1360,\\sect\{([^{}]+)\},交卷前记忆卡,交卷前记忆卡,1,交卷前记忆卡,True
v106,1363,\\sect\{([^{}]+)\},展开型模板：按流程仿写,展开型模板|按流程仿写,2,展开型模板|按流程仿写,True
v106,1364,\\sect\{([^{}]+)\},模板：速度场流程,模板|速度场流程,2,模板|速度场流程,True
v106,1366,\\sect\{([^{}]+)\},模板：流线流程,模板|流线流程,2,模板|流线流程,True
v106,1368,\\sect\{([^{}]+)\},模板：迹线流程,模板|迹线流程,2,模板|迹线流程,True
v106,1370,\\sect\{([^{}]+)\},模板：应力流程,模板|应力流程,2,模板|应力流程,True
v106,1372,\\sect\{([^{}]+)\},模板：闸门流程,模板|闸门流程,2,模板|闸门流程,True
v106,1374,\\sect\{([^{}]+)\},模板：曲面流程,模板|曲面流程,2,模板|曲面流程,True
v106,1376,\\sect\{([^{}]+)\},模板：弯管流程,模板|弯管流程,2,模板|弯管流程,True
v106,1378,\\sect\{([^{}]+)\},模板：泵流程,模板|泵流程,2,模板|泵流程,True
v106,1380,\\sect\{([^{}]+)\},模板：水轮机流程,模板|水轮机流程,2,模板|水轮机流程,True
v106,1382,\\sect\{([^{}]+)\},模板：圆管层流流程,模板|圆管层流流程,2,模板|圆管层流流程,True
v106,1384,\\sect\{([^{}]+)\},模板：平板Couette流程,模板|平板Couette流程,2,模板|平板Couette流程,True
v106,1386,\\sect\{([^{}]+)\},模板：两层流流程,模板|两层流流程,2,模板|两层流流程,True
v106,1388,\\sect\{([^{}]+)\},模板：势流叠加流程,模板|势流叠加流程,2,模板|势流叠加流程,True
v106,1390,\\sect\{([^{}]+)\},模板：圆柱有环量流程,模板|圆柱有环量流程,2,模板|圆柱有环量流程,True
v106,1392,\\sect\{([^{}]+)\},模板：Laval喷管流程,模板|Laval喷管流程,2,模板|Laval喷管流程,True
v106,1394,\\sect\{([^{}]+)\},模板：正激波流程,模板|正激波流程,2,模板|正激波流程,True
v106,1396,\\sect\{([^{}]+)\},模板：斜激波流程,模板|斜激波流程,2,模板|斜激波流程,True
v106,1398,\\sect\{([^{}]+)\},模板：膨胀波流程,模板|膨胀波流程,2,模板|膨胀波流程,True
v106,1400,\\sect\{([^{}]+)\},模板：Blasius平板边界层,模板|Blasius平板边界层,2,模板|Blasius平板边界层,True
v106,1402,\\sect\{([^{}]+)\},模板：动量积分边界层,模板|动量积分边界层,2,模板|动量积分边界层,True
v106,1404,\\sect\{([^{}]+)\},模板：Stokes小球流程,模板|Stokes小球流程,2,模板|Stokes小球流程,True
v106,1407,\\sect\{([^{}]+)\},过程分骨架：算不完也能写,过程分骨架|算不完也能写,2,过程分骨架|算不完也能写,True
v106,1408,\\sect\{([^{}]+)\},压强题骨架,压强题骨架,1,压强题骨架,True
v106,1410,\\sect\{([^{}]+)\},速度场题骨架,速度场题骨架,1,速度场题骨架,True
v106,1412,\\sect\{([^{}]+)\},管路题骨架,管路题骨架,1,管路题骨架,True
v106,1414,\\sect\{([^{}]+)\},喷管题骨架,喷管题骨架,1,喷管题骨架,True
v106,1416,\\sect\{([^{}]+)\},激波题骨架,激波题骨架,1,激波题骨架,True
v106,1418,\\sect\{([^{}]+)\},边界层题骨架,边界层题骨架,1,边界层题骨架,True
v106,1420,\\sect\{([^{}]+)\},粘性解析题骨架,粘性解析题骨架,1,粘性解析题骨架,True
v106,1422,\\sect\{([^{}]+)\},概念题骨架,概念题骨架,1,概念题骨架,True
v106,1424,\\sect\{([^{}]+)\},证明题骨架,证明题骨架,1,证明题骨架,True
v106,1426,\\sect\{([^{}]+)\},单位题骨架,单位题骨架,1,单位题骨架,True
v106,1429,\\sect\{([^{}]+)\},高频模型一行公式链,高频模型一行公式链,1,高频模型一行公式链,True
v106,1430,\\sect\{([^{}]+)\},静水矩形窗,静水矩形窗,1,静水矩形窗,True
v106,1432,\\sect\{([^{}]+)\},静水圆形舱门,静水圆形舱门,1,静水圆形舱门,True
v106,1434,\\sect\{([^{}]+)\},浮力/吃水,浮力|吃水,2,浮力|吃水,True
v106,1436,\\sect\{([^{}]+)\},非恒定小孔出流,非恒定小孔出流,1,非恒定小孔出流,True
v106,1438,\\sect\{([^{}]+)\},皮托/静压管测速,皮托|静压管测速,2,皮托|静压管测速,True
v106,1440,\\sect\{([^{}]+)\},文丘里不可压流量,文丘里不可压流量,1,文丘里不可压流量,True
v106,1442,\\sect\{([^{}]+)\},喷嘴反力,喷嘴反力,1,喷嘴反力,True
v106,1444,\\sect\{([^{}]+)\},喷嘴法兰/螺栓,喷嘴法兰|螺栓,2,喷嘴法兰|螺栓,True
v106,1446,\\sect\{([^{}]+)\},平板拖曳阻力,平板拖曳阻力,1,平板拖曳阻力,True
v106,1448,\\sect\{([^{}]+)\},小球低Re阻力,小球低Re阻力,1,小球低Re阻力,True
v106,1450,\\sect\{([^{}]+)\},小球二次阻力终速,小球二次阻力终速,1,小球二次阻力终速,True
v106,1452,\\sect\{([^{}]+)\},圆管层流流量,圆管层流流量,1,圆管层流流量,True
v106,1454,\\sect\{([^{}]+)\},管内平均/最大速度,管内平均|最大速度,2,管内平均|最大速度,True
v106,1456,\\sect\{([^{}]+)\},局部突扩,局部突扩,1,局部突扩,True
v106,1458,\\sect\{([^{}]+)\},泵效率/轴功率,泵效率|轴功率,2,泵效率|轴功率,True
v106,1460,\\sect\{([^{}]+)\},水轮机效率/输出,水轮机效率|输出,2,水轮机效率|输出,True
v106,1462,\\sect\{([^{}]+)\},自由涡压差,自由涡压差,1,自由涡压差,True
v106,1464,\\sect\{([^{}]+)\},强迫涡压差,强迫涡压差,1,强迫涡压差,True
v106,1466,\\sect\{([^{}]+)\},声速,声速,1,声速,True
v106,1468,\\sect\{([^{}]+)\},滞止温度,滞止温度,1,滞止温度,True
v106,1470,\\sect\{([^{}]+)\},收缩管最大流量,收缩管最大流量,1,收缩管最大流量,True
v106,1472,\\sect\{([^{}]+)\},正激波后速度链,正激波后速度链,1,正激波后速度链,True
v106,1474,\\sect\{([^{}]+)\},PM膨胀压力比,PM膨胀压力比,1,PM膨胀压力比,True
v106,1476,\\sect\{([^{}]+)\},斜激波波角检查,斜激波波角检查,1,斜激波波角检查,True
v106,1478,\\sect\{([^{}]+)\},边界层位移厚度,边界层位移厚度,1,边界层位移厚度,True
v106,1480,\\sect\{([^{}]+)\},边界层动量厚度,边界层动量厚度,1,边界层动量厚度,True
v106,1482,\\sect\{([^{}]+)\},壁面剪应力,壁面剪应力,1,壁面剪应力,True
v106,1484,\\sect\{([^{}]+)\},两板间流量,两板间流量,1,两板间流量,True
v106,1486,\\sect\{([^{}]+)\},薄板两侧油膜剪力,薄板两侧油膜剪力,1,薄板两侧油膜剪力,True
v106,1488,\\sect\{([^{}]+)\},活塞/环隙油膜,活塞|环隙油膜,2,活塞|环隙油膜,True
v106,1490,\\sect\{([^{}]+)\},两层流体剪力,两层流体剪力,1,两层流体剪力,True
v106,1492,\\sect\{([^{}]+)\},气球受风偏角,气球受风偏角,1,气球受风偏角,True
v106,1494,\\sect\{([^{}]+)\},雷诺应力符号,雷诺应力符号,1,雷诺应力符号,True
v106,1496,\\sect\{([^{}]+)\},模型律,模型律,1,模型律,True
v106,1498,\\sect\{([^{}]+)\},模型力/压强换算,模型力|压强换算,2,模型力|压强换算,True
v106,1500,\\sect\{([^{}]+)\},答案末尾检查,答案末尾检查,1,答案末尾检查,True
v106,1503,\\sect\{([^{}]+)\},第六页补全：专题判断与查表子链,第六页补全|专题判断与查表子链,2,第六页补全|专题判断与查表子链,True
v106,1504,\\sect\{([^{}]+)\},喷管查表子链1,喷管查表子链,1,喷管查表子链,True
v106,1506,\\sect\{([^{}]+)\},喷管查表子链2,喷管查表子链,1,喷管查表子链,True
v106,1508,\\sect\{([^{}]+)\},激波查表子链,激波查表子链,1,激波查表子链,True
v106,1510,\\sect\{([^{}]+)\},斜激波查表子链,斜激波查表子链,1,斜激波查表子链,True
v106,1512,\\sect\{([^{}]+)\},PM查表子链,PM查表子链,1,PM查表子链,True
v106,1514,\\sect\{([^{}]+)\},Moody查图子链,Moody查图子链,1,Moody查图子链,True
v106,1516,\\sect\{([^{}]+)\},阻力图查图子链,阻力图查图子链,1,阻力图查图子链,True
v106,1518,\\sect\{([^{}]+)\},物性表查表子链,物性表查表子链,1,物性表查表子链,True
v106,1520,\\sect\{([^{}]+)\},惯性矩查表子链,惯性矩查表子链,1,惯性矩查表子链,True
v106,1522,\\sect\{([^{}]+)\},三角函数角度,三角函数角度,1,三角函数角度,True
v106,1525,\\sect\{([^{}]+)\},题目图像再识别,题目图像再识别,1,题目图像再识别,True
v106,1527,\\sect\{([^{}]+)\},图像：有大水面+管道+泵,图像|有大水面+管道+泵,2,图像|有大水面+管道+泵,True
v106,1529,\\sect\{([^{}]+)\},图像：管道变径,图像|管道变径,2,图像|管道变径,True
v106,1531,\\sect\{([^{}]+)\},图像：管道弯头,图像|管道弯头,2,图像|管道弯头,True
v106,1533,\\sect\{([^{}]+)\},图像：喷口射流,图像|喷口射流,2,图像|喷口射流,True
v106,1535,\\sect\{([^{}]+)\},图像：Laval喷管压力曲线,图像|Laval喷管压力曲线,2,图像|Laval喷管压力曲线,True
v106,1537,\\sect\{([^{}]+)\},图像：楔形物体,图像|楔形物体,2,图像|楔形物体,True
v106,1539,\\sect\{([^{}]+)\},图像：凹角/凸角,图像|凹角|凸角,3,图像|凹角|凸角,True
v106,1541,\\sect\{([^{}]+)\},图像：平板外流,图像|平板外流,2,图像|平板外流,True
v106,1543,\\sect\{([^{}]+)\},图像：圆柱/球外绕,图像|圆柱|球外绕,3,图像|圆柱|球外绕,True
v106,1545,\\sect\{([^{}]+)\},图像：两平板夹流体,图像|两平板夹流体,2,图像|两平板夹流体,True
v106,1547,\\sect\{([^{}]+)\},图像：同心圆管/环隙,图像|同心圆管|环隙,3,图像|同心圆管|环隙,True
v106,1549,\\sect\{([^{}]+)\},图像：旋转容器,图像|旋转容器,2,图像|旋转容器,True
v106,1551,\\sect\{([^{}]+)\},图像：自由涡水面,图像|自由涡水面,2,图像|自由涡水面,True
v106,1553,\\sect\{([^{}]+)\},图像：U形管振荡,图像|U形管振荡,2,图像|U形管振荡,True
v106,1556,\\sect\{([^{}]+)\},新卷通用定位矩阵：关键词$\to$模型,新卷通用定位矩阵|关键词|to|模型,4,新卷通用定位矩阵|关键词|to|模型,True
v106,1557,\\sect\{([^{}]+)\},第一眼先判“物质模型”,第一眼先判“物质模型”,1,第一眼先判“物质模型”,True
v106,1559,\\sect\{([^{}]+)\},题目问“求什么”,题目问“求什么”,1,题目问“求什么”,True
v106,1561,\\sect\{([^{}]+)\},"题干给速度场$u,v,w$",题干给速度场,1,题干给速度场,True
v106,1563,\\sect\{([^{}]+)\},题干给容器、液面、压差计、闸门,题干给容器|液面|压差计|闸门,4,题干给容器|液面|压差计|闸门,True
v106,1565,\\sect\{([^{}]+)\},题干给管路、泵、阀、弯头、粗糙度,题干给管路|弯头|粗糙度,3,题干给管路|弯头|粗糙度,True
v106,1567,\\sect\{([^{}]+)\},题干给喷嘴、射流、弯管受力,题干给喷嘴|射流|弯管受力,3,题干给喷嘴|射流|弯管受力,True
v106,1569,\\sect\{([^{}]+)\},"题干给$\phi,\psi,\Gamma$、源汇、圆柱、壁面",题干给|phi|psi|Gamma|源汇|圆柱|壁面,7,题干给|phi|psi|Gamma|源汇|圆柱|壁面,True
v106,1571,\\sect\{([^{}]+)\},"题干给$M,p_0,T_0,A^*,p_b$",题干给,1,题干给,True
v106,1573,\\sect\{([^{}]+)\},"题干给$\delta,C_f,C_D$或外绕物",题干给|delta|或外绕物,3,题干给|delta|或外绕物,True
v106,1575,\\sect\{([^{}]+)\},题干给模型、相似、无量纲,题干给模型|相似|无量纲,3,题干给模型|相似|无量纲,True
v106,1578,\\sect\{([^{}]+)\},新卷薄弱题通用补丁,新卷薄弱题通用补丁,1,新卷薄弱题通用补丁,True
v106,1579,\\sect\{([^{}]+)\},运动学长题,运动学长题,1,运动学长题,True
v106,1581,\\sect\{([^{}]+)\},连续/流函数/势函数证明,连续|流函数|势函数证明,3,连续|流函数|势函数证明,True
v106,1583,\\sect\{([^{}]+)\},相似律换算,相似律换算,1,相似律换算,True
v106,1585,\\sect\{([^{}]+)\},Buckingham易错,Buckingham易错,1,Buckingham易错,True
v106,1587,\\sect\{([^{}]+)\},边界层积分长题,边界层积分长题,1,边界层积分长题,True
v106,1589,\\sect\{([^{}]+)\},有压梯度/分离,有压梯度|分离,2,有压梯度|分离,True
v106,1591,\\sect\{([^{}]+)\},可压查表小表,可压查表小表,1,可压查表小表,True
v106,1593,\\sect\{([^{}]+)\},外绕流阻力图,外绕流阻力图,1,外绕流阻力图,True
v106,1595,\\sect\{([^{}]+)\},概念长答加分,概念长答加分,1,概念长答加分,True
v106,1598,\\sect\{([^{}]+)\},带教材查表/模型定位：补过程分,带教材查表|模型定位|补过程分,3,带教材查表|模型定位|补过程分,True
v106,1599,\\sect\{([^{}]+)\},查教材表三行格式,查教材表三行格式,1,查教材表三行格式,True
v106,1601,\\sect\{([^{}]+)\},模型冲突先判,模型冲突先判,1,模型冲突先判,True
v106,1603,\\sect\{([^{}]+)\},可压缩题查表入口,可压缩题查表入口,1,可压缩题查表入口,True
v106,1612,\\sect\{([^{}]+)\},粘性/阻力查表入口,粘性|阻力查表入口,2,粘性|阻力查表入口,True
v106,1621,\\sect\{([^{}]+)\},题干图像/文字不全时,题干图像|文字不全时,2,题干图像|文字不全时,True
v106,1623,\\sect\{([^{}]+)\},平板层流/矩形板摩擦型,平板层流|矩形板摩擦型,2,平板层流|矩形板摩擦型,True
v106,1625,\\sect\{([^{}]+)\},Laval管外膨胀/内激波/多波型,Laval管外膨胀|内激波|多波型,3,Laval管外膨胀|内激波|多波型,True
v106,1627,\\sect\{([^{}]+)\},复杂题考场流程,复杂题考场流程,1,复杂题考场流程,True
v106,1630,\\sect\{([^{}]+)\},数值替换模板,数值替换模板,1,数值替换模板,True
v106,1631,\\sect\{([^{}]+)\},模板：先写符号后代数,模板|先写符号后代数,2,模板|先写符号后代数,True
v106,1633,\\sect\{([^{}]+)\},模板：面积换算,模板|面积换算,2,模板|面积换算,True
v106,1635,\\sect\{([^{}]+)\},模板：速度换算,模板|速度换算,2,模板|速度换算,True
v106,1637,\\sect\{([^{}]+)\},模板：压强水头,模板|压强水头,2,模板|压强水头,True
v106,1639,\\sect\{([^{}]+)\},模板：雷诺数,模板|雷诺数,2,模板|雷诺数,True
v106,1641,\\sect\{([^{}]+)\},模板：损失水头,模板|损失水头,2,模板|损失水头,True
v106,1643,\\sect\{([^{}]+)\},模板：功率,模板|功率,2,模板|功率,True
v106,1645,\\sect\{([^{}]+)\},模板：风管/风扇,模板|风管|风扇,3,模板|风管|风扇,True
v106,1647,\\sect\{([^{}]+)\},模板：真空度/负表压,模板|真空度|负表压,3,模板|真空度|负表压,True
v106,1649,\\sect\{([^{}]+)\},模板：等熵压比,模板|等熵压比,2,模板|等熵压比,True
v106,1651,\\sect\{([^{}]+)\},模板：质量流量,模板|质量流量,2,模板|质量流量,True
v106,1653,\\sect\{([^{}]+)\},模板：压力中心,模板|压力中心,2,模板|压力中心,True
v106,1655,\\sect\{([^{}]+)\},模板：Stokes,模板|Stokes,2,模板|Stokes,True
v106,1657,\\sect\{([^{}]+)\},长推导/概念证明保分骨架,长推导|概念证明保分骨架,2,长推导|概念证明保分骨架,True
v106,1658,\\sect\{([^{}]+)\},证明题关键词卡,证明题关键词卡,1,证明题关键词卡,True
v106,1660,\\sect\{([^{}]+)\},流函数存在与物理意义,流函数存在与物理意义,1,流函数存在与物理意义,True
v106,1662,\\sect\{([^{}]+)\},速度势与单值性,速度势与单值性,1,速度势与单值性,True
v106,1664,\\sect\{([^{}]+)\},Kelvin定理推出Lagrange定理,Kelvin定理推出Lagrange定理,1,Kelvin定理推出Lagrange定理,True
v106,1666,\\sect\{([^{}]+)\},涡线、涡管、涡通量,涡线|涡管|涡通量,3,涡线|涡管|涡通量,True
v106,1668,\\sect\{([^{}]+)\},Helmholtz涡定理答句,Helmholtz涡定理答句,1,Helmholtz涡定理答句,True
v106,1670,\\sect\{([^{}]+)\},涡量矩/随体守恒题,涡量矩|随体守恒题,2,涡量矩|随体守恒题,True
v106,1672,\\sect\{([^{}]+)\},相似律严格答法,相似律严格答法,1,相似律严格答法,True
v106,1674,\\sect\{([^{}]+)\},Buckingham $\pi$写法,Buckingham|pi|写法,3,Buckingham|pi|写法,True
v106,1676,\\sect\{([^{}]+)\},边界层积分推导入口,边界层积分推导入口,1,边界层积分推导入口,True
v106,1678,\\sect\{([^{}]+)\},水击/水波最小保分,水击|水波最小保分,2,水击|水波最小保分,True
v106,1680,\\sect\{([^{}]+)\},坐标、单位、负号,坐标|单位|负号,3,坐标|单位|负号,True
v106,1683,\\sect\{([^{}]+)\},题图决策卡,题图决策卡,1,题图决策卡,True
v106,1684,\\sect\{([^{}]+)\},图里有“自由液面”,图里有“自由液面”,1,图里有“自由液面”,True
v106,1686,\\sect\{([^{}]+)\},图里有“压力表”,图里有“压力表”,1,图里有“压力表”,True
v106,1688,\\sect\{([^{}]+)\},图里有“U形压差计”,图里有“U形压差计”,1,图里有“U形压差计”,True
v106,1690,\\sect\{([^{}]+)\},图里有“铰链+拉杆”,图里有“铰链+拉杆”,1,图里有“铰链+拉杆”,True
v106,1692,\\sect\{([^{}]+)\},图里有“弯头/喷嘴出口”,图里有“弯头|喷嘴出口”,2,图里有“弯头|喷嘴出口”,True
v106,1694,\\sect\{([^{}]+)\},图里有“泵在吸水侧”,图里有“泵在吸水侧”,1,图里有“泵在吸水侧”,True
v106,1696,\\sect\{([^{}]+)\},图里有“水轮机”,图里有“水轮机”,1,图里有“水轮机”,True
v106,1698,\\sect\{([^{}]+)\},图里有“突然扩大/缩小”,图里有“突然扩大|缩小”,2,图里有“突然扩大|缩小”,True
v106,1700,\\sect\{([^{}]+)\},图里有“圆管层流”,图里有“圆管层流”,1,图里有“圆管层流”,True
v106,1702,\\sect\{([^{}]+)\},图里有“平板零攻角”,图里有“平板零攻角”,1,图里有“平板零攻角”,True
v106,1704,\\sect\{([^{}]+)\},图里有“圆柱/球绕流”,图里有“圆柱|球绕流”,2,图里有“圆柱|球绕流”,True
v106,1706,\\sect\{([^{}]+)\},图里有“喉部”,图里有“喉部”,1,图里有“喉部”,True
v106,1708,\\sect\{([^{}]+)\},图里有“背压$p_b$”,图里有“背压,1,图里有“背压,True
v106,1710,\\sect\{([^{}]+)\},图里有“正激波”,图里有“正激波”,1,图里有“正激波”,True
v106,1712,\\sect\{([^{}]+)\},图里有“斜面压缩角”,图里有“斜面压缩角”,1,图里有“斜面压缩角”,True
v106,1714,\\sect\{([^{}]+)\},图里有“凸角膨胀”,图里有“凸角膨胀”,1,图里有“凸角膨胀”,True
v106,1717,\\sect\{([^{}]+)\},题图常见误判,题图常见误判,1,题图常见误判,True
v106,1718,\\sect\{([^{}]+)\},喷管出口线,喷管出口线,1,喷管出口线,True
v106,1720,\\sect\{([^{}]+)\},喉部面积,喉部面积,1,喉部面积,True
v106,1722,\\sect\{([^{}]+)\},平均速度,平均速度,1,平均速度,True
v106,1724,\\sect\{([^{}]+)\},表压零点,表压零点,1,表压零点,True
v106,1726,\\sect\{([^{}]+)\},方向符号,方向符号,1,方向符号,True
v106,1728,\\sect\{([^{}]+)\},摩擦面积,摩擦面积,1,摩擦面积,True
v106,1730,\\sect\{([^{}]+)\},局部损失速度,局部损失速度,1,局部损失速度,True
v106,1732,\\sect\{([^{}]+)\},激波查表,激波查表,1,激波查表,True
v106,1734,\\sect\{([^{}]+)\},应力题,应力题,1,应力题,True
v106,1737,\\sect\{([^{}]+)\},概念短答库：照三句写,概念短答库|照三句写,2,概念短答库|照三句写,True
v106,1738,\\sect\{([^{}]+)\},简答题首句索引,简答题首句索引,1,简答题首句索引,True
v106,1740,\\sect\{([^{}]+)\},连续介质,连续介质,1,连续介质,True
v106,1742,\\sect\{([^{}]+)\},欧拉/拉格朗日,欧拉|拉格朗日,2,欧拉|拉格朗日,True
v106,1744,\\sect\{([^{}]+)\},控制体/系统/质量动量能量守恒,控制体|系统|质量动量能量守恒,3,控制体|系统|质量动量能量守恒,True
v106,1747,\\sect\{([^{}]+)\},当地/迁移/随体导数,当地|迁移|随体导数,3,当地|迁移|随体导数,True
v106,1749,\\sect\{([^{}]+)\},层流/湍流/渐变流,层流|湍流|渐变流,3,层流|湍流|渐变流,True
v106,1751,\\sect\{([^{}]+)\},Re/Fr冲突/水波/水击,Re|Fr冲突|水波|水击,4,Re|Fr冲突|水波|水击,True
v106,1753,\\sect\{([^{}]+)\},孔板/自由射流,孔板|自由射流,2,孔板|自由射流,True
v106,1755,\\sect\{([^{}]+)\},阻力危机/减阻,阻力危机|减阻,2,阻力危机|减阻,True
v106,1757,\\sect\{([^{}]+)\},势函数/流函数/阻塞/激波,势函数|流函数|阻塞|激波,4,势函数|流函数|阻塞|激波,True
v106,1760,\\sect\{([^{}]+)\},边界层特点/积分题/指数律,边界层特点|积分题|指数律,3,边界层特点|积分题|指数律,True
v106,1761,\\sect\{([^{}]+)\},三个厚度,三个厚度,1,三个厚度,True
v106,1767,\\sect\{([^{}]+)\},常见速度剖面结果/1/n指数律,常见速度剖面结果|n指数律,2,常见速度剖面结果|n指数律,True
v106,1774,\\sect\{([^{}]+)\},Karman--Pohlhausen配边界,Karman|Pohlhausen配边界,2,Karman|Pohlhausen配边界,True
v106,1776,\\sect\{([^{}]+)\},平板阻力,平板阻力,1,平板阻力,True
v106,1778,\\sect\{([^{}]+)\},分离判断,分离判断,1,分离判断,True
v106,1781,\\sect\{([^{}]+)\},量纲相似+推导骨架,量纲相似+推导骨架,1,量纲相似+推导骨架,True
v106,1782,\\sect\{([^{}]+)\},量纲齐次/Rayleigh写法,量纲齐次|Rayleigh写法,2,量纲齐次|Rayleigh写法,True
v106,1784,\\sect\{([^{}]+)\},Buckingham $\pi$/相似准则流程,Buckingham|pi|相似准则流程,3,Buckingham|pi|相似准则流程,True
v106,1795,\\sect\{([^{}]+)\},一维N--S/H--P骨架,一维N|P骨架,2,一维N|P骨架,True
v106,1799,\\sect\{([^{}]+)\},边界条件翻译表,边界条件翻译表,1,边界条件翻译表,True
v106,1802,\\sect\{([^{}]+)\},高频计算/查表/控制体收口,高频计算|查表|控制体收口,3,高频计算|查表|控制体收口,True
v106,1811,\\sect\{([^{}]+)\},新题反向定位/收口,新题反向定位|收口,2,新题反向定位|收口,True
v106,1822,\\sect\{([^{}]+)\},公式禁用快判,公式禁用快判,1,公式禁用快判,True
v108,136,\\chap\{([^{}]+)\},母题1 管路/静水/CV/基础读题：题干词到模型到公式链,母题|管路|静水|CV|基础读题|题干词到模型到公式链,6,母题|管路|静水|CV|基础读题|题干词到模型到公式链,True
v108,139,\\sect\{([^{}]+)\},两油箱/水池--变径管PVZ主例,两油箱|水池|变径管PVZ主例,3,两油箱|水池|变径管PVZ主例,True
v108,141,\\sect\{([^{}]+)\},两油箱变径管15分真题：两问标准套写,两油箱变径管|分真题|两问标准套写,3,两油箱变径管|分真题|两问标准套写,True
v108,143,\\sect\{([^{}]+)\},新卷读题定位法,新卷读题定位法,1,新卷读题定位法,True
v108,148,\\sect\{([^{}]+)\},题干关键词定位,题干关键词定位,1,题干关键词定位,True
v108,161,\\sect\{([^{}]+)\},常数与基本量,常数与基本量,1,常数与基本量,True
v108,166,\\sect\{([^{}]+)\},连续性,连续性,1,连续性,True
v108,169,\\sect\{([^{}]+)\},控制体动量/动量守恒模板,控制体动量|动量守恒模板,2,控制体动量|动量守恒模板,True
v108,180,\\sect\{([^{}]+)\},伯努利/机械能,伯努利|机械能,2,伯努利|机械能,True
v108,186,\\sect\{([^{}]+)\},静水压常见题流程,静水压常见题流程,1,静水压常见题流程,True
v108,190,\\sect\{([^{}]+)\},要求量$\to$首写/公式链$\to$检查点,要求量|to|首写|公式链|to|检查点,6,要求量|to|首写|公式链|to|检查点,True
v108,198,\\sect\{([^{}]+)\},建模第一句话,建模第一句话,1,建模第一句话,True
v108,201,\\sect\{([^{}]+)\},模型首句模板,模型首句模板,1,模型首句模板,True
v108,203,\\sect\{([^{}]+)\},速度场题,速度场题,1,速度场题,True
v108,205,\\sect\{([^{}]+)\},运动描述名词,运动描述名词,1,运动描述名词,True
v108,207,\\sect\{([^{}]+)\},旋度/应变/应力,旋度|应变|应力,3,旋度|应变|应力,True
v108,209,\\sect\{([^{}]+)\},静水压补充模板,静水压补充模板,1,静水压补充模板,True
v108,211,\\sect\{([^{}]+)\},量纲分析模板,量纲分析模板,1,量纲分析模板,True
v108,213,\\sect\{([^{}]+)\},控制体受力图检查,控制体受力图检查,1,控制体受力图检查,True
v108,215,\\sect\{([^{}]+)\},应力张量题,应力张量题,1,应力张量题,True
v108,217,\\sect\{([^{}]+)\},圆柱切平面M点应力,圆柱切平面M点应力,1,圆柱切平面M点应力,True
v108,220,\\sect\{([^{}]+)\},平面受压常用惯性矩,平面受压常用惯性矩,1,平面受压常用惯性矩,True
v108,222,\\sect\{([^{}]+)\},小孔/水箱出流,小孔|水箱出流,2,小孔|水箱出流,True
v108,224,\\sect\{([^{}]+)\},U管振荡,U管振荡,1,U管振荡,True
v108,228,\\sect\{([^{}]+)\},静力学、运动学、张量模型速解,静力学|运动学|张量模型速解,3,静力学|运动学|张量模型速解,True
v108,229,\\sect\{([^{}]+)\},压强单位换算,压强单位换算,1,压强单位换算,True
v108,231,\\sect\{([^{}]+)\},平面闸门答题骨架,平面闸门答题骨架,1,平面闸门答题骨架,True
v108,233,\\sect\{([^{}]+)\},曲面闸门答题骨架,曲面闸门答题骨架,1,曲面闸门答题骨架,True
v108,235,\\sect\{([^{}]+)\},相对平衡,相对平衡,1,相对平衡,True
v108,237,\\sect\{([^{}]+)\},浮力和稳定,浮力和稳定,1,浮力和稳定,True
v108,239,\\sect\{([^{}]+)\},迹线/流线/脉线,迹线|流线|脉线,3,迹线|流线|脉线,True
v108,241,\\sect\{([^{}]+)\},加速度题模板,加速度题模板,1,加速度题模板,True
v108,243,\\sect\{([^{}]+)\},应力张量标准解,应力张量标准解,1,应力张量标准解,True
v108,245,\\sect\{([^{}]+)\},应力对称原因,应力对称原因,1,应力对称原因,True
v108,247,\\sect\{([^{}]+)\},流体微团运动分解,流体微团运动分解,1,流体微团运动分解,True
v108,249,\\sect\{([^{}]+)\},维数分析常用组合,维数分析常用组合,1,维数分析常用组合,True
v108,251,\\sect\{([^{}]+)\},伯努利、动量、能量方程模型速解,伯努利|动量|能量方程模型速解,3,伯努利|动量|能量方程模型速解,True
v108,252,\\sect\{([^{}]+)\},伯努利适用性,伯努利适用性,1,伯努利适用性,True
v108,254,\\sect\{([^{}]+)\},皮托管/文丘里/孔板,皮托管|文丘里|孔板,3,皮托管|文丘里|孔板,True
v108,256,\\sect\{([^{}]+)\},虹吸管,虹吸管,1,虹吸管,True
v108,258,\\sect\{([^{}]+)\},弯管受力,弯管受力,1,弯管受力,True
v108,260,\\sect\{([^{}]+)\},射流冲击平板,射流冲击平板,1,射流冲击平板,True
v108,262,\\sect\{([^{}]+)\},喷嘴/消防水枪反力,喷嘴|消防水枪反力,2,喷嘴|消防水枪反力,True
v108,264,\\sect\{([^{}]+)\},水轮机/泵符号,水轮机|泵符号,2,水轮机|泵符号,True
v108,266,\\sect\{([^{}]+)\},大水池到大水池,大水池到大水池,1,大水池到大水池,True
v108,268,\\sect\{([^{}]+)\},压力表截面,压力表截面,1,压力表截面,True
v108,270,\\sect\{([^{}]+)\},管路损失综合题,管路损失综合题,1,管路损失综合题,True
v108,272,\\sect\{([^{}]+)\},粗糙度使用,粗糙度使用,1,粗糙度使用,True
v108,274,\\sect\{([^{}]+)\},泵安装高度,泵安装高度,1,泵安装高度,True
v108,276,\\sect\{([^{}]+)\},水轮机功率,水轮机功率,1,水轮机功率,True
v108,278,\\sect\{([^{}]+)\},通用题干关键词套写索引,通用题干关键词套写索引,1,通用题干关键词套写索引,True
v108,279,\\sect\{([^{}]+)\},静水压/伯努利/动量,静水压|伯努利|动量,3,静水压|伯努利|动量,True
v108,281,\\sect\{([^{}]+)\},表值未算出时,表值未算出时,1,表值未算出时,True
v108,283,\\sect\{([^{}]+)\},标准卷面模板,标准卷面模板,1,标准卷面模板,True
v108,285,\\sect\{([^{}]+)\},通用数值题公式链骨架,通用数值题公式链骨架,1,通用数值题公式链骨架,True
v108,286,\\sect\{([^{}]+)\},泵吸水安装高度/汽蚀,泵吸水安装高度|汽蚀,2,泵吸水安装高度|汽蚀,True
v108,288,\\sect\{([^{}]+)\},水轮机/泵管路功率,水轮机|泵管路功率,2,水轮机|泵管路功率,True
v108,290,\\sect\{([^{}]+)\},应力张量指定平面,应力张量指定平面,1,应力张量指定平面,True
v108,292,\\sect\{([^{}]+)\},教材可查表项目和速查表衔接,教材可查表项目和速查表衔接,1,教材可查表项目和速查表衔接,True
v108,293,\\sect\{([^{}]+)\},Moody图怎么用,Moody图怎么用,1,Moody图怎么用,True
v108,295,\\sect\{([^{}]+)\},高风险易混概念对照,高风险易混概念对照,1,高风险易混概念对照,True
v108,296,\\sect\{([^{}]+)\},"$p_0,p^*,p_e,p_b$",,0,,False
v108,298,\\sect\{([^{}]+)\},平均速度/最大速度/摩擦速度,平均速度|最大速度|摩擦速度,3,平均速度|最大速度|摩擦速度,True
v108,300,\\sect\{([^{}]+)\},表面积/迎风面积/截面积,表面积|迎风面积|截面积,3,表面积|迎风面积|截面积,True
v108,302,\\sect\{([^{}]+)\},局部损失/沿程损失,局部损失|沿程损失,2,局部损失|沿程损失,True
v108,304,\\sect\{([^{}]+)\},绝压/表压,绝压|表压,2,绝压|表压,True
v108,306,\\sect\{([^{}]+)\},按题干关键词选公式,按题干关键词选公式,1,按题干关键词选公式,True
v108,307,\\sect\{([^{}]+)\},“定常一维绝热”,“定常一维绝热”,1,“定常一维绝热”,True
v108,309,\\sect\{([^{}]+)\},“平均时均速度”,“平均时均速度”,1,“平均时均速度”,True
v108,311,\\sect\{([^{}]+)\},“完全发展”,“完全发展”,1,“完全发展”,True
v108,313,\\sect\{([^{}]+)\},“逆压梯度”,“逆压梯度”,1,“逆压梯度”,True
v108,315,\\sect\{([^{}]+)\},“压力中心/形心”,“压力中心|形心”,2,“压力中心|形心”,True
v108,317,\\sect\{([^{}]+)\},计算细节防错,计算细节防错,1,计算细节防错,True
v108,318,\\sect\{([^{}]+)\},单位统一,单位统一,1,单位统一,True
v108,320,\\sect\{([^{}]+)\},截面积,截面积,1,截面积,True
v108,322,\\sect\{([^{}]+)\},水头与压力,水头与压力,1,水头与压力,True
v108,324,\\sect\{([^{}]+)\},查表/异常回退,查表|异常回退,2,查表|异常回退,True
v108,326,\\sect\{([^{}]+)\},方向检查,方向检查,1,方向检查,True
v108,328,\\sect\{([^{}]+)\},结果合理性,结果合理性,1,结果合理性,True
v108,330,\\sect\{([^{}]+)\},可直接写的结论句,可直接写的结论句,1,可直接写的结论句,True
v108,331,\\sect\{([^{}]+)\},湍流句,湍流句,1,湍流句,True
v108,333,\\sect\{([^{}]+)\},题图识别+查表+公式链,题图识别+查表+公式链,1,题图识别+查表+公式链,True
v108,334,\\sect\{([^{}]+)\},题图一眼选模型,题图一眼选模型,1,题图一眼选模型,True
v108,347,\\sect\{([^{}]+)\},公式链：已知-中间量-目标量,公式链|已知|中间量|目标量,4,公式链|已知|中间量|目标量,True
v108,349,\\sect\{([^{}]+)\},按图像补充的模型第一步,按图像补充的模型第一步,1,按图像补充的模型第一步,True
v108,350,\\sect\{([^{}]+)\},玻璃弯管放水,玻璃弯管放水,1,玻璃弯管放水,True
v108,352,\\sect\{([^{}]+)\},雷诺输运定理题,雷诺输运定理题,1,雷诺输运定理题,True
v108,354,\\sect\{([^{}]+)\},动力学/应力题干模型压缩,动力学|应力题干模型压缩,2,动力学|应力题干模型压缩,True
v108,355,\\sect\{([^{}]+)\},应力张量+指定平面,应力张量+指定平面,1,应力张量+指定平面,True
v108,357,\\sect\{([^{}]+)\},给应力分布求平面上一点,给应力分布求平面上一点,1,给应力分布求平面上一点,True
v108,359,\\sect\{([^{}]+)\},由$\nabla\cdot P=-\rho\bm f$求体力,nabla|cdot|P=|rho|bm|求体力,6,nabla|cdot|P=|rho|bm|求体力,True
v108,361,\\sect\{([^{}]+)\},正交曲线坐标散度,正交曲线坐标散度,1,正交曲线坐标散度,True
v108,363,\\sect\{([^{}]+)\},弯玻璃管放水,弯玻璃管放水,1,弯玻璃管放水,True
v108,365,\\sect\{([^{}]+)\},"速度场$u=3x^2-3y^2,v=-6xy$",速度场|u=|v=|xy,4,速度场|u=|v=|xy,True
v108,367,\\sect\{([^{}]+)\},"$u=2cxy,v=c(a^2+x^2-y^2)$",u=|cxy|v=c|+x,4,u=|cxy|v=c|+x,True
v108,369,\\sect\{([^{}]+)\},均匀流绕长钝体上坡,均匀流绕长钝体上坡,1,均匀流绕长钝体上坡,True
v108,371,\\sect\{([^{}]+)\},风洞/多波相交题,风洞|多波相交题,2,风洞|多波相交题,True
v108,373,\\sect\{([^{}]+)\},Re判层/湍,Re判层,1,Re判层,True
v108,375,\\sect\{([^{}]+)\},“证明满足连续方程”,“证明满足连续方程”,1,“证明满足连续方程”,True
v108,377,\\sect\{([^{}]+)\},“判断有旋否”,“判断有旋否”,1,“判断有旋否”,True
v108,379,\\sect\{([^{}]+)\},“写流线方程”,“写流线方程”,1,“写流线方程”,True
v108,381,\\sect\{([^{}]+)\},“写迹线方程”,“写迹线方程”,1,“写迹线方程”,True
v108,383,\\sect\{([^{}]+)\},“求流量”,“求流量”,1,“求流量”,True
v108,385,\\sect\{([^{}]+)\},“求压强分布”,“求压强分布”,1,“求压强分布”,True
v108,387,\\sect\{([^{}]+)\},“求功率”,“求功率”,1,“求功率”,True
v108,389,\\sect\{([^{}]+)\},“判断能不能用伯努利”,“判断能不能用伯努利”,1,“判断能不能用伯努利”,True
v108,391,\\sect\{([^{}]+)\},静水压+铰链,静水压+铰链,1,静水压+铰链,True
v108,393,\\sect\{([^{}]+)\},曲面压力+浮力,曲面压力+浮力,1,曲面压力+浮力,True
v108,395,\\sect\{([^{}]+)\},U管+加速度,U管+加速度,1,U管+加速度,True
v108,397,\\sect\{([^{}]+)\},速度场+应力,速度场+应力,1,速度场+应力,True
v108,399,\\sect\{([^{}]+)\},伯努利+动量,伯努利+动量,1,伯努利+动量,True
v108,401,\\sect\{([^{}]+)\},泵+管路损失,泵+管路损失,1,泵+管路损失,True
v108,403,\\sect\{([^{}]+)\},水轮机+压力表,水轮机+压力表,1,水轮机+压力表,True
v108,405,\\sect\{([^{}]+)\},流量计,流量计,1,流量计,True
v108,407,\\sect\{([^{}]+)\},自由涡,自由涡,1,自由涡,True
v108,409,\\sect\{([^{}]+)\},强迫涡,强迫涡,1,强迫涡,True
v108,411,\\sect\{([^{}]+)\},管嘴出流,管嘴出流,1,管嘴出流,True
v108,413,\\sect\{([^{}]+)\},多出口分流,多出口分流,1,多出口分流,True
v108,415,\\sect\{([^{}]+)\},压力恢复/扩压器,压力恢复|扩压器,2,压力恢复|扩压器,True
v108,417,\\sect\{([^{}]+)\},密度/压强/温度,密度|压强|温度,3,密度|压强|温度,True
v108,419,\\sect\{([^{}]+)\},速度/流量,速度|流量,2,速度|流量,True
v108,421,\\sect\{([^{}]+)\},水头,水头,1,水头,True
v108,423,\\sect\{([^{}]+)\},沿程损失,沿程损失,1,沿程损失,True
v108,425,\\sect\{([^{}]+)\},局部损失,局部损失,1,局部损失,True
v108,427,\\sect\{([^{}]+)\},动量通量,动量通量,1,动量通量,True
v108,429,\\sect\{([^{}]+)\},能量修正系数,能量修正系数,1,能量修正系数,True
v108,431,\\sect\{([^{}]+)\},雷诺数,雷诺数,1,雷诺数,True
v108,433,\\sect\{([^{}]+)\},符号解释表：看到符号就知道干什么,符号解释表|看到符号就知道干什么,2,符号解释表|看到符号就知道干什么,True
v108,434,\\sect\{([^{}]+)\},"$\rho,\mu,\nu$",rho|mu|nu,3,rho|mu|nu,True
v108,436,\\sect\{([^{}]+)\},"$Q,\dot m,V,\bar u$",dot|bar,2,dot|bar,True
v108,438,\\sect\{([^{}]+)\},"$p,p_g,p_0,p^*$",,0,,False
v108,440,\\sect\{([^{}]+)\},"$h_f,h_\zeta,H_p,H_T$",zeta,1,zeta,True
v108,442,\\sect\{([^{}]+)\},"$\delta,\delta^*,\theta$",delta|delta|theta,3,delta|delta|theta,True
v108,444,\\sect\{([^{}]+)\},"$u_\tau,y^+,u^+$",tau,1,tau,True
v108,446,\\sect\{([^{}]+)\},$\nu(M)$,nu,1,nu,True
v108,448,\\sect\{([^{}]+)\},流程A：给速度场,流程A|给速度场,2,流程A|给速度场,True
v108,450,\\sect\{([^{}]+)\},流程B：给静止液体图,流程B|给静止液体图,2,流程B|给静止液体图,True
v108,452,\\sect\{([^{}]+)\},流程C：给管路图,流程C|给管路图,2,流程C|给管路图,True
v108,454,\\sect\{([^{}]+)\},错2：把0.528到处用,到处用,1,到处用,True
v108,456,\\sect\{([^{}]+)\},错4：面积比支路选错,面积比支路选错,1,面积比支路选错,True
v108,458,\\sect\{([^{}]+)\},错7：压力中心公式乱用,压力中心公式乱用,1,压力中心公式乱用,True
v108,460,\\sect\{([^{}]+)\},错8：动量方程标量化,动量方程标量化,1,动量方程标量化,True
v108,462,\\sect\{([^{}]+)\},错9：局部损失速度取错,局部损失速度取错,1,局部损失速度取错,True
v108,464,\\sect\{([^{}]+)\},错10：表压绝压混用,表压绝压混用,1,表压绝压混用,True
v108,466,\\sect\{([^{}]+)\},错14：源涡原点直接用,源涡原点直接用,1,源涡原点直接用,True
v108,468,\\sect\{([^{}]+)\},错15：忘记单位换算,忘记单位换算,1,忘记单位换算,True
v108,470,\\sect\{([^{}]+)\},标准解模板：静水压,标准解模板|静水压,2,标准解模板|静水压,True
v108,472,\\sect\{([^{}]+)\},标准解模板：动量,标准解模板|动量,2,标准解模板|动量,True
v108,474,\\sect\{([^{}]+)\},标准解模板：管路,标准解模板|管路,2,标准解模板|管路,True
v108,476,\\sect\{([^{}]+)\},补充模型：自由面与涡,补充模型|自由面与涡,2,补充模型|自由面与涡,True
v108,477,\\sect\{([^{}]+)\},自由涡液面,自由涡液面,1,自由涡液面,True
v108,479,\\sect\{([^{}]+)\},强迫涡液面,强迫涡液面,1,强迫涡液面,True
v108,481,\\sect\{([^{}]+)\},复合涡,复合涡,1,复合涡,True
v108,483,\\sect\{([^{}]+)\},教材查找建议,教材查找建议,1,教材查找建议,True
v108,485,\\sect\{([^{}]+)\},考试先后顺序,考试先后顺序,1,考试先后顺序,True
v108,487,\\sect\{([^{}]+)\},数值题通用检查,数值题通用检查,1,数值题通用检查,True
v108,489,\\sect\{([^{}]+)\},概念题通用答法,概念题通用答法,1,概念题通用答法,True
v108,491,\\sect\{([^{}]+)\},证明题通用答法,证明题通用答法,1,证明题通用答法,True
v108,493,\\sect\{([^{}]+)\},图像题通用答法,图像题通用答法,1,图像题通用答法,True
v108,495,\\sect\{([^{}]+)\},答题纸三行骨架,答题纸三行骨架,1,答题纸三行骨架,True
v108,497,\\sect\{([^{}]+)\},高频小问速答,高频小问速答,1,高频小问速答,True
v108,498,\\sect\{([^{}]+)\},为什么应力张量对称,为什么应力张量对称,1,为什么应力张量对称,True
v108,500,\\sect\{([^{}]+)\},为什么Laplace,为什么Laplace,1,为什么Laplace,True
v108,502,\\sect\{([^{}]+)\},为什么Bernoulli沿流线,为什么Bernoulli沿流线,1,为什么Bernoulli沿流线,True
v108,504,\\sect\{([^{}]+)\},为什么粗糙度层流不用,为什么粗糙度层流不用,1,为什么粗糙度层流不用,True
v108,506,\\sect\{([^{}]+)\},为什么平板局部/平均系数不同,为什么平板局部|平均系数不同,2,为什么平板局部|平均系数不同,True
v108,508,\\sect\{([^{}]+)\},为什么管路损失用速度头,为什么管路损失用速度头,1,为什么管路损失用速度头,True
v108,510,\\sect\{([^{}]+)\},为什么压力中心低于形心,为什么压力中心低于形心,1,为什么压力中心低于形心,True
v108,512,\\sect\{([^{}]+)\},为什么动量方程要控制体,为什么动量方程要控制体,1,为什么动量方程要控制体,True
v108,514,\\sect\{([^{}]+)\},为什么流量要积分,为什么流量要积分,1,为什么流量要积分,True
v108,516,\\sect\{([^{}]+)\},为什么表压可为负,为什么表压可为负,1,为什么表压可为负,True
v108,518,\\sect\{([^{}]+)\},为什么泵入口最危险,为什么泵入口最危险,1,为什么泵入口最危险,True
v108,520,\\sect\{([^{}]+)\},为什么水轮机要扣损失,为什么水轮机要扣损失,1,为什么水轮机要扣损失,True
v108,522,\\sect\{([^{}]+)\},为什么答案要写假设,为什么答案要写假设,1,为什么答案要写假设,True
v108,524,\\sect\{([^{}]+)\},常用平方/根号,常用平方|根号,2,常用平方|根号,True
v108,526,\\sect\{([^{}]+)\},常用水柱压强,常用水柱压强,1,常用水柱压强,True
v108,528,\\sect\{([^{}]+)\},常用圆管面积,常用圆管面积,1,常用圆管面积,True
v108,530,\\sect\{([^{}]+)\},空气等熵速算,空气等熵速算,1,空气等熵速算,True
v108,532,\\sect\{([^{}]+)\},层流圆管速算,层流圆管速算,1,层流圆管速算,True
v108,534,\\sect\{([^{}]+)\},动量力速算,动量力速算,1,动量力速算,True
v108,536,\\sect\{([^{}]+)\},泵功率速算,泵功率速算,1,泵功率速算,True
v108,538,\\sect\{([^{}]+)\},粗糙度速算,粗糙度速算,1,粗糙度速算,True
v108,540,\\sect\{([^{}]+)\},管路答案数量级,管路答案数量级,1,管路答案数量级,True
v108,542,\\sect\{([^{}]+)\},压力中心数量级,压力中心数量级,1,压力中心数量级,True
v108,544,\\sect\{([^{}]+)\},局部损失数量级,局部损失数量级,1,局部损失数量级,True
v108,546,\\sect\{([^{}]+)\},题目读数顺序,题目读数顺序,1,题目读数顺序,True
v108,548,\\sect\{([^{}]+)\},交卷前记忆卡,交卷前记忆卡,1,交卷前记忆卡,True
v108,550,\\sect\{([^{}]+)\},模板：速度场流程,模板|速度场流程,2,模板|速度场流程,True
v108,552,\\sect\{([^{}]+)\},模板：流线流程,模板|流线流程,2,模板|流线流程,True
v108,554,\\sect\{([^{}]+)\},模板：迹线流程,模板|迹线流程,2,模板|迹线流程,True
v108,556,\\sect\{([^{}]+)\},模板：应力流程,模板|应力流程,2,模板|应力流程,True
v108,558,\\sect\{([^{}]+)\},模板：闸门流程,模板|闸门流程,2,模板|闸门流程,True
v108,560,\\sect\{([^{}]+)\},模板：曲面流程,模板|曲面流程,2,模板|曲面流程,True
v108,562,\\sect\{([^{}]+)\},模板：泵流程,模板|泵流程,2,模板|泵流程,True
v108,564,\\sect\{([^{}]+)\},模板：水轮机流程,模板|水轮机流程,2,模板|水轮机流程,True
v108,566,\\sect\{([^{}]+)\},压强题骨架,压强题骨架,1,压强题骨架,True
v108,568,\\sect\{([^{}]+)\},速度场题骨架,速度场题骨架,1,速度场题骨架,True
v108,570,\\sect\{([^{}]+)\},管路题骨架,管路题骨架,1,管路题骨架,True
v108,572,\\sect\{([^{}]+)\},概念题骨架,概念题骨架,1,概念题骨架,True
v108,574,\\sect\{([^{}]+)\},证明题骨架,证明题骨架,1,证明题骨架,True
v108,576,\\sect\{([^{}]+)\},单位题骨架,单位题骨架,1,单位题骨架,True
v108,578,\\sect\{([^{}]+)\},静水矩形窗,静水矩形窗,1,静水矩形窗,True
v108,580,\\sect\{([^{}]+)\},静水圆形舱门,静水圆形舱门,1,静水圆形舱门,True
v108,582,\\sect\{([^{}]+)\},浮力/吃水,浮力|吃水,2,浮力|吃水,True
v108,584,\\sect\{([^{}]+)\},非恒定小孔出流,非恒定小孔出流,1,非恒定小孔出流,True
v108,586,\\sect\{([^{}]+)\},皮托/静压管测速,皮托|静压管测速,2,皮托|静压管测速,True
v108,588,\\sect\{([^{}]+)\},喷嘴反力,喷嘴反力,1,喷嘴反力,True
v108,590,\\sect\{([^{}]+)\},喷嘴法兰/螺栓,喷嘴法兰|螺栓,2,喷嘴法兰|螺栓,True
v108,592,\\sect\{([^{}]+)\},局部突扩,局部突扩,1,局部突扩,True
v108,594,\\sect\{([^{}]+)\},泵效率/轴功率,泵效率|轴功率,2,泵效率|轴功率,True
v108,596,\\sect\{([^{}]+)\},水轮机效率/输出,水轮机效率|输出,2,水轮机效率|输出,True
v108,598,\\sect\{([^{}]+)\},自由涡压差,自由涡压差,1,自由涡压差,True
v108,600,\\sect\{([^{}]+)\},强迫涡压差,强迫涡压差,1,强迫涡压差,True
v108,602,\\sect\{([^{}]+)\},气球受风偏角,气球受风偏角,1,气球受风偏角,True
v108,604,\\sect\{([^{}]+)\},答案末尾检查,答案末尾检查,1,答案末尾检查,True
v108,606,\\sect\{([^{}]+)\},Moody查图子链,Moody查图子链,1,Moody查图子链,True
v108,608,\\sect\{([^{}]+)\},物性表查表子链,物性表查表子链,1,物性表查表子链,True
v108,610,\\sect\{([^{}]+)\},惯性矩查表子链,惯性矩查表子链,1,惯性矩查表子链,True
v108,612,\\sect\{([^{}]+)\},三角函数角度,三角函数角度,1,三角函数角度,True
v108,614,\\sect\{([^{}]+)\},题目图像再识别,题目图像再识别,1,题目图像再识别,True
v108,616,\\sect\{([^{}]+)\},图像：有大水面+管道+泵,图像|有大水面+管道+泵,2,图像|有大水面+管道+泵,True
v108,618,\\sect\{([^{}]+)\},图像：管道变径,图像|管道变径,2,图像|管道变径,True
v108,620,\\sect\{([^{}]+)\},图像：管道弯头,图像|管道弯头,2,图像|管道弯头,True
v108,622,\\sect\{([^{}]+)\},图像：喷口射流,图像|喷口射流,2,图像|喷口射流,True
v108,624,\\sect\{([^{}]+)\},图像：两平板夹流体,图像|两平板夹流体,2,图像|两平板夹流体,True
v108,626,\\sect\{([^{}]+)\},图像：同心圆管/环隙,图像|同心圆管|环隙,3,图像|同心圆管|环隙,True
v108,628,\\sect\{([^{}]+)\},图像：旋转容器,图像|旋转容器,2,图像|旋转容器,True
v108,630,\\sect\{([^{}]+)\},图像：自由涡水面,图像|自由涡水面,2,图像|自由涡水面,True
v108,632,\\sect\{([^{}]+)\},图像：U形管振荡,图像|U形管振荡,2,图像|U形管振荡,True
v108,634,\\sect\{([^{}]+)\},第一眼先判“物质模型”,第一眼先判“物质模型”,1,第一眼先判“物质模型”,True
v108,636,\\sect\{([^{}]+)\},题目问“求什么”,题目问“求什么”,1,题目问“求什么”,True
v108,638,\\sect\{([^{}]+)\},"题干给速度场$u,v,w$",题干给速度场,1,题干给速度场,True
v108,640,\\sect\{([^{}]+)\},题干给容器、液面、压差计、闸门,题干给容器|液面|压差计|闸门,4,题干给容器|液面|压差计|闸门,True
v108,642,\\sect\{([^{}]+)\},题干给管路、泵、阀、弯头、粗糙度,题干给管路|弯头|粗糙度,3,题干给管路|弯头|粗糙度,True
v108,644,\\sect\{([^{}]+)\},题干给喷嘴、射流、弯管受力,题干给喷嘴|射流|弯管受力,3,题干给喷嘴|射流|弯管受力,True
v108,646,\\sect\{([^{}]+)\},运动学长题,运动学长题,1,运动学长题,True
v108,648,\\sect\{([^{}]+)\},概念长答加分,概念长答加分,1,概念长答加分,True
v108,650,\\sect\{([^{}]+)\},带教材查表/模型定位：补过程分,带教材查表|模型定位|补过程分,3,带教材查表|模型定位|补过程分,True
v108,651,\\sect\{([^{}]+)\},查教材表三行格式,查教材表三行格式,1,查教材表三行格式,True
v108,653,\\sect\{([^{}]+)\},模型冲突先判,模型冲突先判,1,模型冲突先判,True
v108,655,\\sect\{([^{}]+)\},题干图像/文字不全时,题干图像|文字不全时,2,题干图像|文字不全时,True
v108,657,\\sect\{([^{}]+)\},平板层流/矩形板摩擦型,平板层流|矩形板摩擦型,2,平板层流|矩形板摩擦型,True
v108,659,\\sect\{([^{}]+)\},复杂题考场流程,复杂题考场流程,1,复杂题考场流程,True
v108,661,\\sect\{([^{}]+)\},模板：先写符号后代数,模板|先写符号后代数,2,模板|先写符号后代数,True
v108,663,\\sect\{([^{}]+)\},模板：面积换算,模板|面积换算,2,模板|面积换算,True
v108,665,\\sect\{([^{}]+)\},模板：速度换算,模板|速度换算,2,模板|速度换算,True
v108,667,\\sect\{([^{}]+)\},模板：压强水头,模板|压强水头,2,模板|压强水头,True
v108,669,\\sect\{([^{}]+)\},模板：雷诺数,模板|雷诺数,2,模板|雷诺数,True
v108,671,\\sect\{([^{}]+)\},模板：损失水头,模板|损失水头,2,模板|损失水头,True
v108,673,\\sect\{([^{}]+)\},模板：功率,模板|功率,2,模板|功率,True
v108,675,\\sect\{([^{}]+)\},模板：风管/风扇,模板|风管|风扇,3,模板|风管|风扇,True
v108,677,\\sect\{([^{}]+)\},模板：真空度/负表压,模板|真空度|负表压,3,模板|真空度|负表压,True
v108,679,\\sect\{([^{}]+)\},模板：压力中心,模板|压力中心,2,模板|压力中心,True
v108,681,\\sect\{([^{}]+)\},长推导/概念证明保分骨架,长推导|概念证明保分骨架,2,长推导|概念证明保分骨架,True
v108,682,\\sect\{([^{}]+)\},证明题关键词卡,证明题关键词卡,1,证明题关键词卡,True
v108,684,\\sect\{([^{}]+)\},速度势与单值性,速度势与单值性,1,速度势与单值性,True
v108,686,\\sect\{([^{}]+)\},Kelvin定理推出Lagrange定理,Kelvin定理推出Lagrange定理,1,Kelvin定理推出Lagrange定理,True
v108,688,\\sect\{([^{}]+)\},涡线、涡管、涡通量,涡线|涡管|涡通量,3,涡线|涡管|涡通量,True
v108,690,\\sect\{([^{}]+)\},Helmholtz涡定理答句,Helmholtz涡定理答句,1,Helmholtz涡定理答句,True
v108,692,\\sect\{([^{}]+)\},涡量矩/随体守恒题,涡量矩|随体守恒题,2,涡量矩|随体守恒题,True
v108,694,\\sect\{([^{}]+)\},坐标、单位、负号,坐标|单位|负号,3,坐标|单位|负号,True
v108,696,\\sect\{([^{}]+)\},题图决策卡,题图决策卡,1,题图决策卡,True
v108,697,\\sect\{([^{}]+)\},图里有“自由液面”,图里有“自由液面”,1,图里有“自由液面”,True
v108,699,\\sect\{([^{}]+)\},图里有“压力表”,图里有“压力表”,1,图里有“压力表”,True
v108,701,\\sect\{([^{}]+)\},图里有“U形压差计”,图里有“U形压差计”,1,图里有“U形压差计”,True
v108,703,\\sect\{([^{}]+)\},图里有“铰链+拉杆”,图里有“铰链+拉杆”,1,图里有“铰链+拉杆”,True
v108,705,\\sect\{([^{}]+)\},图里有“弯头/喷嘴出口”,图里有“弯头|喷嘴出口”,2,图里有“弯头|喷嘴出口”,True
v108,707,\\sect\{([^{}]+)\},图里有“泵在吸水侧”,图里有“泵在吸水侧”,1,图里有“泵在吸水侧”,True
v108,709,\\sect\{([^{}]+)\},图里有“水轮机”,图里有“水轮机”,1,图里有“水轮机”,True
v108,711,\\sect\{([^{}]+)\},图里有“突然扩大/缩小”,图里有“突然扩大|缩小”,2,图里有“突然扩大|缩小”,True
v108,713,\\sect\{([^{}]+)\},图里有“平板零攻角”,图里有“平板零攻角”,1,图里有“平板零攻角”,True
v108,715,\\sect\{([^{}]+)\},平均速度,平均速度,1,平均速度,True
v108,717,\\sect\{([^{}]+)\},表压零点,表压零点,1,表压零点,True
v108,719,\\sect\{([^{}]+)\},方向符号,方向符号,1,方向符号,True
v108,721,\\sect\{([^{}]+)\},摩擦面积,摩擦面积,1,摩擦面积,True
v108,723,\\sect\{([^{}]+)\},局部损失速度,局部损失速度,1,局部损失速度,True
v108,725,\\sect\{([^{}]+)\},应力题,应力题,1,应力题,True
v108,727,\\sect\{([^{}]+)\},简答题首句索引,简答题首句索引,1,简答题首句索引,True
v108,729,\\sect\{([^{}]+)\},连续介质,连续介质,1,连续介质,True
v108,731,\\sect\{([^{}]+)\},欧拉/拉格朗日,欧拉|拉格朗日,2,欧拉|拉格朗日,True
v108,733,\\sect\{([^{}]+)\},控制体/系统/质量动量能量守恒,控制体|系统|质量动量能量守恒,3,控制体|系统|质量动量能量守恒,True
v108,736,\\sect\{([^{}]+)\},当地/迁移/随体导数,当地|迁移|随体导数,3,当地|迁移|随体导数,True
v108,738,\\sect\{([^{}]+)\},层流/湍流/渐变流,层流|湍流|渐变流,3,层流|湍流|渐变流,True
v108,740,\\sect\{([^{}]+)\},孔板/自由射流,孔板|自由射流,2,孔板|自由射流,True
v108,742,\\sect\{([^{}]+)\},常见速度剖面结果/1/n指数律,常见速度剖面结果|n指数律,2,常见速度剖面结果|n指数律,True
v108,749,\\sect\{([^{}]+)\},边界条件翻译表,边界条件翻译表,1,边界条件翻译表,True
v108,751,\\sect\{([^{}]+)\},高频计算/查表/控制体收口,高频计算|查表|控制体收口,3,高频计算|查表|控制体收口,True
v108,760,\\sect\{([^{}]+)\},新题反向定位/收口,新题反向定位|收口,2,新题反向定位|收口,True
v108,771,\\sect\{([^{}]+)\},公式禁用快判,公式禁用快判,1,公式禁用快判,True
v108,775,\\chap\{([^{}]+)\},母题2 理想不可压无旋势流：基本流、镜像、圆柱、环量,母题|理想不可压无旋势流|基本流|镜像|圆柱|环量,6,母题|理想不可压无旋势流|基本流|镜像|圆柱|环量,True
v108,778,\\sect\{([^{}]+)\},基本条件,基本条件,1,基本条件,True
v108,784,\\sect\{([^{}]+)\},基本流表,基本流表,1,基本流表,True
v108,794,\\sect\{([^{}]+)\},看到题先搭哪几个基元,看到题先搭哪几个基元,1,看到题先搭哪几个基元,True
v108,802,\\sect\{([^{}]+)\},"给速度求$\varphi,\psi$",给速度求|varphi|psi,3,给速度求|varphi|psi,True
v108,807,\\sect\{([^{}]+)\},圆柱绕流,圆柱绕流,1,圆柱绕流,True
v108,812,\\sect\{([^{}]+)\},圆柱绕流答题模板,圆柱绕流答题模板,1,圆柱绕流答题模板,True
v108,815,\\sect\{([^{}]+)\},半圆柱气膜馆15分：圆柱绕流升力,半圆柱气膜馆|圆柱绕流升力,2,半圆柱气膜馆|圆柱绕流升力,True
v108,820,\\sect\{([^{}]+)\},有环量/升力,有环量|升力,2,有环量|升力,True
v108,823,\\sect\{([^{}]+)\},镜像法/边角,镜像法|边角,2,镜像法|边角,True
v108,826,\\sect\{([^{}]+)\},源汇/驻点常用算式,源汇|驻点常用算式,2,源汇|驻点常用算式,True
v108,829,\\sect\{([^{}]+)\},势流模型公式链骨架,势流模型公式链骨架,1,势流模型公式链骨架,True
v108,838,\\sect\{([^{}]+)\},伯努利用法,伯努利用法,1,伯努利用法,True
v108,840,\\sect\{([^{}]+)\},给速度场求势/流函数例式,给速度场求势|流函数例式,2,给速度场求势|流函数例式,True
v108,842,\\sect\{([^{}]+)\},源/涡压力题,涡压力题,1,涡压力题,True
v108,844,\\sect\{([^{}]+)\},圆柱绕流公式链,圆柱绕流公式链,1,圆柱绕流公式链,True
v108,846,\\sect\{([^{}]+)\},保角/边角题,保角|边角题,2,保角|边角题,True
v108,849,\\sect\{([^{}]+)\},标准结论句,标准结论句,1,标准结论句,True
v108,853,\\sect\{([^{}]+)\},势函数流函数互求,势函数流函数互求,1,势函数流函数互求,True
v108,855,\\sect\{([^{}]+)\},极坐标速度关系,极坐标速度关系,1,极坐标速度关系,True
v108,857,\\sect\{([^{}]+)\},基本流全表,基本流全表,1,基本流全表,True
v108,859,\\sect\{([^{}]+)\},叠加题总流程,叠加题总流程,1,叠加题总流程,True
v108,861,\\sect\{([^{}]+)\},半圆柱/半体绕流,半圆柱|半体绕流,2,半圆柱|半体绕流,True
v108,863,\\sect\{([^{}]+)\},镜像法常见组合,镜像法常见组合,1,镜像法常见组合,True
v108,865,\\sect\{([^{}]+)\},圆柱绕流推导,圆柱绕流推导,1,圆柱绕流推导,True
v108,867,\\sect\{([^{}]+)\},圆柱压力和阻力,圆柱压力和阻力,1,圆柱压力和阻力,True
v108,869,\\sect\{([^{}]+)\},有环量圆柱/机翼,有环量圆柱|机翼,2,有环量圆柱|机翼,True
v108,871,\\sect\{([^{}]+)\},边角绕流,边角绕流,1,边角绕流,True
v108,873,\\sect\{([^{}]+)\},势流压力题,势流压力题,1,势流压力题,True
v108,875,\\sect\{([^{}]+)\},势函数/流函数/圆柱/镜像/机翼,势函数|流函数|圆柱|镜像|机翼,5,势函数|流函数|圆柱|镜像|机翼,True
v108,877,\\sect\{([^{}]+)\},速度场/连续/有旋/无旋/剪切板,速度场|连续|有旋|无旋|剪切板,5,速度场|连续|有旋|无旋|剪切板,True
v108,879,\\sect\{([^{}]+)\},圆柱/物面压力积分,圆柱|物面压力积分,2,圆柱|物面压力积分,True
v108,881,\\sect\{([^{}]+)\},势流结论句,势流结论句,1,势流结论句,True
v108,883,\\sect\{([^{}]+)\},达朗贝尔佯谬句,达朗贝尔佯谬句,1,达朗贝尔佯谬句,True
v108,885,\\sect\{([^{}]+)\},半圆柱/圆柱浮起,半圆柱|圆柱浮起,2,半圆柱|圆柱浮起,True
v108,887,\\sect\{([^{}]+)\},点源靠壁最大速度,点源靠壁最大速度,1,点源靠壁最大速度,True
v108,889,\\sect\{([^{}]+)\},水下半圆球/半圆柱开孔,水下半圆球|半圆柱开孔,2,水下半圆球|半圆柱开孔,True
v108,892,\\sect\{([^{}]+)\},理想流体/势流题干模型压缩,理想流体|势流题干模型压缩,2,理想流体|势流题干模型压缩,True
v108,893,\\sect\{([^{}]+)\},环形路径速度环量,环形路径速度环量,1,环形路径速度环量,True
v108,895,\\sect\{([^{}]+)\},势流方程推导,势流方程推导,1,势流方程推导,True
v108,897,\\sect\{([^{}]+)\},均匀流绕圆柱推导题,均匀流绕圆柱推导题,1,均匀流绕圆柱推导题,True
v108,899,\\sect\{([^{}]+)\},点源/点汇/点涡叠加题,点源|点汇|点涡叠加题,3,点源|点汇|点涡叠加题,True
v108,901,\\sect\{([^{}]+)\},边角流动题,边角流动题,1,边角流动题,True
v108,903,\\sect\{([^{}]+)\},势流应用题干模型压缩,势流应用题干模型压缩,1,势流应用题干模型压缩,True
v108,904,\\sect\{([^{}]+)\},半圆柱屋顶受升力,半圆柱屋顶受升力,1,半圆柱屋顶受升力,True
v108,906,\\sect\{([^{}]+)\},半圆柱水底浮起,半圆柱水底浮起,1,半圆柱水底浮起,True
v108,908,\\sect\{([^{}]+)\},壁面点源最大速度,壁面点源最大速度,1,壁面点源最大速度,True
v108,910,\\sect\{([^{}]+)\},流函数Poisson方程,流函数Poisson方程,1,流函数Poisson方程,True
v108,912,\\sect\{([^{}]+)\},速度场+势函数,速度场+势函数,1,速度场+势函数,True
v108,914,\\sect\{([^{}]+)\},空化,空化,1,空化,True
v108,916,\\sect\{([^{}]+)\},势流基本关系,势流基本关系,1,势流基本关系,True
v108,918,\\sect\{([^{}]+)\},圆柱绕流,圆柱绕流,1,圆柱绕流,True
v108,920,\\sect\{([^{}]+)\},环量升力,环量升力,1,环量升力,True
v108,922,\\sect\{([^{}]+)\},错13：把流函数当势函数,把流函数当势函数,1,把流函数当势函数,True
v108,924,\\sect\{([^{}]+)\},标准解模板：势流,标准解模板|势流,2,标准解模板|势流,True
v108,926,\\sect\{([^{}]+)\},Rankine卵形,Rankine卵形,1,Rankine卵形,True
v108,928,\\sect\{([^{}]+)\},偶极子物理意义,偶极子物理意义,1,偶极子物理意义,True
v108,930,\\sect\{([^{}]+)\},机翼升力,机翼升力,1,机翼升力,True
v108,932,\\sect\{([^{}]+)\},为什么有流函数,为什么有流函数,1,为什么有流函数,True
v108,934,\\sect\{([^{}]+)\},为什么有势函数,为什么有势函数,1,为什么有势函数,True
v108,936,\\sect\{([^{}]+)\},为什么圆柱理想阻力为0,为什么圆柱理想阻力为,1,为什么圆柱理想阻力为,True
v108,938,\\sect\{([^{}]+)\},模板：势流叠加流程,模板|势流叠加流程,2,模板|势流叠加流程,True
v108,940,\\sect\{([^{}]+)\},模板：圆柱有环量流程,模板|圆柱有环量流程,2,模板|圆柱有环量流程,True
v108,942,\\sect\{([^{}]+)\},图像：圆柱/球外绕,图像|圆柱|球外绕,3,图像|圆柱|球外绕,True
v108,944,\\sect\{([^{}]+)\},"题干给$\phi,\psi,\Gamma$、源汇、圆柱、壁面",题干给|phi|psi|Gamma|源汇|圆柱|壁面,7,题干给|phi|psi|Gamma|源汇|圆柱|壁面,True
v108,946,\\sect\{([^{}]+)\},连续/流函数/势函数证明,连续|流函数|势函数证明,3,连续|流函数|势函数证明,True
v108,948,\\sect\{([^{}]+)\},流函数存在与物理意义,流函数存在与物理意义,1,流函数存在与物理意义,True
v108,950,\\sect\{([^{}]+)\},图里有“圆柱/球绕流”,图里有“圆柱|球绕流”,2,图里有“圆柱|球绕流”,True
v108,953,\\chap\{([^{}]+)\},母题3 可压缩等熵流与Laval喷管,母题|可压缩等熵流与Laval喷管,1,母题,True
v108,956,\\sect\{([^{}]+)\},基本公式,基本公式,1,基本公式,True
v108,970,\\sect\{([^{}]+)\},临界/阻塞,临界|阻塞,2,临界|阻塞,True
v108,977,\\sect\{([^{}]+)\},总量、静量、背压别混,总量|静量|背压别混,3,总量|静量|背压别混,True
v108,980,\\sect\{([^{}]+)\},面积--马赫数,面积|马赫数,2,面积|马赫数,True
v108,987,\\sect\{([^{}]+)\},质量流量,质量流量,1,质量流量,True
v108,994,\\sect\{([^{}]+)\},Ma作为中间变量,Ma作为中间变量,1,Ma作为中间变量,True
v108,997,\\sect\{([^{}]+)\},Laval 背压状态,Laval|背压状态,2,Laval|背压状态,True
v108,1007,\\sect\{([^{}]+)\},收缩喷管题,收缩喷管题,1,收缩喷管题,True
v108,1010,\\sect\{([^{}]+)\},收缩喷管/背压标准步骤,收缩喷管|背压标准步骤,2,收缩喷管|背压标准步骤,True
v108,1013,\\sect\{([^{}]+)\},Laval面积/流量题,Laval面积|流量题,2,Laval面积|流量题,True
v108,1015,\\sect\{([^{}]+)\},Laval面积比标准步骤,Laval面积比标准步骤,1,Laval面积比标准步骤,True
v108,1018,\\sect\{([^{}]+)\},文丘里质量流量计,文丘里质量流量计,1,文丘里质量流量计,True
v108,1020,\\sect\{([^{}]+)\},可压文丘里流量计标准步骤,可压文丘里流量计标准步骤,1,可压文丘里流量计标准步骤,True
v108,1022,\\sect\{([^{}]+)\},可压缩题判断树,可压缩题判断树,1,可压缩题判断树,True
v108,1024,\\sect\{([^{}]+)\},空气小表：等熵/面积/PM/正激波,空气小表|等熵|面积|PM|正激波,5,空气小表|等熵|面积|PM|正激波,True
v108,1026,\\sect\{([^{}]+)\},答题检查句,答题检查句,1,答题检查句,True
v108,1028,\\sect\{([^{}]+)\},可压缩基础题,可压缩基础题,1,可压缩基础题,True
v108,1030,\\sect\{([^{}]+)\},喷管出口状态三句话,喷管出口状态三句话,1,喷管出口状态三句话,True
v108,1032,\\sect\{([^{}]+)\},面积比求M查表替代,面积比求M查表替代,1,面积比求M查表替代,True
v108,1034,\\sect\{([^{}]+)\},质量流量检查,质量流量检查,1,质量流量检查,True
v108,1038,\\sect\{([^{}]+)\},势流与理想不可压模型速解,势流与理想不可压模型速解,1,势流与理想不可压模型速解,True
v108,1039,\\sect\{([^{}]+)\},弹性模量/声速,弹性模量|声速,2,弹性模量|声速,True
v108,1041,\\sect\{([^{}]+)\},飞机声音/马赫锥,飞机声音|马赫锥,2,飞机声音|马赫锥,True
v108,1043,\\sect\{([^{}]+)\},滞止量题,滞止量题,1,滞止量题,True
v108,1045,\\sect\{([^{}]+)\},收缩喷管背压型,收缩喷管背压型,1,收缩喷管背压型,True
v108,1047,\\sect\{([^{}]+)\},Laval面积比型,Laval面积比型,1,Laval面积比型,True
v108,1049,\\sect\{([^{}]+)\},可压文丘里流量计型,可压文丘里流量计型,1,可压文丘里流量计型,True
v108,1051,\\sect\{([^{}]+)\},Laval背压图文字版,Laval背压图文字版,1,Laval背压图文字版,True
v108,1053,\\sect\{([^{}]+)\},喷管/背压/阻塞/质量流量,喷管|背压|阻塞|质量流量,4,喷管|背压|阻塞|质量流量,True
v108,1055,\\sect\{([^{}]+)\},压缩性/弹性模量,压缩性|弹性模量,2,压缩性|弹性模量,True
v108,1057,\\sect\{([^{}]+)\},马赫锥/扰动传播,马赫锥|扰动传播,2,马赫锥|扰动传播,True
v108,1059,\\sect\{([^{}]+)\},面积--马赫数表怎么用,面积|马赫数表怎么用,2,面积|马赫数表怎么用,True
v108,1061,\\sect\{([^{}]+)\},喉部、临界、阻塞,喉部|临界|阻塞,3,喉部|临界|阻塞,True
v108,1063,\\sect\{([^{}]+)\},亚声速/超声速面积效应,亚声速|超声速面积效应,2,亚声速|超声速面积效应,True
v108,1065,\\sect\{([^{}]+)\},“不可压无旋”,“不可压无旋”,1,“不可压无旋”,True
v108,1067,\\sect\{([^{}]+)\},“背压降低”,“背压降低”,1,“背压降低”,True
v108,1069,\\sect\{([^{}]+)\},阻塞句,阻塞句,1,阻塞句,True
v108,1071,\\sect\{([^{}]+)\},可压缩流动题干模型压缩,可压缩流动题干模型压缩,1,可压缩流动题干模型压缩,True
v108,1072,\\sect\{([^{}]+)\},收缩喷管背压,收缩喷管背压,1,收缩喷管背压,True
v108,1074,\\sect\{([^{}]+)\},可压文丘里流量计,可压文丘里流量计,1,可压文丘里流量计,True
v108,1076,\\sect\{([^{}]+)\},喷管背压状态判断,喷管背压状态判断,1,喷管背压状态判断,True
v108,1078,\\sect\{([^{}]+)\},“判断阻塞”,“判断阻塞”,1,“判断阻塞”,True
v108,1080,\\sect\{([^{}]+)\},收缩喷管+背压,收缩喷管+背压,1,收缩喷管+背压,True
v108,1082,\\sect\{([^{}]+)\},Laval+面积比,Laval+面积比,1,Laval+面积比,True
v108,1084,\\sect\{([^{}]+)\},水击/声速概念,水击|声速概念,2,水击|声速概念,True
v108,1086,\\sect\{([^{}]+)\},马赫数和总量,马赫数和总量,1,马赫数和总量,True
v108,1088,\\sect\{([^{}]+)\},临界量,临界量,1,临界量,True
v108,1090,\\sect\{([^{}]+)\},面积--马赫,面积|马赫,2,面积|马赫,True
v108,1092,\\sect\{([^{}]+)\},质量流量可压,质量流量可压,1,质量流量可压,True
v108,1094,\\sect\{([^{}]+)\},"$A,A^*,A_t,A_e$",,0,,False
v108,1096,\\sect\{([^{}]+)\},"$M,\mu,\beta,\theta$",mu|beta|theta,3,mu|beta|theta,True
v108,1098,\\sect\{([^{}]+)\},流程D：给喷管图,流程D|给喷管图,2,流程D|给喷管图,True
v108,1100,\\sect\{([^{}]+)\},错1：把背压当出口压,把背压当出口压,1,把背压当出口压,True
v108,1102,\\sect\{([^{}]+)\},标准解模板：喷管,标准解模板|喷管,2,标准解模板|喷管,True
v108,1104,\\sect\{([^{}]+)\},为什么阻塞,为什么阻塞,1,为什么阻塞,True
v108,1106,\\sect\{([^{}]+)\},为什么Laval能超声速,为什么Laval能超声速,1,为什么Laval能超声速,True
v108,1108,\\sect\{([^{}]+)\},为什么马赫数重要,为什么马赫数重要,1,为什么马赫数重要,True
v108,1110,\\sect\{([^{}]+)\},空气临界速算,空气临界速算,1,空气临界速算,True
v108,1112,\\sect\{([^{}]+)\},声速速算,声速速算,1,声速速算,True
v108,1114,\\sect\{([^{}]+)\},马赫角速算,马赫角速算,1,马赫角速算,True
v108,1116,\\sect\{([^{}]+)\},喷管状态数量级,喷管状态数量级,1,喷管状态数量级,True
v108,1118,\\sect\{([^{}]+)\},不可压近似,不可压近似,1,不可压近似,True
v108,1120,\\sect\{([^{}]+)\},模板：Laval喷管流程,模板|Laval喷管流程,2,模板|Laval喷管流程,True
v108,1122,\\sect\{([^{}]+)\},喷管题骨架,喷管题骨架,1,喷管题骨架,True
v108,1124,\\sect\{([^{}]+)\},文丘里不可压流量,文丘里不可压流量,1,文丘里不可压流量,True
v108,1126,\\sect\{([^{}]+)\},声速,声速,1,声速,True
v108,1128,\\sect\{([^{}]+)\},滞止温度,滞止温度,1,滞止温度,True
v108,1130,\\sect\{([^{}]+)\},收缩管最大流量,收缩管最大流量,1,收缩管最大流量,True
v108,1132,\\sect\{([^{}]+)\},喷管查表子链1,喷管查表子链,1,喷管查表子链,True
v108,1134,\\sect\{([^{}]+)\},喷管查表子链2,喷管查表子链,1,喷管查表子链,True
v108,1136,\\sect\{([^{}]+)\},图像：Laval喷管压力曲线,图像|Laval喷管压力曲线,2,图像|Laval喷管压力曲线,True
v108,1138,\\sect\{([^{}]+)\},"题干给$M,p_0,T_0,A^*,p_b$",题干给,1,题干给,True
v108,1140,\\sect\{([^{}]+)\},可压查表小表,可压查表小表,1,可压查表小表,True
v108,1142,\\sect\{([^{}]+)\},可压缩题查表入口,可压缩题查表入口,1,可压缩题查表入口,True
v108,1151,\\sect\{([^{}]+)\},模板：等熵压比,模板|等熵压比,2,模板|等熵压比,True
v108,1153,\\sect\{([^{}]+)\},模板：质量流量,模板|质量流量,2,模板|质量流量,True
v108,1155,\\sect\{([^{}]+)\},图里有“喉部”,图里有“喉部”,1,图里有“喉部”,True
v108,1157,\\sect\{([^{}]+)\},图里有“背压$p_b$”,图里有“背压,1,图里有“背压,True
v108,1159,\\sect\{([^{}]+)\},喷管出口线,喷管出口线,1,喷管出口线,True
v108,1161,\\sect\{([^{}]+)\},喉部面积,喉部面积,1,喉部面积,True
v108,1164,\\chap\{([^{}]+)\},母题4 正激波、斜激波、膨胀波,母题|正激波|斜激波|膨胀波,4,母题|正激波|斜激波|膨胀波,True
v108,1167,\\sect\{([^{}]+)\},总判断,总判断,1,总判断,True
v108,1170,\\sect\{([^{}]+)\},正激波,正激波,1,正激波,True
v108,1180,\\sect\{([^{}]+)\},斜激波流程,斜激波流程,1,斜激波流程,True
v108,1183,\\sect\{([^{}]+)\},斜激波无表时,斜激波无表时,1,斜激波无表时,True
v108,1190,\\sect\{([^{}]+)\},膨胀波/Prandtl-Meyer,膨胀波|Prandtl|Meyer,3,膨胀波|Prandtl|Meyer,True
v108,1199,\\sect\{([^{}]+)\},膨胀波后物理量,膨胀波后物理量,1,膨胀波后物理量,True
v108,1204,\\sect\{([^{}]+)\},Laval管外膨胀模板,Laval管外膨胀模板,1,Laval管外膨胀模板,True
v108,1207,\\sect\{([^{}]+)\},Laval管内正激波模板,Laval管内正激波模板,1,Laval管内正激波模板,True
v108,1209,\\sect\{([^{}]+)\},Laval内激波分段链,Laval内激波分段链,1,Laval内激波分段链,True
v108,1212,\\sect\{([^{}]+)\},易错,易错,1,易错,True
v108,1214,\\sect\{([^{}]+)\},激波反射/相交题写法,激波反射|相交题写法,2,激波反射|相交题写法,True
v108,1216,\\sect\{([^{}]+)\},压缩角/膨胀角判断,压缩角|膨胀角判断,2,压缩角|膨胀角判断,True
v108,1218,\\sect\{([^{}]+)\},Laval背压八状态速记,Laval背压八状态速记,1,Laval背压八状态速记,True
v108,1220,\\sect\{([^{}]+)\},过程分标准句,过程分标准句,1,过程分标准句,True
v108,1222,\\sect\{([^{}]+)\},正激波常用极限,正激波常用极限,1,正激波常用极限,True
v108,1224,\\sect\{([^{}]+)\},斜激波压力比,斜激波压力比,1,斜激波压力比,True
v108,1226,\\sect\{([^{}]+)\},膨胀波常见题,膨胀波常见题,1,膨胀波常见题,True
v108,1228,\\sect\{([^{}]+)\},管外膨胀简答句,管外膨胀简答句,1,管外膨胀简答句,True
v108,1232,\\sect\{([^{}]+)\},可压缩、喷管、激波模型速解,可压缩|喷管|激波模型速解,3,可压缩|喷管|激波模型速解,True
v108,1233,\\sect\{([^{}]+)\},正激波关系型,正激波关系型,1,正激波关系型,True
v108,1235,\\sect\{([^{}]+)\},斜激波/脱体激波型,斜激波|脱体激波型,2,斜激波|脱体激波型,True
v108,1237,\\sect\{([^{}]+)\},PM膨胀/管外膨胀型,PM膨胀|管外膨胀型,2,PM膨胀|管外膨胀型,True
v108,1239,\\sect\{([^{}]+)\},Laval管内正激波型,Laval管内正激波型,1,Laval管内正激波型,True
v108,1241,\\sect\{([^{}]+)\},激波/膨胀选择,激波|膨胀选择,2,激波|膨胀选择,True
v108,1243,\\sect\{([^{}]+)\},激波/斜激波/膨胀波/超声速转角,激波|斜激波|膨胀波|超声速转角,4,激波|斜激波|膨胀波|超声速转角,True
v108,1245,\\sect\{([^{}]+)\},Laval出口外膨胀,Laval出口外膨胀,1,Laval出口外膨胀,True
v108,1247,\\sect\{([^{}]+)\},正激波表怎么用,正激波表怎么用,1,正激波表怎么用,True
v108,1249,\\sect\{([^{}]+)\},斜激波表怎么用,斜激波表怎么用,1,斜激波表怎么用,True
v108,1251,\\sect\{([^{}]+)\},PM函数表怎么用,PM函数表怎么用,1,PM函数表怎么用,True
v108,1253,\\sect\{([^{}]+)\},激波和膨胀波,激波和膨胀波,1,激波和膨胀波,True
v108,1255,\\sect\{([^{}]+)\},激波句,激波句,1,激波句,True
v108,1257,\\sect\{([^{}]+)\},膨胀波句,膨胀波句,1,膨胀波句,True
v108,1259,\\sect\{([^{}]+)\},小查表：空气等熵/PM,小查表|空气等熵|PM,3,小查表|空气等熵|PM,True
v108,1269,\\sect\{([^{}]+)\},小查表：正激波/光滑管,小查表|正激波|光滑管,3,小查表|正激波|光滑管,True
v108,1271,\\sect\{([^{}]+)\},Laval无激波,Laval无激波,1,Laval无激波,True
v108,1273,\\sect\{([^{}]+)\},正激波,正激波,1,正激波,True
v108,1275,\\sect\{([^{}]+)\},运动正激波撞墙反射,运动正激波撞墙反射,1,运动正激波撞墙反射,True
v108,1277,\\sect\{([^{}]+)\},斜激波,斜激波,1,斜激波,True
v108,1279,\\sect\{([^{}]+)\},斜激波方程组,斜激波方程组,1,斜激波方程组,True
v108,1281,\\sect\{([^{}]+)\},脱体激波,脱体激波,1,脱体激波,True
v108,1283,\\sect\{([^{}]+)\},管外膨胀,管外膨胀,1,管外膨胀,True
v108,1285,\\sect\{([^{}]+)\},管内激波,管内激波,1,管内激波,True
v108,1287,\\sect\{([^{}]+)\},U型压差计+正激波,U型压差计+正激波,1,U型压差计+正激波,True
v108,1289,\\sect\{([^{}]+)\},“判断激波位置”,“判断激波位置”,1,“判断激波位置”,True
v108,1291,\\sect\{([^{}]+)\},Laval+内激波,Laval+内激波,1,Laval+内激波,True
v108,1293,\\sect\{([^{}]+)\},斜激波+PM,斜激波+PM,1,斜激波+PM,True
v108,1295,\\sect\{([^{}]+)\},正激波,正激波,1,正激波,True
v108,1297,\\sect\{([^{}]+)\},斜激波,斜激波,1,斜激波,True
v108,1299,\\sect\{([^{}]+)\},PM/Prandtl-Meyer函数,PM|Prandtl|Meyer函数,3,PM|Prandtl|Meyer函数,True
v108,1301,\\sect\{([^{}]+)\},流程E：给激波图,流程E|给激波图,2,流程E|给激波图,True
v108,1303,\\sect\{([^{}]+)\},错3：激波后继续用原$p_0$,激波后继续用原,1,激波后继续用原,True
v108,1305,\\sect\{([^{}]+)\},错11：PM压缩也用,PM压缩也用,1,PM压缩也用,True
v108,1307,\\sect\{([^{}]+)\},标准解模板：激波,标准解模板|激波,2,标准解模板|激波,True
v108,1309,\\sect\{([^{}]+)\},为什么激波总压下降,为什么激波总压下降,1,为什么激波总压下降,True
v108,1311,\\sect\{([^{}]+)\},为什么膨胀波等熵,为什么膨胀波等熵,1,为什么膨胀波等熵,True
v108,1313,\\sect\{([^{}]+)\},为什么斜激波用法向马赫数,为什么斜激波用法向马赫数,1,为什么斜激波用法向马赫数,True
v108,1315,\\sect\{([^{}]+)\},正激波空气$M_1=2$,正激波空气,1,正激波空气,True
v108,1317,\\sect\{([^{}]+)\},正激波空气$M_1=3$,正激波空气,1,正激波空气,True
v108,1319,\\sect\{([^{}]+)\},PM函数使用提醒,PM函数使用提醒,1,PM函数使用提醒,True
v108,1321,\\sect\{([^{}]+)\},斜激波弱解检查,斜激波弱解检查,1,斜激波弱解检查,True
v108,1323,\\sect\{([^{}]+)\},模板：正激波流程,模板|正激波流程,2,模板|正激波流程,True
v108,1325,\\sect\{([^{}]+)\},模板：斜激波流程,模板|斜激波流程,2,模板|斜激波流程,True
v108,1327,\\sect\{([^{}]+)\},模板：膨胀波流程,模板|膨胀波流程,2,模板|膨胀波流程,True
v108,1329,\\sect\{([^{}]+)\},激波题骨架,激波题骨架,1,激波题骨架,True
v108,1331,\\sect\{([^{}]+)\},正激波后速度链,正激波后速度链,1,正激波后速度链,True
v108,1333,\\sect\{([^{}]+)\},PM膨胀压力比,PM膨胀压力比,1,PM膨胀压力比,True
v108,1335,\\sect\{([^{}]+)\},斜激波波角检查,斜激波波角检查,1,斜激波波角检查,True
v108,1337,\\sect\{([^{}]+)\},激波查表子链,激波查表子链,1,激波查表子链,True
v108,1339,\\sect\{([^{}]+)\},斜激波查表子链,斜激波查表子链,1,斜激波查表子链,True
v108,1341,\\sect\{([^{}]+)\},PM查表子链,PM查表子链,1,PM查表子链,True
v108,1343,\\sect\{([^{}]+)\},图像：楔形物体,图像|楔形物体,2,图像|楔形物体,True
v108,1345,\\sect\{([^{}]+)\},图像：凹角/凸角,图像|凹角|凸角,3,图像|凹角|凸角,True
v108,1347,\\sect\{([^{}]+)\},Laval管外膨胀/内激波/多波型,Laval管外膨胀|内激波|多波型,3,Laval管外膨胀|内激波|多波型,True
v108,1349,\\sect\{([^{}]+)\},图里有“正激波”,图里有“正激波”,1,图里有“正激波”,True
v108,1351,\\sect\{([^{}]+)\},图里有“斜面压缩角”,图里有“斜面压缩角”,1,图里有“斜面压缩角”,True
v108,1353,\\sect\{([^{}]+)\},图里有“凸角膨胀”,图里有“凸角膨胀”,1,图里有“凸角膨胀”,True
v108,1355,\\sect\{([^{}]+)\},激波查表,激波查表,1,激波查表,True
v108,1357,\\sect\{([^{}]+)\},势函数/流函数/阻塞/激波,势函数|流函数|阻塞|激波,4,势函数|流函数|阻塞|激波,True
v108,1360,\\chap\{([^{}]+)\},母题5 粘性管流：N-S、H-P、Couette、管内压损,母题|粘性管流|Couette|管内压损,4,母题|粘性管流|Couette|管内压损,True
v108,1363,\\sect\{([^{}]+)\},N-S 简化,简化,1,简化,True
v108,1367,\\sect\{([^{}]+)\},H-P 圆管层流,圆管层流,1,圆管层流,True
v108,1372,\\sect\{([^{}]+)\},广义压强写法,广义压强写法,1,广义压强写法,True
v108,1375,\\sect\{([^{}]+)\},Couette 流,Couette,1,Couette,True
v108,1380,\\sect\{([^{}]+)\},双层 Couette,双层|Couette,2,双层|Couette,True
v108,1384,\\sect\{([^{}]+)\},管路损失/管内压损,管路损失|管内压损,2,管路损失|管内压损,True
v108,1391,\\sect\{([^{}]+)\},管路题统一流程,管路题统一流程,1,管路题统一流程,True
v108,1394,\\sect\{([^{}]+)\},常见模型模板,常见模型模板,1,常见模型模板,True
v108,1405,\\sect\{([^{}]+)\},平板Poiseuille,平板Poiseuille,1,平板Poiseuille,True
v108,1407,\\sect\{([^{}]+)\},Couette--Poiseuille合成,Couette|Poiseuille合成,2,Couette|Poiseuille合成,True
v108,1409,\\sect\{([^{}]+)\},层流/湍流判定,层流|湍流判定,2,层流|湍流判定,True
v108,1411,\\sect\{([^{}]+)\},压力降与剪力平衡,压力降与剪力平衡,1,压力降与剪力平衡,True
v108,1413,\\sect\{([^{}]+)\},管内层流竖直流,管内层流竖直流,1,管内层流竖直流,True
v108,1415,\\sect\{([^{}]+)\},层流解析题通用套路,层流解析题通用套路,1,层流解析题通用套路,True
v108,1417,\\sect\{([^{}]+)\},泵/汽蚀判断,汽蚀判断,1,汽蚀判断,True
v108,1419,\\sect\{([^{}]+)\},局部损失系数,局部损失系数,1,局部损失系数,True
v108,1423,\\sect\{([^{}]+)\},粘性流动、管流、边界层模型速解,粘性流动|管流|边界层模型速解,3,粘性流动|管流|边界层模型速解,True
v108,1424,\\sect\{([^{}]+)\},N--S简化四句话,S简化四句话,1,S简化四句话,True
v108,1426,\\sect\{([^{}]+)\},平板间层流,平板间层流,1,平板间层流,True
v108,1428,\\sect\{([^{}]+)\},两层Couette型,两层Couette型,1,两层Couette型,True
v108,1430,\\sect\{([^{}]+)\},倾斜平板流程,倾斜平板流程,1,倾斜平板流程,True
v108,1432,\\sect\{([^{}]+)\},圆管H--P,圆管H,1,圆管H,True
v108,1434,\\sect\{([^{}]+)\},管道湍流壁律,管道湍流壁律,1,管道湍流壁律,True
v108,1436,\\sect\{([^{}]+)\},管内边界层厚度题,管内边界层厚度题,1,管内边界层厚度题,True
v108,1438,\\sect\{([^{}]+)\},Stokes小球,Stokes小球,1,Stokes小球,True
v108,1440,\\sect\{([^{}]+)\},N-S简化/H-P/Couette/两层流体/Stokes,S简化|Couette|两层流体|Stokes,4,S简化|Couette|两层流体|Stokes,True
v108,1442,\\sect\{([^{}]+)\},边界层/壁律/泵吸水/水轮机,边界层|壁律|泵吸水|水轮机,4,边界层|壁律|泵吸水|水轮机,True
v108,1444,\\sect\{([^{}]+)\},管内湍流壁律厚度,管内湍流壁律厚度,1,管内湍流壁律厚度,True
v108,1446,\\sect\{([^{}]+)\},“小球Re<1”,“小球Re<,1,“小球Re<,True
v108,1448,\\sect\{([^{}]+)\},“无压差Couette”,“无压差Couette”,1,“无压差Couette”,True
v108,1450,\\sect\{([^{}]+)\},管流损失句,管流损失句,1,管流损失句,True
v108,1452,\\sect\{([^{}]+)\},粘性圆管入口发展,粘性圆管入口发展,1,粘性圆管入口发展,True
v108,1454,\\sect\{([^{}]+)\},LES/DNS/RANS概念,LES|DNS|RANS概念,3,LES|DNS|RANS概念,True
v108,1456,\\sect\{([^{}]+)\},雷诺应力,雷诺应力,1,雷诺应力,True
v108,1458,\\sect\{([^{}]+)\},混合长度,混合长度,1,混合长度,True
v108,1460,\\sect\{([^{}]+)\},平板Couette流量,平板Couette流量,1,平板Couette流量,True
v108,1462,\\sect\{([^{}]+)\},粘性流动题干模型压缩,粘性流动题干模型压缩,1,粘性流动题干模型压缩,True
v108,1463,\\sect\{([^{}]+)\},圆管层流压降,圆管层流压降,1,圆管层流压降,True
v108,1465,\\sect\{([^{}]+)\},小球Stokes阻力,小球Stokes阻力,1,小球Stokes阻力,True
v108,1467,\\sect\{([^{}]+)\},两层流体剪切,两层流体剪切,1,两层流体剪切,True
v108,1469,\\sect\{([^{}]+)\},小球低Re终速,小球低Re终速,1,小球低Re终速,True
v108,1471,\\sect\{([^{}]+)\},管内层流三方向,管内层流三方向,1,管内层流三方向,True
v108,1473,\\sect\{([^{}]+)\},倾斜平板层流,倾斜平板层流,1,倾斜平板层流,True
v108,1475,\\sect\{([^{}]+)\},物面条件证明,物面条件证明,1,物面条件证明,True
v108,1477,\\sect\{([^{}]+)\},圆管湍流平均速度公式,圆管湍流平均速度公式,1,圆管湍流平均速度公式,True
v108,1479,\\sect\{([^{}]+)\},“求剪应力”,“求剪应力”,1,“求剪应力”,True
v108,1481,\\sect\{([^{}]+)\},湍流壁律+管内厚度,湍流壁律+管内厚度,1,湍流壁律+管内厚度,True
v108,1483,\\sect\{([^{}]+)\},Stokes小球+沉降,Stokes小球+沉降,1,Stokes小球+沉降,True
v108,1485,\\sect\{([^{}]+)\},雷诺平均,雷诺平均,1,雷诺平均,True
v108,1487,\\sect\{([^{}]+)\},剪应力,剪应力,1,剪应力,True
v108,1489,\\sect\{([^{}]+)\},Stokes,Stokes,1,Stokes,True
v108,1491,\\sect\{([^{}]+)\},流程G：给层流解析,流程G|给层流解析,2,流程G|给层流解析,True
v108,1493,\\sect\{([^{}]+)\},错5：H--P用于湍流,P用于湍流,1,P用于湍流,True
v108,1495,\\sect\{([^{}]+)\},标准解模板：N--S层流,标准解模板|S层流,2,标准解模板|S层流,True
v108,1497,\\sect\{([^{}]+)\},为什么两层流体剪应力连续,为什么两层流体剪应力连续,1,为什么两层流体剪应力连续,True
v108,1499,\\sect\{([^{}]+)\},为什么H--P抛物线,为什么H|P抛物线,2,为什么H|P抛物线,True
v108,1501,\\sect\{([^{}]+)\},为什么Stokes阻力与速度一次方成正比,为什么Stokes阻力与速度一次方成正比,1,为什么Stokes阻力与速度一次方成正比,True
v108,1503,\\sect\{([^{}]+)\},为什么圆管湍流用壁律,为什么圆管湍流用壁律,1,为什么圆管湍流用壁律,True
v108,1505,\\sect\{([^{}]+)\},H--P压降速算,P压降速算,1,P压降速算,True
v108,1507,\\sect\{([^{}]+)\},壁律厚度速算,壁律厚度速算,1,壁律厚度速算,True
v108,1509,\\sect\{([^{}]+)\},Stokes终速速算,Stokes终速速算,1,Stokes终速速算,True
v108,1511,\\sect\{([^{}]+)\},圆管层流剪应力,圆管层流剪应力,1,圆管层流剪应力,True
v108,1513,\\sect\{([^{}]+)\},模板：弯管流程,模板|弯管流程,2,模板|弯管流程,True
v108,1515,\\sect\{([^{}]+)\},模板：圆管层流流程,模板|圆管层流流程,2,模板|圆管层流流程,True
v108,1517,\\sect\{([^{}]+)\},模板：平板Couette流程,模板|平板Couette流程,2,模板|平板Couette流程,True
v108,1519,\\sect\{([^{}]+)\},模板：两层流流程,模板|两层流流程,2,模板|两层流流程,True
v108,1521,\\sect\{([^{}]+)\},模板：Stokes小球流程,模板|Stokes小球流程,2,模板|Stokes小球流程,True
v108,1523,\\sect\{([^{}]+)\},粘性解析题骨架,粘性解析题骨架,1,粘性解析题骨架,True
v108,1525,\\sect\{([^{}]+)\},小球低Re阻力,小球低Re阻力,1,小球低Re阻力,True
v108,1527,\\sect\{([^{}]+)\},小球二次阻力终速,小球二次阻力终速,1,小球二次阻力终速,True
v108,1529,\\sect\{([^{}]+)\},圆管层流流量,圆管层流流量,1,圆管层流流量,True
v108,1531,\\sect\{([^{}]+)\},管内平均/最大速度,管内平均|最大速度,2,管内平均|最大速度,True
v108,1533,\\sect\{([^{}]+)\},壁面剪应力,壁面剪应力,1,壁面剪应力,True
v108,1535,\\sect\{([^{}]+)\},两板间流量,两板间流量,1,两板间流量,True
v108,1537,\\sect\{([^{}]+)\},薄板两侧油膜剪力,薄板两侧油膜剪力,1,薄板两侧油膜剪力,True
v108,1539,\\sect\{([^{}]+)\},活塞/环隙油膜,活塞|环隙油膜,2,活塞|环隙油膜,True
v108,1541,\\sect\{([^{}]+)\},两层流体剪力,两层流体剪力,1,两层流体剪力,True
v108,1543,\\sect\{([^{}]+)\},雷诺应力符号,雷诺应力符号,1,雷诺应力符号,True
v108,1545,\\sect\{([^{}]+)\},粘性/阻力查表入口,粘性|阻力查表入口,2,粘性|阻力查表入口,True
v108,1554,\\sect\{([^{}]+)\},模板：Stokes,模板|Stokes,2,模板|Stokes,True
v108,1556,\\sect\{([^{}]+)\},图里有“圆管层流”,图里有“圆管层流”,1,图里有“圆管层流”,True
v108,1558,\\sect\{([^{}]+)\},一维N--S/H--P骨架,一维N|P骨架,2,一维N|P骨架,True
v108,1563,\\chap\{([^{}]+)\},母题6 边界层、外绕流阻力、综合收口,母题|边界层|外绕流阻力|综合收口,4,母题|边界层|外绕流阻力|综合收口,True
v108,1566,\\sect\{([^{}]+)\},Prandtl 边界层/Blasius,Prandtl|边界层|Blasius,3,Prandtl|边界层|Blasius,True
v108,1573,\\sect\{([^{}]+)\},位移/动量厚度/Von Karman,位移|动量厚度|Von|Karman,4,位移|动量厚度|Von|Karman,True
v108,1578,\\sect\{([^{}]+)\},常见剖面直接用,常见剖面直接用,1,常见剖面直接用,True
v108,1581,\\sect\{([^{}]+)\},平板层流边界层油流,平板层流边界层油流,1,平板层流边界层油流,True
v108,1584,\\sect\{([^{}]+)\},平板题统一流程,平板题统一流程,1,平板题统一流程,True
v108,1587,\\sect\{([^{}]+)\},湍流近壁三层,湍流近壁三层,1,湍流近壁三层,True
v108,1589,\\sect\{([^{}]+)\},壁律题写法,壁律题写法,1,壁律题写法,True
v108,1592,\\sect\{([^{}]+)\},分离与阻力,分离与阻力,1,分离与阻力,True
v108,1594,\\sect\{([^{}]+)\},外绕流阻力判断,外绕流阻力判断,1,外绕流阻力判断,True
v108,1597,\\sect\{([^{}]+)\},高频收口模型,高频收口模型,1,高频收口模型,True
v108,1609,\\sect\{([^{}]+)\},过程分最小骨架,过程分最小骨架,1,过程分最小骨架,True
v108,1611,\\sect\{([^{}]+)\},Von Karman边界层积分模板,Von|Karman边界层积分模板,2,Von|Karman边界层积分模板,True
v108,1613,\\sect\{([^{}]+)\},阻力系数换算,阻力系数换算,1,阻力系数换算,True
v108,1615,\\sect\{([^{}]+)\},边界层题检查,边界层题检查,1,边界层题检查,True
v108,1617,\\sect\{([^{}]+)\},交卷前检查,交卷前检查,1,交卷前检查,True
v108,1619,\\sect\{([^{}]+)\},外流阻力典型量,外流阻力典型量,1,外流阻力典型量,True
v108,1621,\\sect\{([^{}]+)\},边界层分离答题句,边界层分离答题句,1,边界层分离答题句,True
v108,1623,\\sect\{([^{}]+)\},公式许可检查,公式许可检查,1,公式许可检查,True
v108,1625,\\sect\{([^{}]+)\},查书优先级,查书优先级,1,查书优先级,True
v108,1628,\\sect\{([^{}]+)\},平板边界层/Blasius,平板边界层|Blasius,2,平板边界层|Blasius,True
v108,1630,\\sect\{([^{}]+)\},湍流/转捩平板,湍流|转捩平板,2,湍流|转捩平板,True
v108,1632,\\sect\{([^{}]+)\},平板外绕阻力型,平板外绕阻力型,1,平板外绕阻力型,True
v108,1634,\\sect\{([^{}]+)\},边界层动量积分,边界层动量积分,1,边界层动量积分,True
v108,1636,\\sect\{([^{}]+)\},分离/绕流阻力,分离|绕流阻力,2,分离|绕流阻力,True
v108,1638,\\sect\{([^{}]+)\},平板边界层/摩擦阻力/分离,平板边界层|摩擦阻力|分离,3,平板边界层|摩擦阻力|分离,True
v108,1640,\\sect\{([^{}]+)\},平板边界层阻力,平板边界层阻力,1,平板边界层阻力,True
v108,1642,\\sect\{([^{}]+)\},阻力系数图怎么用,阻力系数图怎么用,1,阻力系数图怎么用,True
v108,1644,\\sect\{([^{}]+)\},层流/湍流/边界层,层流|湍流|边界层,3,层流|湍流|边界层,True
v108,1646,\\sect\{([^{}]+)\},答案量纲检查,答案量纲检查,1,答案量纲检查,True
v108,1648,\\sect\{([^{}]+)\},边界层句,边界层句,1,边界层句,True
v108,1650,\\sect\{([^{}]+)\},量纲相似满分模板,量纲相似满分模板,1,量纲相似满分模板,True
v108,1654,\\sect\{([^{}]+)\},边界层厚度种类,边界层厚度种类,1,边界层厚度种类,True
v108,1656,\\sect\{([^{}]+)\},平板边界层混合,平板边界层混合,1,平板边界层混合,True
v108,1658,\\sect\{([^{}]+)\},“求升力/阻力”,“求升力|阻力”,2,“求升力|阻力”,True
v108,1660,\\sect\{([^{}]+)\},“判断边界层层流湍流”,“判断边界层层流湍流”,1,“判断边界层层流湍流”,True
v108,1662,\\sect\{([^{}]+)\},“判断分离”,“判断分离”,1,“判断分离”,True
v108,1664,\\sect\{([^{}]+)\},边界层+平板阻力,边界层+平板阻力,1,边界层+平板阻力,True
v108,1666,\\sect\{([^{}]+)\},相似准则,相似准则,1,相似准则,True
v108,1668,\\sect\{([^{}]+)\},平板层流Blasius,平板层流Blasius,1,平板层流Blasius,True
v108,1670,\\sect\{([^{}]+)\},平板边界层湍流,平板边界层湍流,1,平板边界层湍流,True
v108,1672,\\sect\{([^{}]+)\},边界层积分,边界层积分,1,边界层积分,True
v108,1674,\\sect\{([^{}]+)\},"$\lambda,\zeta,C_D,C_f$",lambda|zeta,2,lambda|zeta,True
v108,1676,\\sect\{([^{}]+)\},流程F：给边界层/平板,流程F|给边界层|平板,3,流程F|给边界层|平板,True
v108,1678,\\sect\{([^{}]+)\},流程H：给相似/量纲,流程H|给相似|量纲,3,流程H|给相似|量纲,True
v108,1680,\\sect\{([^{}]+)\},错6：平板阻力用截面积,平板阻力用截面积,1,平板阻力用截面积,True
v108,1682,\\sect\{([^{}]+)\},错12：边界层厚度和管半径混,边界层厚度和管半径混,1,边界层厚度和管半径混,True
v108,1684,\\sect\{([^{}]+)\},标准解模板：边界层,标准解模板|边界层,2,标准解模板|边界层,True
v108,1686,\\sect\{([^{}]+)\},标准解模板：相似,标准解模板|相似,2,标准解模板|相似,True
v108,1688,\\sect\{([^{}]+)\},为什么边界层存在,为什么边界层存在,1,为什么边界层存在,True
v108,1690,\\sect\{([^{}]+)\},为什么逆压梯度会分离,为什么逆压梯度会分离,1,为什么逆压梯度会分离,True
v108,1692,\\sect\{([^{}]+)\},为什么湍流阻力大,为什么湍流阻力大,1,为什么湍流阻力大,True
v108,1694,\\sect\{([^{}]+)\},为什么扩压器易分离,为什么扩压器易分离,1,为什么扩压器易分离,True
v108,1696,\\sect\{([^{}]+)\},为什么位移厚度叫位移,为什么位移厚度叫位移,1,为什么位移厚度叫位移,True
v108,1698,\\sect\{([^{}]+)\},为什么动量厚度重要,为什么动量厚度重要,1,为什么动量厚度重要,True
v108,1700,\\sect\{([^{}]+)\},平板层流厚度速算,平板层流厚度速算,1,平板层流厚度速算,True
v108,1702,\\sect\{([^{}]+)\},平板层流阻力速算,平板层流阻力速算,1,平板层流阻力速算,True
v108,1704,\\sect\{([^{}]+)\},湍流平板阻力速算,湍流平板阻力速算,1,湍流平板阻力速算,True
v108,1706,\\sect\{([^{}]+)\},模板：Blasius平板边界层,模板|Blasius平板边界层,2,模板|Blasius平板边界层,True
v108,1708,\\sect\{([^{}]+)\},模板：动量积分边界层,模板|动量积分边界层,2,模板|动量积分边界层,True
v108,1710,\\sect\{([^{}]+)\},边界层题骨架,边界层题骨架,1,边界层题骨架,True
v108,1712,\\sect\{([^{}]+)\},平板拖曳阻力,平板拖曳阻力,1,平板拖曳阻力,True
v108,1714,\\sect\{([^{}]+)\},边界层位移厚度,边界层位移厚度,1,边界层位移厚度,True
v108,1716,\\sect\{([^{}]+)\},边界层动量厚度,边界层动量厚度,1,边界层动量厚度,True
v108,1718,\\sect\{([^{}]+)\},模型律,模型律,1,模型律,True
v108,1720,\\sect\{([^{}]+)\},模型力/压强换算,模型力|压强换算,2,模型力|压强换算,True
v108,1722,\\sect\{([^{}]+)\},阻力图查图子链,阻力图查图子链,1,阻力图查图子链,True
v108,1724,\\sect\{([^{}]+)\},图像：平板外流,图像|平板外流,2,图像|平板外流,True
v108,1726,\\sect\{([^{}]+)\},"题干给$\delta,C_f,C_D$或外绕物",题干给|delta|或外绕物,3,题干给|delta|或外绕物,True
v108,1728,\\sect\{([^{}]+)\},题干给模型、相似、无量纲,题干给模型|相似|无量纲,3,题干给模型|相似|无量纲,True
v108,1730,\\sect\{([^{}]+)\},相似律换算,相似律换算,1,相似律换算,True
v108,1732,\\sect\{([^{}]+)\},Buckingham易错,Buckingham易错,1,Buckingham易错,True
v108,1734,\\sect\{([^{}]+)\},边界层积分长题,边界层积分长题,1,边界层积分长题,True
v108,1736,\\sect\{([^{}]+)\},有压梯度/分离,有压梯度|分离,2,有压梯度|分离,True
v108,1738,\\sect\{([^{}]+)\},外绕流阻力图,外绕流阻力图,1,外绕流阻力图,True
v108,1740,\\sect\{([^{}]+)\},相似律严格答法,相似律严格答法,1,相似律严格答法,True
v108,1742,\\sect\{([^{}]+)\},Buckingham $\pi$写法,Buckingham|pi|写法,3,Buckingham|pi|写法,True
v108,1744,\\sect\{([^{}]+)\},边界层积分推导入口,边界层积分推导入口,1,边界层积分推导入口,True
v108,1746,\\sect\{([^{}]+)\},水击/水波最小保分,水击|水波最小保分,2,水击|水波最小保分,True
v108,1748,\\sect\{([^{}]+)\},Re/Fr冲突/水波/水击,Re|Fr冲突|水波|水击,4,Re|Fr冲突|水波|水击,True
v108,1750,\\sect\{([^{}]+)\},阻力危机/减阻,阻力危机|减阻,2,阻力危机|减阻,True
v108,1752,\\sect\{([^{}]+)\},边界层特点/积分题/指数律,边界层特点|积分题|指数律,3,边界层特点|积分题|指数律,True
v108,1753,\\sect\{([^{}]+)\},三个厚度,三个厚度,1,三个厚度,True
v108,1759,\\sect\{([^{}]+)\},Karman--Pohlhausen配边界,Karman|Pohlhausen配边界,2,Karman|Pohlhausen配边界,True
v108,1761,\\sect\{([^{}]+)\},平板阻力,平板阻力,1,平板阻力,True
v108,1763,\\sect\{([^{}]+)\},分离判断,分离判断,1,分离判断,True
v108,1765,\\sect\{([^{}]+)\},量纲齐次/Rayleigh写法,量纲齐次|Rayleigh写法,2,量纲齐次|Rayleigh写法,True
v108,1767,\\sect\{([^{}]+)\},Buckingham $\pi$/相似准则流程,Buckingham|pi|相似准则流程,3,Buckingham|pi|相似准则流程,True
complete_original,1,#,母题子题精选结构：完整原题版一,母题子题精选结构|完整原题版一,0,,False
complete_original,9,#,母题 1：两油箱变径突扩钢管综合题,母题|两油箱变径突扩钢管综合题,1,母题,True
complete_original,11,##,真题原题：2022 春期末 15 分，油箱-变径钢管-局部损失-沿程损失,真题原题|春期末|油箱|变径钢管|局部损失|沿程损失,3,油箱|局部损失|沿程损失,True
complete_original,37,##,子题：离心泵吸水管最大安装高度,子题|离心泵吸水管最大安装高度,1,子题,True
complete_original,45,##,子题：水轮机管路输出功率,子题|水轮机管路输出功率,1,子题,True
complete_original,53,##,子题：两水槽光滑管和粗糙管反推粗糙度,子题|两水槽光滑管和粗糙管反推粗糙度,1,子题,True
complete_original,63,#,母题 2：静水压力、测压管与浮体平衡综合题,母题|静水压力|测压管与浮体平衡综合题,2,母题|静水压力,True
complete_original,65,##,真题原题：圆柱体、测压管与静力平衡,真题原题|圆柱体|测压管与静力平衡,1,圆柱体,True
complete_original,73,##,子题：斜平壁上圆柱受静水压力,子题|斜平壁上圆柱受静水压力,1,子题,True
complete_original,81,##,子题：真空吸水圆柱容器支承力,子题|真空吸水圆柱容器支承力,1,子题,True
complete_original,91,#,母题 3：控制体动量与机械能综合题,母题|控制体动量与机械能综合题,1,母题,True
complete_original,93,##,真题原题：水平喷嘴法兰螺栓受力,真题原题|水平喷嘴法兰螺栓受力,0,,False
complete_original,101,##,子题：转弯变径管流量与流向,子题|转弯变径管流量与流向,1,子题,True
complete_original,109,##,子题：烟囱烟道速度与底部静压,子题|烟囱烟道速度与底部静压,1,子题,True
complete_original,117,##,子题：U 型管水柱自由振荡,子题|型管水柱自由振荡,2,子题|型管水柱自由振荡,True
complete_original,127,#,母题 4：势流绕圆柱、环量与升力综合题,母题|势流绕圆柱|环量与升力综合题,2,母题|势流绕圆柱,True
complete_original,129,##,真题原题：2022 春期末半圆柱气膜馆势流分析,真题原题|春期末半圆柱气膜馆势流分析,0,,False
complete_original,143,##,子题：圆柱绕流、偶极子强度、表面压力与驻点环量,子题|圆柱绕流|偶极子强度|表面压力与驻点环量,3,子题|圆柱绕流|偶极子强度,True
complete_original,151,##,子题：点源点汇组合，证明圆为流线,子题|点源点汇组合|证明圆为流线,2,子题|点源点汇组合,True
complete_original,159,##,子题：垂直壁面附近点涡轨迹,子题|垂直壁面附近点涡轨迹,1,子题,True
complete_original,167,##,子题：薄平板环量、驻点和升力,子题|薄平板环量|驻点和升力,1,子题,True
complete_original,177,#,母题 5：Laval 喷管、阻塞、正激波与设计背压综合题,母题|Laval|喷管|阻塞|正激波与设计背压综合题,4,母题|Laval|喷管|阻塞,True
complete_original,179,##,真题原题：Laval 喷管汞柱测压、正激波位置与设计工况,真题原题|Laval|喷管汞柱测压|正激波位置与设计工况,1,Laval,True
complete_original,193,##,子题：等熵流由压力求马赫数与温度,子题|等熵流由压力求马赫数与温度,1,子题,True
complete_original,201,##,子题：Laval 喷管最大质量流量,子题|Laval|喷管最大质量流量,2,子题|Laval,True
complete_original,209,##,子题：拉伐尔喷管出口参数与喉部参数,子题|拉伐尔喷管出口参数与喉部参数,1,子题,True
complete_original,221,##,子题：正激波后参数,子题|正激波后参数,1,子题,True
complete_original,229,##,子题：斜激波角和波后参数,子题|斜激波角和波后参数,1,子题,True
complete_original,237,##,子题：缩放喷管喉部面积,子题|缩放喷管喉部面积,1,子题,True
complete_original,247,#,母题 6：粘性层流解析解、Couette 流与 Stokes 阻力综合题,母题|粘性层流解析解|Couette|流与|Stokes|阻力综合题,5,母题|粘性层流解析解|Couette|流与|Stokes,True
complete_original,249,##,真题原题：倾斜平板间层流,真题原题|倾斜平板间层流,1,倾斜平板间层流,True
complete_original,257,##,子题：两层 Couette 流,子题|两层|Couette,3,子题|两层|Couette,True
complete_original,265,##,子题：管内层流压降和雷诺数,子题|管内层流压降和雷诺数,1,子题,True
complete_original,281,##,子题：Stokes 小球终速,子题|Stokes|小球终速,3,子题|Stokes|小球终速,True
complete_original,293,##,子题：两板间薄板拉力,子题|两板间薄板拉力,2,子题|两板间薄板拉力,True
complete_original,303,#,母题 7：边界层、平板摩擦阻力与外绕流阻力综合题,母题|边界层|平板摩擦阻力与外绕流阻力综合题,2,母题|边界层,True
complete_original,305,##,真题原题：零攻角平板边界层厚度与单面摩擦阻力,真题原题|零攻角平板边界层厚度与单面摩擦阻力,0,,False
complete_original,317,##,子题：给定边界层速度分布求厚度,子题|给定边界层速度分布求厚度,1,子题,True
complete_original,329,##,子题：湍流边界层 1/6 指数律推导,子题|湍流边界层|指数律推导,2,子题|湍流边界层,True
complete_original,349,##,子题：圆球绕流阻力危机,子题|圆球绕流阻力危机,1,子题,True
complete_original,357,##,子题：小球沉降终速与阻力系数,子题|小球沉降终速与阻力系数,1,子题,True
complete_original,365,##,子题：充氦气球在风中受力与拉线角,子题|充氦气球在风中受力与拉线角,1,子题,True
complete_original,375,#,母题 8：运动学、连续性、无旋条件与应力张量综合题,母题|运动学|连续性|无旋条件与应力张量综合题,3,母题|运动学|连续性,True
complete_original,377,##,真题原题：不可压缩无旋线性速度场,真题原题|不可压缩无旋线性速度场,0,,False
complete_original,389,##,子题：应力张量求平面应力矢量,子题|应力张量求平面应力矢量,1,子题,True
complete_original,415,##,子题：圆柱面切平面上的应力矢量,子题|圆柱面切平面上的应力矢量,1,子题,True
complete_original,435,##,子题：应力分布在平面上的法向和切向投影,子题|应力分布在平面上的法向和切向投影,1,子题,True
complete_original,456,##,子题：由应力张量散度求单位质量力,子题|由应力张量散度求单位质量力,1,子题,True
complete_original,476,##,子题：极坐标速度场的速度环量,子题|极坐标速度场的速度环量,1,子题,True
complete_original,494,#,母题 9：量纲分析、模型相似与准则冲突,母题|量纲分析|模型相似与准则冲突,2,母题|量纲分析,True
complete_original,496,##,真题原题：水下航行器阻力量纲分析,真题原题|水下航行器阻力量纲分析,0,,False
complete_original,504,##,子题：雷诺数准则与傅汝德数准则冲突,子题|雷诺数准则与傅汝德数准则冲突,1,子题,True
complete_original,512,##,子题：管内定常流压降的 \(\pi\) 定理无量纲方程,子题|管内定常流压降的|pi|定理无量纲方程,2,子题|pi,True
complete_original,520,##,子题：绕小球定常流动阻力的量纲分析,子题|绕小球定常流动阻力的量纲分析,1,子题,True
complete_original,530,#,母题 10：概念证明与短答综合题,母题|概念证明与短答综合题,1,母题,True
complete_original,532,##,真题原题：流线和迹线定义,真题原题|流线和迹线定义,1,流线和迹线定义,True
complete_original,540,##,子题：非定常伯努利与柯西-拉格朗日积分,子题|非定常伯努利与柯西|拉格朗日积分,2,子题|拉格朗日积分,True
complete_original,559,##,子题：证明可压缩平面定常流动存在流函数,子题|证明可压缩平面定常流动存在流函数,2,子题|证明可压缩平面定常流动存在流函数,True
complete_original,567,##,子题：物质运动及相互作用规律,子题|物质运动及相互作用规律,1,子题,True
