"LineNumber","Line"
"48","\newcommand{\chap}[1]{\mt{#1}}"
"57","\newcommand{\mother}[1]{\mt{#1}}"
"107","\mt{母题0 新卷快速定位：题干词 $\to$ 主方程 $\to$ 检查}"
"108","\qt{子题：考场看到新题，先用 20 秒判断应落到哪一个母题。}"
"109","\ans{液面/水池/管/泵/阀/水轮机 $\to$ 母题1；闸门/U管/曲面/浮体 $\to$ 母题2；喷嘴/弯管/射流/叶片/支座力 $\to$ 母题3；$\phi,\psi,Q,\Gamma,$ 圆柱/机翼/镜像 $\to$ 母题4；$p_0,T_0,M,A^*,p_b,$ 喷管 $\to$ 母题5；黏度/充分发展/两平板/圆管层流 $\to$ 母题6；平板边界层/$C_f,C_D$/沉降/风载 $\to$ 母题7；速度场/散度/旋度/应力张量 $\to$ 母题8；量纲/模型/相似/水击/水波 $\to$ 母题9；证明/解释/定义 $\to$ 母题10。}"
"110","\ans{\textbf{旧版素材审计归位：}v106/v108的6页内容不单列：管路/静水/CV三块归母题1--3；势流基本流、镜像、圆柱、环量、半圆柱气膜馆归母题4；等熵Ma链、阻塞、最大流量、面积--马赫双支、汞柱反背压、三临界背压、内/外激波归母题5；H--P、Couette、Stokes、壁律、雷诺应力、边界层阻力归母题6--7；速度场、应力张量、量纲相似、水击水波归母题8--9/16。重整版五的21个母题被压成“完整题干+子题/变式+公式链+易错”贴在对应母题后；看到旧版标题时不要翻目录，直接进对应母题的真题链。}"
"111","\qt{子题：每道计算题的标准落笔骨架。}"
"114","\qt{子题：查表题不要空，写“输入--输出--回代”。}"
"119","\mt{母题1 两油箱变径突扩钢管：管路 PVZ + 局损 + 沿程 + Re}"
"127","\qt{子题：离心泵吸水管，镀锌钢管 $e=0.15$mm，$L=6$m，$D=100$mm，弯头 $\zeta=0.29$，入口阀 $\zeta=2.5$，$Q=50$m$^3$/h，$p_v=19.6$kPa，$p_a=101.3$kPa，入口压至少比汽化压大 $20$kPa，求最大安装高度。}"
"131","\qt{子题：水轮机管路，斜管 $D=20$cm、$L=30$m，水平管 $D=30$cm、$L=15$m，水温 $10^\circ$C，$\nu=1.3\times10^{-6}$，铸铁 $e=0.25$mm，忽略局部损失，斜管平均速度 $2$m/s，压力表 $70$kPa，求输出功率。}"
"135","\qt{子题：两水槽光滑管和粗糙管反推粗糙度。$D=10$cm、$L=200$m 水平管连两 $20^\circ$C 水槽，水位 $800$m 与 $650$m。问光滑管流量；若粗糙管实际 $Q=100$m$^3$/h，问平均粗糙度。}"
"138","\qt{子题：2006 期末粗糙圆管放水。水池有 $20^\circ$C 水 $1$m$^3$，底部接相对粗糙度 $\varepsilon/D\approx0.0012$ 的粗糙圆管，求出口流量 $Q$；若换 SAE 10W30 油，判出口层流/湍流。}"
"145","\qt{子题：开口水箱/普通池底放水管、虹吸管、并联/分支、泵管路四类 Pipe Flow 定位。}"
"147","\ans{\textbf{母题1覆盖确认：} 两油箱变径突扩15分题、普通开口水箱放水、虹吸/泵吸入口防汽蚀、并联/分支管路、泵扬程/水轮机功率、粗糙管反推粗糙度、孔板/文丘里流量计、液面随时间下降，都归到这一母题；共同骨架都是 $A\to V\to Re\to\lambda/\zeta\to h_L\to Q,p,H,P$。}"
"150","\qt{子题：管路五类题考场套写卡，看到图后直接选一行。}"
"154","\qt{子题：孔板/文丘里/喷嘴流量计，给压差 $\Delta p$、管径 $d$、孔径 $d_0$，求 $Q$。}"
"159","\qt{子题：液面随时间变化的放水题，求排空时间或液面下降规律。}"
"164","\qt{子题：管路母题扩展题库，水池/管路/泵阀/分支怎么套}"
"201","\qt{子题：管路与基础读题训练合集，按图形直接落笔}"
"295","\subq{两油箱变径管：已知液面差h/H/管径/局损，求Q、$p_A$、$p_B$}"
"413","\subq{小孔水箱：已知水头H/孔面积/系数，求V、Q、放空时间}"
"415","\subq{U管振荡：已知总液柱长L/初始液面差，求周期T、速度}"
"418","% ---- 母题1归位：静水/CV/管路/通用检查 ----"
"445","\subq{流量计：已知压差/管径/系数，求V或Q}"
"447","\subq{虹吸管：已知几何高差/管损/汽化压，求最高点压力或是否断流}"
"449","\subq{弯管受力：已知Q/管径/进出口压强/转角，求支座反力}"
"451","\subq{射流冲板：已知射流V/Q与板运动，求冲击力/功率}"
"453","\subq{喷嘴/水枪反力：已知入口压强/出口速度/流量，求握持力}"
"465","\subq{泵吸水安装高度：已知Q/管径/损失/汽化压，求最大安装高度}"
"467","\subq{水轮机功率：已知上下游水头/流量/损失，求$H_T$与输出功率}"
"477","\subq{泵汽蚀：已知水面到泵入口管路，求最大zB或是否汽蚀}"
"479","\subq{泵/水轮机管路：已知Q/压表/高差/损失，求扬程或功率}"
"541","\subq{玻璃弯管放水：已知管形/初始水位/阀门，求压强分布和排空时间}"
"554","\subq{弯玻璃管放水：已知竖直段/倾斜段/阀门，求静压和排空时间}"
"582","\subq{闸门铰链：已知水深/闸门尺寸/铰点，求合力、压力中心、拉力}"
"584","\subq{曲面闸门/浮体：已知曲面几何和水深，求水平/竖直分力或浮力}"
"586","\subq{U管相对平衡：已知容器加速度/旋转，求液面差或压差}"
"592","\subq{管路泵题：已知Q、管径、粗糙度、局损，求泵扬程/压强}"
"594","\subq{水轮机压表题：已知压表/流量/高差，求水头和输出功率}"
"596","\subq{流量计：已知压差/流量系数，求流速或流量}"
"783","\subq{喷嘴法兰：已知$p_1$,$p_2$,Q,A，求法兰/螺栓受力}"
"791","\subq{自由涡压差：已知环量/半径，求两点压差或液面凹陷}"
"793","\subq{强迫涡压差：已知角速度/半径，求压差或自由面高度差}"
"795","\subq{气球受风：已知浮力/风速/阻力系数，求绳偏角}"
"968","\qt{子题：普通水池--短管/长管放水，求 $Q$ 或水位差。}"
"970","\qt{子题：虹吸管/离心泵吸水安装高度，求最大 $h$ 防汽蚀。}"
"972","\qt{子题：水轮机/泵在管路中，求功率、扬程或输出压力。}"
"974","\qt{子题：串联/并联管路，求分流量或总水头。}"
"976","\qt{子题：粗糙管/湍流摩阻迭代，题给 Colebrook 或 Moody。}"
"978","\warn{母题1收口：管路题 80\% 的分来自“截面编号 + PVZ 方程 + 每段速度/损失分开算 + 表压绝压检查”。算不完也要把 $Q\to V\to Re\to\lambda\to h_L$ 链写全。}"
"980","\mt{母题2 静水压、测压管、曲面与浮力}"
"988","\qt{子题：斜平壁上圆柱。直径 $d=2$cm，水平放在 $\alpha=60^\circ$ 斜平壁；左侧盛水，接触点 A 淹深 $h=1$cm。求单位长柱面总压力 $F$ 大小和方向。}"
"991","\qt{子题：真空吸水圆柱容器。$D=0.8$m，$d=0.3$m，容器空重 $100$N，支承在距液面 $b=1.5$m 的 C；真空吸水，液面高度 $a+b=1.9$m，求支承力 $R$。}"
"994","\qt{子题：平面闸门/矩形板，给水深、铰点、拉力位置，求总压力、压力中心、拉力。}"
"999","\qt{子题：曲面受静水压力，给圆弧门/圆柱面，求合力和方向。}"
"1004","\qt{子题：浮体稳定，给浮心、重心、排水体积或水线面惯性矩，判断稳/不稳。}"
"1010","\qt{子题：静水压平面/曲面/浮力变式链}"
"1032","\mt{母题3 控制体动量、喷嘴、弯管和机械能}"
"1040","\qt{子题：转弯变径管。$d_1=200$mm，$p_1=70$kPa；$d_2=400$mm，$p_2=40$kPa，$v_2=1$m/s，高差 $z=1$m。求流量和方向。}"
"1043","\qt{子题：烟囱烟道。烟气 $\rho_s=0.6$，空气 $\rho_a=1.2$kg/m$^3$；烟道损失 $8\rho v^2/2$，烟囱损失 $26\rho v^2/2$；标高 0、5、40m，求烟囱出口速度 $v$ 和接头静压 $p$。}"
"1046","\qt{子题：开口 U 型管水柱自由振荡，总长 $L$，初始液面差 $h_0$，忽略粘性。求振荡规律、周期和速度。}"
"1050","\qt{子题：自由射流冲击固定平板/挡板，给 $Q,V$ 和偏转角，求板受力。}"
"1055","\qt{子题：运动叶片/水轮机叶片，给绝对速度 $\bm V$、叶片速度 $\bm U$，求功率。}"
"1060","\qt{子题：CV 动量方程通用收口，给弯管支座力/喷嘴反力/管壁受力。}"
"1065","\qt{子题：CV 动量、射流、叶片、喷嘴变式链}"
"1084","\mt{母题4 势流绕圆柱、半圆柱气膜馆、环量与升力}"
"1091","\qt{子题：$20^\circ$C 水以 $5$m/s 流过直径 $1.2$m 圆柱。求偶极子强度；远处静压 $150$kPa，求 $\theta=180^\circ,135^\circ,90^\circ$ 表面压力；有环量 $\Gamma$ 时使 $35^\circ$ 和 $145^\circ$ 有驻点。}"
"1096","\qt{子题：点源点汇组合。点源 $Q$ 在 $(0,a),(0,-a)$，点汇 $-Q$ 在 $(-a,0),(a,0)$。写复势并证 $|z|=a$ 为流线。}"
"1099","\qt{子题：两垂直壁面点涡，真实涡 $+\Gamma$ 初始 $(\sqrt2,\sqrt2)$，求轨迹。}"
"1103","\qt{子题：薄平板 $l=1.5$m，$\alpha=5^\circ$，$U=50$m/s，$\rho=0.122$kg/m$^3$，求环量、驻点、升力。}"
"1107","\qt{子题：给任意源/汇/涡/偶极子叠加，要求 $\phi,\psi,V$ 或流线。}"
"1112","\qt{子题：镜像法，给壁面附近源/汇/涡，求壁面不穿透或涡轨迹。}"
"1116","\qt{子题：达朗贝尔佯谬与 Kutta--Joukowski 升力短答。}"
"1120","\qt{子题：势函数/流函数/圆柱/镜像/环量题型链}"
"1123","\subq{题眼：基本流公式表/壁面镜像/点源+均匀流半体/环量流量}"
"1201","\qt{子题：理想不可压无旋势流综合链，基本流、镜像、圆柱、环量}"
"1234","\subq{圆柱绕流：已知U、a、theta或表面点，求速度、压力、阻力/升力}"
"1269","\subq{点涡/源汇压力：已知Γ或Q和半径，求速度与压强差}"
"1273","\subq{边角势流：已知夹角alpha与边界，求速度奇异性/势函数指数n}"
"1279","% ---- 母题2归位：势流/圆柱/镜像/环量 ----"
"1345","\subq{圆柱绕流：已知U、a、theta或表面点，求速度、压力、阻力/升力}"
"1380","\mt{母题5 Laval/拉伐尔喷管、阻塞、正激波、面积-马赫}"
"1389","\qt{子题：Laval 喷管判态完整流程，题干给 $p_0,T_0,A_t,A_e,p_b$ 或测压计时用。}"
"1393","\qt{子题：等熵流。$T_0=500$K，$p_0=200$kPa；某截面 $p=150$kPa，求 $M,T$。}"
"1396","\qt{子题：大空气容器 $T_0=500$K，$p_0=300$kPa，Laval 喉部 $A^*=0.06$m$^2$，求最大质量流量。}"
"1400","\qt{子题：已知 $T_0=350$K，$p_0=10^6$Pa，$A_e=0.001$m$^2$，$p_b=9.3\times10^5$Pa，喉部 $M_t=0.6$，求出口 $T_e,\rho_e,M_e,V_e$ 及喉部 $T_t,\rho_t,p_t,V_t,A_t$。}"
"1406","\qt{子题：已知 $p_0=10^6$Pa，$T_0=350$K，$A_e=10$cm$^2$，$p_b=9\times10^5$Pa，要求喉部 $M_t=0.5$，求喉部面积 $A_t$。}"
"1412","\qt{子题：正激波。$M_1=2.5,p_1=30$kPa，$T_1=25^\circ$C，求波后 $M_2,p_2,T_2,V_2$。}"
"1415","\qt{子题：斜激波。尖劈顶角 $2\delta=20^\circ$，$M_1=2.5,p_1=85$kPa，$T_1=298$K，求 $\beta,M_2,p_2,T_2$。}"
"1418","\qt{子题：收缩喷管/小孔可压流量，给 $p_0,T_0,p_b,A_e$，求是否阻塞和 $\dot m$。}"
"1423","\qt{子题：气体密度/可压缩性判断，题给气体速度、压力、温度或体积弹性模量。}"
"1428","\qt{子题：可压文丘里/流量计，给截面面积、压强、温度或最低喉压，求 $M,\dot m$。}"
"1433","\qt{子题：马赫锥/超声速飞机，给飞行速度、高度声速或温度，求听到距离。}"
"1437","\qt{子题：Fanno 等截面绝热摩擦管，给管长/直径/摩擦因子/入口 $M$，求出口状态或是否阻塞。}"
"1447","\qt{子题：可压查表小表，考试无表时写输入/输出链。}"
"1451","\qt{子题：可压缩基础题串，等熵/临界/质量流量怎么落笔}"
"1537","\qt{子题：正激波、斜激波、PM 膨胀波查表题型链}"
"1606","\qt{子题：Laval喷管母题的弱化/面积-马赫/可压缩等熵流完整关系题型链}"
"1610","\formq{母题3统一公式链：从题干到完整答案}"
"1636","\subq{第一问：由喉部临界压+汞柱反推下游背压}"
"1644","\subq{第二问：用面积比生成两支出口态，再用三临界背压判激波}"
"1663","\subq{第三问：设计超声速工况汞柱高度}"
"1675","\qt{子题：等熵流由压力求马赫数与温度。空气源 $T_0=500$K、$p_0=200$kPa，某截面 $p=150$kPa，求 $M,T$。}"
"1677","\qt{子题：Laval 喷管最大质量流量。大容器 $T_0=500$K、$p_0=300$kPa，喉部 $A_t=0.06$m$^2$，求 $\dot m_{\max}$。}"
"1679","\qt{子题：拉伐尔喷管出口参数与喉部参数。给 $T_0=350$K、$p_0=10^6$Pa、$A_e=0.001$m$^2$、$p_b=9.3\times10^5$Pa、喉部 $M_t=0.6$，求出口和喉部参数。}"
"1681","\qt{子题：缩放喷管喉部面积。给 $p_0=10^6$Pa，$T_0=350$K，$A_e=10$cm$^2$，$p_b=9\times10^5$Pa，要求喉部 $M_t=0.5$，求 $A_t$。}"
"1683","\qt{子题：斜激波角和波后参数。二维尖劈顶角 $2\delta=20^\circ$，$M_1=2.5,p_1=85$kPa，$T_1=298$K，求 $\beta,M_2,p_2,T_2$。}"
"1703","\subq{子题：收缩喷管背压流量，题干给$p_0,T_0,p_b,A_e$，求是否阻塞和$\dot m$}"
"1714","\subq{子题：可压文丘里/流量计，题干给最大流量、入口截面、最低喉压$p_t$}"
"1721","\subq{子题：声速/马赫锥，题干给飞机速度、高度、温度，求听到位置/距离}"
"1723","\subq{子题：弹性模量/密度变化，题干给液体$E$或气体等温压缩}"
"1725","\symq{母题3符号表：考试中最容易混的量}"
"1732","\errq{母题3统一检查}"
"1777","\subq{Laval背压状态：已知$p_0$,$T_0$,$A_e$/$A_t$,$p_b$，求出口状态/是否激波}"
"1787","\subq{收缩喷管：已知$p_0$,$T_0$,$p_b$,$A_e$，求是否阻塞、出口M和$\dot m$}"
"1793","\subq{Laval面积比/流量：已知Ae/At或A/Astar、p0,T0、背压/无激波，求M、状态、mdot}"
"1800","\subq{可压文丘里：已知截面面积/压强/温度，求Ma和$\dot m$}"
"1819","% ---- 母题3归位：可压等熵/喷管/阻塞 ----"
"1827","\subq{收缩喷管背压：已知$p_b$/$p_0$，求未阻塞/阻塞和出口状态}"
"1862","\subq{收缩喷管+背压：已知$p_0$,$T_0$,$p_b$,$A_e$，求流量是否达到最大}"
"1864","\subq{Laval面积比：已知Ae/At和pb，求出口M支路和pe}"
"1947","\qt{子题：正激波、斜激波、膨胀波综合判定}"
"1954","\subq{正激波：已知波前M1或面积位置，求M2、p2、T2、总压损失}"
"2033","% ---- 母题4归位：激波/斜激波/PM/Fanno ----"
"2075","\subq{正激波：已知波前M1或面积位置，求M2、p2、T2、总压损失}"
"2079","\subq{斜激波：已知M1和楔角/波角，求beta、M2、压力温度变化}"
"2087","\subq{管内正激波：已知Laval几何/激波截面，求波后状态和出口压强}"
"2093","\subq{Laval内激波：已知背压或激波位置，求As/Astar、M1、M2、pe}"
"2097","\subq{正激波：已知波前M1或面积位置，求M2、p2、T2、总压损失}"
"2103","\subq{斜激波：已知M1和楔角/波角，求beta、M2、压力温度变化}"
"2170","\mt{母题6 粘性层流解析解：Couette/Poiseuille/重力项/Stokes}"
"2178","\qt{子题：两层 Couette。下层 $h_1,\mu_1$，上层 $h_2,\mu_2$，下板固定，上板速度 $U$，压强常数，无质量力，求速度和剪应力。}"
"2182","\qt{子题：Couette--Poiseuille 混合流，给板距 $h$、上板速度 $U$、压强梯度 $dp/dx$，求 $u(y),Q,\tau_w$。}"
"2187","\qt{子题：管内层流。$\rho=1.24$kg/m$^3$，$\mu=0.001$，$D=8$cm，壁面剪切力 $0.72$N/m$^2$，轴向为 $x$，分别水平、向上、向下，求 $dp/dx$ 与 $Re$。}"
"2191","\qt{子题：Stokes 小球终速。半径 $a$ 小球在粘性流体中下落，证明 $U_t=2a^2(\rho_s-\rho)g/(9\mu)$。}"
"2194","\qt{子题：两板间薄板拉力。两平板距 20mm，油 $\mu=0.065$Pa s；薄板以 1m/s 拉动，距上板 5mm，面积 0.5m$^2$，求拉力。}"
"2197","\qt{子题：圆管层流 Hagen--Poiseuille，给 $\Delta p,L,D,\mu$ 求 $Q,\bar u,\tau_w$。}"
"2202","\qt{子题：湍流圆管壁面律，给平均速度或管心速度，求壁面剪应力/边界层范围。}"
"2207","\qt{子题：湍流时均分解与雷诺应力。题干有 DNS/RANS/LES、时均速度、脉动速度或雷诺应力张量。}"
"2212","\qt{子题：湍流管路摩阻，给粗糙度、流量、直径，求压降。}"
"2217","\qt{子题：边界条件速写，N-S 简化题第一行怎么写。}"
"2221","\qt{子题：粘性层流、圆管、两层 Couette 题型链}"
"2285","\qt{子题：粘性管流题型链，N-S、H-P、Couette、管内压损}"
"2305","\subq{平板Couette：已知板距h、上板速度U、$\mu$，求速度和剪应力}"
"2314","\subq{两层Couette：已知h1,h2,mu1,mu2,U，求两层速度和剪力}"
"2354","\subq{Couette--Poiseuille：已知U、dp/dx、h、$\mu$，求速度分布和流量}"
"2369","% ---- 母题5归位：N-S/H-P/Couette/管内粘性 ----"
"2375","\subq{两层Couette型：已知两层厚度/黏度和上板U，求tau与u1,u2}"
"2377","\subq{倾斜平板层流：已知H、theta、mu、rho及边界速度，求U0和壁面剪力}"
"2379","\subq{圆管H-P：已知$\mu$,D,L,$\Delta p$或Q，求速度分布/流量/压降}"
"2385","\subq{Stokes小球：已知d、rho差、mu，Re<1时求阻力或终速}"
"2407","\subq{平板Couette流量：已知U、h、宽度b，求单位宽流量q或总Q}"
"2441","\subq{倾斜平板层流：已知H、$\theta$、$\mu$、$\rho$及边界条件，求速度和剪力}"
"2460","\subq{Stokes沉降：已知d、rhos、rho、mu，求终速并校验Re}"
"2545","\mt{母题7 边界层、平板摩擦阻力、外绕流}"
"2551","\qt{子题：给定边界层速度分布求厚度。线性 $u=Uy/\delta$；三次式 $u=U[3y/(2\delta)-\frac12(y/\delta)^3]$，$y<\delta$，求排挤厚度和动量厚度。}"
"2555","\qt{子题：湍流边界层 1/6 指数律。$u/U=(y/\delta)^{1/6}$，$\tau_w=0.0233\rho U^2(\mu/\rho U\delta)^{1/4}$，求 $\delta/x,C_f$。}"
"2558","\qt{子题：圆球绕流阻力危机。}"
"2561","\qt{子题：铝球直径 2cm，SG=2.7，在 20$^\circ$C 水中下沉，$C_D=0.5$，求终速。}"
"2564","\qt{子题：氦气球直径 50cm，内压 120kPa，材料重 0.2N，空气 20$^\circ$C 一大气压，风速 4 和 24m/s，求拉线角。}"
"2568","\qt{子题：边界层积分法，给速度剖面 $u/U=f(y/\delta)$，求 $\delta^*,\theta,\tau_w,\delta(x)$。}"
"2573","\qt{子题：平板层流 Blasius，已知 $U,x$ 或 $L,\nu,b$，求 $\delta,C_f,D$。}"
"2578","\qt{子题：平板边界层有转捩，给 $Re_{cr}$，求总阻力。}"
"2583","\qt{子题：外绕阻力/终端速度，给物体尺寸、流体物性、速度，求 $D$ 或 $V_t$。}"
"2587","\qt{子题：边界层分离/阻力危机概念题。}"
"2591","\qt{子题：边界层、外绕阻力、相似查表题型链}"
"3911","\qt{子题：边界层、外绕流阻力综合收口题型链}"
"4011","% ---- 母题6归位：边界层/外绕阻力/相似 ----"
"4012","\subq{平板边界层：已知U,L,$\nu$,b，求$\delta$、$C_f$和摩擦阻力}"
"4027","\subq{平板阻力：已知U,L,b,rho,nu，求摩擦阻力和边界层厚度}"
"4067","\subq{相似准则：已知模型/原型尺度和流体，求速度、力或压强换算}"
"4069","\subq{平板层流Blasius：已知U,x或L,$\nu$，求$\delta$、$C_f$、D}"
"4073","\subq{边界层积分：已知速度剖面u/U=f(y/delta)，求delta*,theta,Cf}"
"4119","\subq{模型律：已知Re/Fr/Ma相似，求模型速度、力和功率换算}"
"4135","\subq{边界层积分：已知速度剖面u/U=f(y/delta)，求delta*,theta,Cf}"
"4147","\subq{水击/水波：已知管长/波速/关阀或水深，求压升/波速量级}"
"4179","\subq{子题：边界层积分法完整题，给速度剖面$u/U=f(y/\delta)$求$\delta(x),\delta^*,\theta,C_D$}"
"4183","\subq{子题：平板有转捩，给$U,L,b,\nu,\rho,Re_{cr}$求阻力和尾部厚度}"
"4187","\subq{子题：外绕球/圆柱/小颗粒，给$U,d,\rho,\mu$求阻力或沉降速度}"
"4191","\subq{子题：模型试验换算，给比例尺和主导相似准则，求模型速度/力/功率}"
"4195","\subq{子题：汽蚀/泵吸入口，给$p_a,p_v,Q,d,h,\lambda,\zeta$求最大安装高度}"
"4199","\subq{子题：水轮机/泵功率，给两水面或管段压强流速，求$P$}"
"4203","\subq{子题：Rayleigh量纲法，题干只给若干变量，求函数形式}"
"4205","\subq{子题：Buckingham $\pi$定理，题干要求“推出无量纲关系式”}"
"4225","\mt{母题8 速度场与应力张量综合：判流态、求势/流函数、求面力}"
"4229","\qt{子题：旧版速度场 $u=3x^2-3y^2,\ v=-6xy,\ w=0$，求速度势。}"
"4236","\qt{子题：应力张量 $P=\begin{pmatrix}-7&0&2\\0&-5&0\\2&0&-4\end{pmatrix}$，$\bm n=(2/3,-2/3,1/3)$，求应力矢量、法向分量、切向分量和夹角。}"
"4240","\qt{子题：曲面上一点应力。$P(x,y,z)$，点 $M(2,1,\sqrt3)$，平面与圆柱 $y^2+z^2=4$ 相切，求应力矢量。}"
"4243","\qt{子题：平面 $x+3y+z+1=0$ 上点 $(1,-1,1)$，给 $p_{ij}(x,y)$，求应力向量及法向/切向投影。}"
"4246","\qt{子题：散度求体力。常密度流场 $P=\begin{pmatrix}-3xy&5y^2&0\\5y^2&0&2z\\0&2z&0\end{pmatrix}$，满足 $\nabla\cdot P=-\rho\bm f$，求单位质量力。}"
"4250","\qt{子题：极坐标速度场 $V_\theta=ar,V_r=0$，求闭合路径速度环量。}"
"4253","\qt{子题：速度场判断不可压/无旋/流函数/势函数。}"
"4257","\qt{子题：速度梯度、变形率、旋转率，给线性速度场求运动学量。}"
"4260","\qt{子题：为什么应力张量常取对称，有什么用。}"
"4264","\qt{子题：应力矢量分解标准流程。}"
"4268","\mt{母题9 量纲分析与模型相似：由题干变量推出 $\pi$ 群和换算}"
"4276","\qt{子题：雷诺数准则与傅汝德数准则冲突。为什么 Re 准则和 Fr 准则总是矛盾？}"
"4279","\qt{子题：管内定常流压降的 $\pi$ 定理无量纲方程。$\Delta p$ 与 $d,l,\varepsilon,U,\rho,\mu$ 有关，用 $\pi$ 定理求关系式。}"
"4283","\qt{子题：小球阻力 $D$ 受 $u,\rho,\mu,d$ 影响，推 $C_D=f(Re)$。}"
"4287","\qt{子题：Re 准则和 Fr 准则是否矛盾，模型试验怎么取舍。}"
"4291","\qt{子题：Buckingham $\pi$ 定理，题目要求推出无量纲关系。}"
"4295","\qt{子题：水击，给管内流速变化 $\Delta V$ 和波速 $a$，求压升。}"
"4300","\qt{子题：线性水波/水面波/明渠扰动，给水深、波长或流速，判断深水/浅水/扰动传播。}"
"4304","\mt{母题10 概念证明与非定常势流：把文字题写成方程链}"
"4306","\qt{子题：运动学旧题眼：求速度势/流函数、流线/迹线、膨胀/收缩球、非定常无旋伯努利。}"
"4311","\qt{子题：非定常伯努利与柯西-拉格朗日积分。从无粘、质量力有势、不可压欧拉方程推积分式。}"
"4315","\qt{子题：证明可压缩平面定常流动存在流函数。}"
"4319","\qt{子题：物质运动及相互作用规律。连续介质假设和守恒方程如何形成流体力学方程。}"
"4322","\qt{子题：Bernoulli 方程适用条件和禁用场景。}"
"4325","\qt{子题：N-S 方程各项物理意义，简答题怎么写。}"
"4328","\qt{子题：层流、湍流、边界层的概念短答。}"
"4331","\qt{子题：证明题保底写法。}"
"4336","\qt{子题：母题10考场最后收口卡：按题干关键词反查母题}"
"4337","\ans{\textbf{液面/水池/泵/阀/长管/粗糙度：}母题1。首句写“取两自由液面或指定截面列机械能方程”。顺序 $Q\to A,V\to Re\to\lambda\to h_f,\sum h_\zeta\to p/H/P$。最后查：局损速度是否用所在管段，泵入口是否用绝压，水轮机功率是否乘效率。\\"
"4338","\textbf{闸门/U管/曲面/浮体：}母题2。首句写“静止流体，压强随深度线性”。平面 $F=\rho gh_cA$，压力中心 $y_p=y_c+I_c/(y_cA)$；曲面拆 $F_H,F_V$；浮体写重力=浮力并查稳性。最后查：深度向下、能量高度向上，表压/绝压不要混。\\"
"4339","\textbf{喷嘴/弯管/射流/叶片/支座：}母题3。首句写“取控制体，列动量方程”。顺序 $Q,A\to V,\dot m\to \sum F=\dot m(\bm V_2-\bm V_1)$；问管道受力，最后把“壁面对流体”取反。自由出口表压0，入口压力不能漏。\\"
"4340","\textbf{$\phi,\psi,Q,\Gamma$、圆柱、镜像、机翼：}母题4。首句写“不可压无旋，势函数/流函数可线性叠加”。顺序 叠加 $\phi/\psi\to$ 速度 $\to$ 驻点/流线边界 $\to$ Bernoulli 压力 $\to$ 积分力。最后查：壁面是 $\psi=C$，无环量圆柱阻力为0，有环量升力 $L'=\rho U\Gamma$。\\"
"4341","\textbf{$p_0,T_0,M,A^*,p_b$、喉部、喷管、激波：}母题5。首句写“先判等熵/阻塞/是否跨激波”。顺序 压比或面积比求 $M$，再求 $p,T,\rho,V,\dot m$；Laval 用 $p_{b1},p_{b2},p_{b3}$ 判支路；跨激波必须分段，用新 $p_{02}$。最后查：$p_b$ 是背压，不一定等于出口内压；$0.528$ 只对应空气临界静压比。\\"
"4342","\textbf{粘度、充分发展、两平板、圆管层流：}母题6。首句写“N-S 在定常充分发展条件下简化”。顺序 写保留项 $\to$ 积分 $\to$ 代边界条件 $\to$ 得 $u(y)$ 或 $u(r)$ $\to$ 剪应力/流量。最后查：无滑移、界面速度连续、界面剪应力连续；重力项方向符号。\\"
"4343","\textbf{平板边界层、阻力、沉降、气球风载：}母题7。首句写“先用 Re 判层/湍/转捩”。顺序 $Re_x/Re_L\to C_f,\delta,\delta^*,\theta\to D$；外绕阻力 $D=C_D\rho U^2A/2$；终速用重力/浮力/阻力平衡。最后查：单面/双面、迎风面积/湿面积、$C_D$ 不等于管内 $\lambda$。}"
"4344","\qt{子题：最容易漏写的一行，考试缺步骤时补在对应母题后}"
"4356","\qt{子题：新题只问“解释/判断”，也按大题四行写。}"
"4358","\qt{子题：新题给一张陌生图，先把它改写成老母题。}"
"4359","\ans{图有液面/管路/泵阀：编号水面、入口、变径、出口，落到母题1。图有闸门/曲面/浮体：找形心、压力中心、压力体，落到母题2。图有喷嘴/弯头/叶片：先能量求速度，再CV动量，落到母题3。图有圆柱/壁面/源汇：写 $\phi,\psi$ 叠加，落到母题4。图有喉部/背压/激波：$p_0,T_0,A_t,A_e,p_b$，落到母题5。图有两板/管内层流：写 N--S 简化和边界条件，落到母题6。图有平板/边界层/阻力：$Re_x,C_f,\delta$，落到母题7。图有模型/原型：列变量与 $\pi$ 群，落到母题9。}"
"4360","\qt{子题：考试答案没时间完整算，怎样保过程分。}"
"4363","\ans{母题1：$cm^2$ 换 $m^2$，局损速度、表压/绝压、泵/水轮机符号。母题2：压力中心比形心深，曲面竖向力等于压力体水重。母题3：压力力推入CV，答案问管壁/支座要取反。母题4：势流可叠加，但真实阻力不能用达朗贝尔零阻力。母题5：$p_b\ne p_e$，$A_t=A^*$ 只在阻塞时成立，激波后用新 $p_{02}$。母题6：充分发展才可令 $u=u(y)$ 或 $u(r)$。母题7：平板摩擦用湿面积，外绕阻力用迎风面积。母题9：相似换算先定主导准则，$Re$ 与 $Fr$ 冲突时不能同时满足。}"
"4364","\qt{子题：若新卷出现“给速度场，判不可压/有旋/求势函数流函数”。}"
"4366","\qt{子题：若新卷出现“应力张量/某平面受力/夹角”。}"
"4368","\qt{子题：若新卷出现“非定常 U 管/液面振荡/非定常 Bernoulli”。}"
"4370","\qt{子题：若新卷出现“水击/关阀/压力升高”。}"
"4372","\qt{子题：若新卷出现“阻力系数图/小球沉降/终速”。}"
"4374","\qt{子题：若新卷出现“斜激波/PM 膨胀角度”。}"
"4377","\ans{粗糙圆管放水/油层流判定：母题1+6，先能量求 $Q$ 或压降，再 $Re$ 判层湍，层流可回到 H--P/抛物线。氦气球/球体受风：母题7+9，受力平衡 $D$、浮力、重力，$D=C_DqA$，$C_D$ 由 $Re$ 和阻力危机判断。势流绕圆柱/偶极子/环量：母题4，写 $\psi=U(r-a^2/r)\sin\theta-\Gamma\ln r/(2\pi)$，表面速度、伯努利、升力 $L'=\rho U\Gamma$。Laval+水银计+激波：母题5，喉部阻塞、面积--马赫双支、三个背压界限、激波后总压换段。}"
"4378","\qt{子题：题目图片很复杂时，先删掉无关细节。}"
"4393","\mt{母题11 短问综合题：静水/CV/势流/相似也按完整题链写}"
"4396","\qt{子题：平面闸门/倾斜闸门完整落笔链。}"
"4398","\qt{子题：曲面受压/水箱盖/弧形门完整落笔链。}"
"4400","\qt{子题：U 管/多管测压计/油水水银分层。}"
"4402","\qt{子题：弯管/喷嘴/消防水枪支座力。}"
"4404","\qt{子题：射流冲击固定/运动平板、叶片、水轮机。}"
"4406","\qt{子题：势流基本流完整表，遇到源/汇/涡/偶极子直接抄。}"
"4408","\qt{子题：Rankine 半体/源汇与壁面镜像。}"
"4410","\qt{子题：圆柱绕流/有环量/机翼升力完整链。}"
"4412","\qt{子题：量纲分析/模型实验完整链。}"
"4414","\qt{子题：明渠/弗劳德数/浅水波如果出现怎么拿分。}"
"4416","\qt{子题：管内入口段/边界层增长/充分发展判别。}"
"4418","\qt{子题：湍流壁面律/摩擦速度题完整链。}"
"4420","\qt{子题：N-S 简化题的统一删项法。}"
"4422","\qt{子题：如果老师问“为什么应力张量对称”。}"
"4425","\mt{母题12 守恒律与物质模型概念题：从假设到控制方程}"
"4428","\qt{子题：物质模型三分法，静止/不可压无粘/可压无粘/不可压有粘。}"
"4430","\qt{子题：Re 的物理意义与层流/湍流判别。}"
"4432","\qt{子题：N-S 方程、RANS、LES、DNS 课件概念怎么写。}"
"4434","\qt{子题：边界层理论为什么成立，外场和内层怎么分。}"
"4436","\qt{子题：层流边界层、湍流边界层、混合边界层区别。}"
"4438","\qt{子题：激波总图，正激波/斜激波/脱体激波。}"
"4440","\qt{子题：PM函数入口/PM最大转角/PM膨胀波/小扰动等熵波。}"
"4442","\qt{子题：Laval喷管状态图/Laval喷管状态母题/Laval背压状态树，看到图就写什么。}"
"4444","\qt{子题：势流最后课件总图，基本方程和可叠加性。}"
"4446","\qt{子题：达朗贝尔佯谬和库塔--儒可夫斯基定理。}"
"4448","\qt{子题：管内流动从 N-S 到工程损失怎么串。}"
"4450","\qt{子题：老师若考“为什么水火箭/列车吸力/旋涡液面下降”等现实解释。}"
"4452","\qt{子题：开卷资料如果遇到新大题，答案模板怎样排版。}"
"4454","\qt{子题：六页索引版极简地图。}"
"4457","\mt{母题13 2006 期末四大综合题：按完整题干压缩成可套写链}"
"4459","\qt{子题：粗糙圆管放水出流。题干：水池有 $20^\circ$C 水 $1$m$^3$，底部接相对粗糙度约 $\varepsilon/D=0.0012$ 的粗糙圆管，求出口流量 $Q$；若流体换为 SAE 10W30 油，问圆管出口层流还是湍流。}"
"4462","\qt{子题：氦气球系留角。题干：充满氦气的球由细线拴于地面，线重和阻力忽略；环境空气 $20^\circ$C、1 atm；不含氦时材料重 $0.2$N；球内氦气压 $120$kPa、直径 $d=0.5$m；风速 $U=4$m/s 和 $24$m/s，求线与竖直夹角 $\theta$。}"
"4466","\qt{子题：水绕圆柱势流。题干：$20^\circ$C 水以 $U=5$m/s 流过直径 $1.2$m 圆柱，求模拟此流动的偶极子强度；若远处静压 $p_\infty=150$kPa，用无粘理论给 $\theta=180^\circ,135^\circ,90^\circ$ 处圆柱表面压力；若圆柱有环量 $\Gamma$，求使 $\theta=35^\circ,145^\circ$ 处为驻点的 $\Gamma$。}"
"4470","\qt{子题：Laval 汞柱真题。题干：空气流过连接两大气源的 Laval 喷管，喉部到下游气源接水银压差计，$h=15$cm，左侧喉部端水银面较低；上游 $T_0=100^\circ$C，$p_0=300$kPa；$A_t=10$cm$^2$，$A_e=30$cm$^2$。求 $p_b$；判正激波及位置；若精确设计超声速运行，汞柱高为多少。}"
"4475","\mt{母题14 泵吸水/水轮机/虹吸/并联管路工程题}"
"4477","\qt{子题：零攻角平板边界层厚度与单面摩擦阻力。题干：来流 $U$ 绕过零攻角平板，长 $L$、宽 $b$，给空气或水的 $\rho,\nu$，求单面摩擦阻力和尾部边界层名义厚度，临界 $Re_{cr}=5\times10^5$。}"
"4480","\qt{子题：管内湍流壁面律厚度。题干：管径 $d$，平均速度 $\bar u$，运动黏度 $\nu$ 或 $\mu,\rho$，求壁面线性底层、缓冲层、完全湍流层厚度；提示 $\bar u/u_\tau=2.5\ln(Ru_\tau/\nu)+1.75$。}"
"4483","\qt{子题：两层 Couette。题干：下板固定，上板速度 $U$，两层不可混流体厚度 $h_1,h_2$，黏度 $\mu_1,\mu_2$，无压差，求速度分布和剪应力。}"
"4486","\qt{子题：倾斜平板间层流。题干：两无限平行平板间距 $H$，倾角 $\theta$，流体密度 $\rho$、黏度 $\mu$，下板固定，上板以 $U_0$ 向上运动，沿流向无压差，且 $H/2$ 处速度为0，求 $U_0$ 和上下壁切应力。}"
"4489","\qt{子题：速度场/应力张量综合。题干：给 $u,v,w$ 判不可压/无旋，或给应力张量 $P$ 和单位法向 $\bm n$ 求面力、法向/切向分量。}"
"4492","\qt{子题：非定常 U 型管水柱振荡。题干：等截面开口 U 型管总长 $L$，初始两液面差 $h_0$，忽略黏性，求振动规律、周期和速度。}"
"4494","\qt{子题：证明/概念题压缩答案。题干：证明势函数/流函数满足 Laplace 方程、说明达朗贝尔佯谬、说明边界层分离、说明激波总压损失。}"
"4497","\mt{母题15 跨章混合题：势流/可压/粘性按条件反推}"
"4499","\qt{子题：非定常伯努利条件与 U 管/膨胀球。题干出现“非定常、无旋、速度势、液柱振荡、球半径随时间变”。}"
"4502","\qt{子题：流线、迹线、脉线、速度环量。题干给速度场 $u(x,y,t),v(x,y,t)$ 或极坐标闭合路径。}"
"4504","\qt{子题：源汇涡叠加找驻点和分界线。题干有“点源/点汇/均匀流/壁面抽吸/Rankine 半体”。}"
"4506","\qt{子题：书 5.x 常见圆柱/开孔/浮起变式。题干有半圆柱在水底、上方来流、开孔使内外压相等、求最小浮起速度。}"
"4508","\qt{子题：斜激波和PM连算：正激波/斜激波/PM 的题干分流。}"
"4511","\qt{子题：Fanno等截面摩擦管。题干给等截面、绝热、有摩擦、管长或极限长度时用。}"
"4513","\qt{子题：7.19 管外膨胀角。题干给 Laval 出口面积比 $A_e/A_t$、$p_0$、$p_b$，要求证明管外膨胀并求出口压力和膨胀角。}"
"4515","\qt{子题：7.20 管内正激波定位。题干给 $A_e/A_t$、某截面 $A_s$ 或背压，图中激波在扩张段。}"
"4518","\qt{子题：Stokes 小球沉降/浮起。题干有小球、$Re<1$、终速度、黏度。}"
"4521","\qt{子题：外绕球/圆柱阻力图。题干有气球、球、圆柱、风速、阻力危机、拖曳。}"
"4523","\qt{子题：文丘里/孔板/流量计。题干有压差计、收缩截面、求 $Q$。}"
"4525","\qt{子题：开卷资料使用时的“写过程分最低配置”。}"
"4528","\mt{母题16 孔口文丘里/水击水波/明渠/RTT非常规水力题}"
"4532","\qt{子题：水击/阀门突然关闭。题干有长管、阀门、水锤、压力升高或波速 $a$。}"
"4534","\qt{子题：孔口/薄壁小孔/堰流。题干有水箱侧壁小孔、自由出流、孔口系数、求流量或排空时间。}"
"4536","\qt{子题：浮体稳定/比重计。题干有漂浮、倾斜、小角稳定、重心 $G$、浮心 $B$、定倾中心 $M$。}"
"4538","\qt{子题：RTT/系统到控制体。题干要求由系统守恒推控制体方程，或问流入流出通量。}"
"4540","\qt{子题：曲线流动法向压强梯度。题干有弯曲流线、自由涡/强迫涡、旋转水面。}"
"4542","\qt{子题：Bernoulli 禁用/改用机械能。题干问为什么不能直接用，或有泵、损失、激波、黏性、非定常。}"
"4544","\qt{子题：面积--马赫完整落笔链。题干给 $A/A^*$、喉部、出口面积、设计工况或背压。}"
"4546","\qt{子题：查表动作标准写法。题干要求 Moody、正激波表、斜激波表、PM 表、阻力系数图。}"
"4548","\qt{子题：一页内找不到题时的逆向索引。}"
"4549","\ans{有液面和管：母题1；有闸门/曲面/浮体：母题2；有喷嘴/弯管/射流/叶片：母题3；有 $\phi,\psi,\Gamma$、圆柱、镜像：母题4；有 $Ma,p_0,T_0,A^*,p_b$：母题5；有两平板、圆管层流、N-S 删项：母题6；有平板阻力、外绕球柱、沉降：母题7；有速度场、应力张量：母题8；有量纲、模型、水击、浅水波：母题9/16；有解释证明：母题10/12。落笔先写母题名，至少能拿模型分。}"
"4551","\mt{母题17 测压计/U管/自由涡/外绕阻力零碎计算题}"
"4554","\qt{子题：多液体测压计/U形管。题干有水、油、汞、两点压差或管道压强。}"
"4556","\qt{子题：闸门/弧形门/曲面受压。题干给矩形门、圆弧门、铰链、求合力和力矩。}"
"4558","\qt{子题：控制体弯管支座力。题干给弯头、入口出口压力、直径、流量、角度、求支座反力。}"
"4560","\qt{子题：喷流冲击平板/叶片。题干有射流直径、速度、固定板、运动板、叶片角。}"
"4562","\qt{子题：不可压缩无旋线性速度场与势/流函数。题干给 $u(x,y),v(x,y)$ 或线性速度场 $u=Ax+By,\ v=Cx+Dy$。}"
"4564","\qt{子题：圆柱/半圆柱气膜馆升力。题干给半径 $a$、风速 $U$、内压、求表面压力或升力。}"
"4566","\qt{子题：收缩喷管流量/阻塞。题干给大容器 $p_0,T_0$、出口面积、背压 $p_b$，求流量。}"
"4568","\qt{子题：Laval 管内激波完整写法。题干给 $A_t,A_e,p_0,T_0,p_b$ 或激波位置。}"
"4570","\qt{子题：Hagen--Poiseuille 圆管层流。题干有充分发展层流、圆管、压降、壁剪、平均速度。}"
"4572","\qt{子题：平板边界层/外绕阻力混合题。题干有来流、板长宽、临界 $Re_{cr}$、求阻力。}"
"4574","\qt{子题：量纲分析/相似换算。题干要求“用 Buckingham $\pi$ 定理”或模型实验。}"
"4576","\qt{子题：最后三分钟检查清单。}"
"4579","\mt{母题18 概念证明保分题：不会推时也按四句过程写}"
"4583","\qt{子题：看到“证明/说明/物理意义”时的固定四句。}"
"4585","\qt{子题：看到“为什么有升力/吸力/压力降低”时的固定链。}"
"4587","\qt{子题：看到“方向/符号”不确定时的固定处理。}"
"4589","\qt{子题：看到“换一种流体/换速度/换尺寸”时的固定处理。}"
"4591","\qt{子题：整张六页的使用顺序。}"
"4592","\ans{第一遍看题图：液面管路找母题1，闸门浮体找2，控制体受力找3，势流圆柱找4，可压喷管激波找5，黏性N-S找6，边界层阻力找7，应力速度场找8，量纲水击找9/16，概念解释找10/12/18。第二遍按该母题下的真题/子题抄流程。第三遍补单位、方向、表压绝压、查表输入输出。}"
"4594","\mt{母题19 单位量级与反查收口：防止最后一步丢分}"
"4597","\qt{子题：常数和默认物性，题干没特别说明时这样写。}"
"4599","\qt{子题：常见反查式，题目给结果反求条件。}"
"4601","\qt{子题：答案最后一句模板，避免看起来没收口。}"
"4603","\mt{母题20 高频漏题完整题干链压缩题}"
"4606","\qt{子题：应力张量求任意斜面应力。题干给 $P=(p_{ij})$ 和单位法向 $\bm n$，求斜面应力、法向分量、切向分量、夹角。}"
"4608","\qt{子题：速度场判连续/有旋/求 $\phi,\psi$。题干给二维 $u(x,y),v(x,y)$，问是否不可压、是否无旋、写流函数/势函数。}"
"4610","\qt{子题：点源/点汇/点涡/偶极子叠加。题干出现均匀流、源汇、驻点、分界流线、半体、Rankine 体。}"
"4612","\qt{子题：镜像法壁面势流。题干有无限平壁、点源/点涡靠近壁面，要求满足壁面不穿透。}"
"4614","\qt{子题：U形管水柱自由振荡。题干有等截面U管、总液柱长 $L$、初始液面差 $h_0$，忽略黏性。}"
"4616","\qt{子题：圆管近壁层厚度。题干给管径 $d$、截面平均时均速度 $\bar u$、运动黏度 $\nu$，提示 $\bar u/u_\tau=2.5\ln(Ru_\tau/\nu)+1.75$。}"
"4618","\qt{子题：零攻角平板边界层阻力。题干给 $U,L,b,\nu,\rho,Re_{cr}$，比较空气/水绕流阻力和尾部边界层名义厚度。}"
"4620","\qt{子题：量纲分析标准落笔。题干说“试用量纲分析推导阻力/压降/周期关系”。}"
"4622","\qt{子题：表压/绝压与测压计。题干给大气压、真空度、汞柱/水柱高、入口至少高于汽化压。}"
"4624","\qt{子题：泵、水轮机、机械功率符号。题干有泵功率、水轮机输出、扬程、效率。}"
"4626","\qt{子题：低速气体能否当不可压。题干给飞机/管道气体速度和声速，问密度变化或压缩性。}"
"4628","\qt{子题：激波/膨胀波概念判断。题干问为什么总压下降、为什么膨胀降压、什么时候用 PM。}"
"4630","\qt{子题：两层 Couette 流。题干给下层厚 $h_1,\mu_1$、上层厚 $h_2,\mu_2$，下板固定、上板速度 $U$，求速度和剪应力。}"
"4632","\qt{子题：倾斜平板间层流。题干给板间距 $H$、倾角 $\theta$、上板速度 $U_0$、中面速度为0，求 $U_0$ 与壁面剪应力。}"
"4634","\qt{子题：并联/分支管路。题干有两条支路连接同两节点，给总流量或水头差，求各支路流量。}"
"4636","\qt{子题：虹吸管/最高点压强。题干有水池、管越过高点、出口低于水面，问能否虹吸或最高点高度。}"
"4638","\qt{子题：闸门力矩/拉杆力。题干给矩形或圆弧闸门、铰点、拉杆方向，求拉力。}"
"4640","\qt{子题：动量矩/叶轮功率。题干给叶轮半径、转速、入口出口速度三角形，求转矩或功率。}"
"4642","\qt{子题：PM 膨胀角完整写法。题干给超声速绕凸角、出口欠膨胀、求膨胀角或转角。}"
"4644","\qt{子题：平板摩擦阻力与边界层尾厚。题干给 $U,L,b,\rho,\nu$，比较空气和水或单/双面阻力。}"
"4646","\qt{子题：老师终课图的三类物质模型。题干问“为什么这章用这个方程”。}"
"4648","\mt{母题21 管路/泵阀/粗糙度题型总包：把 PVZ 从题干写到答案}"
"4651","\qt{子题：两油箱变径管15分题完整链。题干：两油箱液面差$h$，前段直径$d_1$、后段$d_2$，入口出口在液面以下，中间突扩，给$s,\mu$，求短管流量和A/B压强，长管给$Q,L_1,L_2,e$反求液面差。}"
"4653","\qt{子题：离心泵吸水安装高度。题干：吸水管长$L$、直径$d$、粗糙度$e$、弯头/入口阀$\zeta$、流量$Q$、汽化压$p_v$，要求泵中心高出水面最大$h$。}"
"4655","\qt{子题：水轮机输出功率。题干：上下游水面高差、管径管长、粗糙度、平均流速或流量、下游压力表，忽略或计局部损失，求水轮机输出功率。}"
"4657","\qt{子题：串联/并联管路。题干：多管段、不同直径、分支汇合、给总流量或两端水头差。}"
"4659","\qt{子题：粗糙度/Colebrook/Moody 写法。题干给镀锌钢管、铸铁管、粗糙度$e$或$e/d$，要求沿程损失或压降。}"
"4661","\qt{子题：管路压力表/测压管读数。题干：管内某点接压强计或U形压差计，要求该点压强或压差。}"
"4663","\qt{子题：管道受力/弯头支座反力。题干：弯管、喷嘴、变径管，给入口出口压力和流量，求固定支座受力。}"
"4665","\qt{子题：水池底部放水管/普通出流。题干：水池到大气出口，给水头$H$、管长直径、入口/弯头/阀/出口损失，求$Q$。}"
"4667","\qt{子题：泵阀管路第一行怎么写。题干复杂到不会下手时。}"
"4669","\mt{母题22 组合题拆题链：一题多模型时不要混用方程}"
"4671","\qt{子题：管路末端接喷嘴/射流冲板。题干：水池经管道到喷嘴，喷流打固定板或叶片，求流量、喷嘴反力、板受力。}"
"4672","\ans{先用母题21从水池到喷嘴出口求$Q,V_e$和出口压力；若出口自由射流，$p_e=0$表压。再取喷流/板为CV用动量：固定平板法向力近似$F=\rho QV_e$；若射流折转角$\theta$，用矢量式$\sum F_x=\dot m(V_{2x}-V_{1x}),\sum F_y=\dot m(V_{2y}-V_{1y})$。检查：管路损失影响$V_e$，但打板力不再用能量方程直接算。}"
"4673","\qt{子题：势流求压后再求结构受力。题干：圆柱/半圆柱/气膜馆外绕流，内部压力给定，求升力或是否掀起。}"
"4674","\ans{先由势流母题4求表面速度，例如圆柱无环量$V_\theta=-2U\sin\theta$；再由定常Bernoulli求外压$p_{\rm out}=p_\infty+\rho(U^2-V_s^2)/2$；净压$p_{\rm in}-p_{\rm out}$沿表面积分，竖向分量乘$\sin\theta$或按投影取。检查：势流给的是理想外压分布；若题问真实阻力，必须说明黏性分离会改变阻力。}"
"4675","\qt{子题：Laval喷管题再接管外波系。题干：已知$A_e/A_t,p_0,p_b$，问管内是否激波、出口是否欠/过膨胀、管外有何波。}"
"4676","\ans{先按母题5求设计超声支出口压$p_e$和出口$M_e$。若$p_b=p_e$设计匹配；若$p_b>p_e$，出口外压较高，管外出现压缩波/斜激波或管内激波；若$p_b<p_e$，出口欠膨胀，管外出现膨胀扇，PM继续算到$p_b$。检查：判断管内激波先比较临界背压；判断管外波系看内部出口静压 $p_e$ 与外界背压 $p_b$，二者不是同一个量。}"
"4677","\qt{子题：黏性层流速度分布再接流量/阻力/功率。题干：先要求$u(y)$或$u(r)$，再问$Q,\tau,F,P$。}"
"4678","\ans{先用母题6删N--S得速度分布；再按定义积分$Q=\int_Au\,dA$，平均速度$\bar u=Q/A$，壁剪$\tau_w=\mu(\partial u/\partial n)_w$，阻力$F=\tau_wA_w$，拖动功率$P=FU$。检查：不要先背$Q$公式再反推速度；题要“证明”时必须从微分方程和边界条件开始。}"
