unit_id,source_item_id,split_no,chapter,topic_folder,mother,child_type,confidence,represent_score,need_original_confirm,source_group,source_label,question_no,question_text,source_file
U00002,Q0002,1,第7章 可压缩流,06_粘性管路_沿程局部损失_泵水轮机,母题5：可压缩流/Laval喷管/激波/膨胀波,Laval喷管背压-阻塞-正激波位置判定,高,37,否,往年期末题-主目录,2006.6流体力学期末真题.doc,2,2．第二部分 共80分，每题20分 [1]. 一水池有20?C的水1 m3，其底部接一ε约为0.0012的粗糙圆管（见右图）。求此时的出口流量Q（m3/h）。如果流体为SAE 10W30 号油，问圆管出口为湍流还是层流？（提示：本题若需迭代，初始值，迭代步数） [2]. 一充满氦气的气球由一细线栓于地面，细线的重量、阻力皆可忽略，环境空气为20?C和一个大气压。气球不含氦气时的材料重量为0.2N。气球内的氦气压力为120kPa，直径50cm。求：若风速分别为（a）4m/s和（b）24m/s时θ角是多少。 [3]. 考虑20?C的水以5m/s的速度流过直径1.2米的圆柱。请问需要多大强度的偶极子?来模拟这一流动？如果远处来流静压为150kPa，应用无粘理论，给出角度θ为(a) 180?、 (b) 135?、和(c) 90?时圆柱表面的压力。若该圆柱有环量Γ，求其为多少时θ??35°和145°处有驻点。 [4]. 空气流过一连接两大气源的Laval喷管，连接喉部和下游气源的水银柱高为（如右图）。估算下游气源压力。喷管中有正激波吗？如果有，它是在喷管出口还是上游一些？如果该喷管精确地运行于超音速的设计条件，水银柱高应为多少？,D:\虚拟C盘\学习\流体力学\题库\期末试题\2006.6流体力学期末真题.doc
U00004,Q0004,1,第7章 可压缩流,06_粘性管路_沿程局部损失_泵水轮机,母题5：可压缩流/Laval喷管/激波/膨胀波,Laval喷管背压-阻塞-正激波位置判定,高,37,否,往年期末题-主目录,2006年流体力学期末试卷.doc,2,2．第二部分 共80分，每题20分 [1]. 一水池有20?C的水1 m3，其底部接一ε约为0.0012的粗糙圆管（见右图）。求此时的出口流量Q（m3/h）。如果流体为SAE 10W30 号油，问圆管出口为湍流还是层流？（提示：本题若需迭代，初始值，迭代步数） [2]. 一充满氦气的气球由一细线栓于地面，细线的重量、阻力皆可忽略，环境空气为20?C和一个大气压。气球不含氦气时的材料重量为0.2N。气球内的氦气压力为120kPa，直径50cm。求：若风速分别为（a）4m/s和（b）24m/s时θ角是多少。 [3]. 考虑20?C的水以5m/s的速度流过直径1.2米的圆柱。请问需要多大强度的偶极子?来模拟这一流动？如果远处来流静压为150kPa，应用无粘理论，给出角度θ为(a) 180?、 (b) 135?、和(c) 90?时圆柱表面的压力。若该圆柱有环量Γ，求其为多少时θ??35°和145°处有驻点。 [4]. 空气流过一连接两大气源的Laval喷管，连接喉部和下游气源的水银柱高为（如右图）。估算下游气源压力。喷管中有正激波吗？如果有，它是在喷管出口还是上游一些？如果该喷管精确地运行于超音速的设计条件，水银柱高应为多少？ 更多清华大学本科试卷 尽在www.juanjuantx.com,D:\虚拟C盘\学习\流体力学\题库\期末试题\2006年流体力学期末试卷.doc
U00044,Q0044,1,第7章 可压缩流,05_可压缩流_喷管_激波_膨胀波,母题5：可压缩流/Laval喷管/激波/膨胀波,Laval喷管背压-阻塞-正激波位置判定,高,31,否,往年期末题-其他目录,2003上海交大流体力学期末试题及答案.pdf,五,"五．在一拉伐尔喷管中（参见中册183页图C5.4.5）,贮气箱中的参数为 T0 = 350 K, p0 = 106 Pa ；喷管 出口截面积Ae=0.001m2, 背压 pb = 9.3 × 10 Pa 。设喉部的马赫数 M t = 0.6, 5 γ = 1.4 ，求 (1) 出口参数 Te , ρ e , M e , Ve (2) 喉部参数 Tt , ρ t , pt , Vt , At 解法一：管内为等熵流 (1) 出口参数 γ −1 Te p 9.315 × 105 1.4",D:\虚拟C盘\学习\流体力学\题库\其他试题\2003上海交大流体力学期末试题及答案.pdf
U00001,Q0001,1,第7章 可压缩流,05_可压缩流_喷管_激波_膨胀波,母题5：可压缩流/Laval喷管/激波/膨胀波,Laval喷管背压-阻塞-正激波位置判定,高,26,否,往年期末题-主目录,2006.6流体力学期末真题.doc,1,1．第一部分 共20分，每题5分 [1]. 一直径为10cm长200m的光滑圆管水平连接着两个20℃的水槽，其中一个的水位为800m，另一为650m，问其流量约为多少？若管子粗糙，实际流量为100m3/h，问平均粗糙度是多少？ [2]. 一个直径2cm光滑铝球（SG=2.7）在20℃的静止水中下沉，若其基于迎风面积的阻力系数为0.5，问该球下沉的终极速度是多少。 [3]. 一个500K和200kPa的空气源为一喷管提供等熵流动，若在某截面的压力为150kPa，问该处的马赫数和温度各是多少？ [4]. 有一温度500K、压力300kPa的大空气容器连接一Laval喷管，其喉部面积为0.06平方米。若由其作定常等熵流动，最大质量流量为多少？,D:\虚拟C盘\学习\流体力学\题库\期末试题\2006.6流体力学期末真题.doc
U00003,Q0003,1,第7章 可压缩流,05_可压缩流_喷管_激波_膨胀波,母题5：可压缩流/Laval喷管/激波/膨胀波,Laval喷管背压-阻塞-正激波位置判定,高,26,否,往年期末题-主目录,2006年流体力学期末试卷.doc,1,1．第一部分 共20分，每题5分 [1]. 一直径为10cm长200m的光滑圆管水平连接着两个20℃的水槽，其中一个的水位为800m，另一为650m，问其流量约为多少？若管子粗糙，实际流量为100m3/h，问平均粗糙度是多少？ [2]. 一个直径2cm光滑铝球（SG=2.7）在20℃的静止水中下沉，若其基于迎风面积的阻力系数为0.5，问该球下沉的终极速度是多少。 [3]. 一个500K和200kPa的空气源为一喷管提供等熵流动，若在某截面的压力为150kPa，问该处的马赫数和温度各是多少？ [4]. 有一温度500K、压力300kPa的大空气容器连接一Laval喷管，其喉部面积为0.06平方米。若由其作定常等熵流动，最大质量流量为多少？,D:\虚拟C盘\学习\流体力学\题库\期末试题\2006年流体力学期末试卷.doc
U00728,Q0588,1,第7章 可压缩流,05_可压缩流_喷管_激波_膨胀波,母题5：可压缩流/Laval喷管/激波/膨胀波,Laval喷管背压-阻塞-正激波位置判定,高,22,否,课本教材题-张扬军文本,流体力学教材_text.txt,13.3,13.3.2 背压高于出口设计压强 这时，可再分为如下两种情况分别进行讨论。 (1) p2 < pb < p2k ，背压高于出口设计压强 p2 ，低于在出口截面上形成正激波时的背压 p2k 。当背压略高于出口设计压强时，超声速气流在出口受到压缩，在出口边缘 A 和 A1 处产 生两道斜激波，如图 13-16(b)所示。气流经斜激波后速度降低、压强升高，并向内侧偏转 δ 角。 背压继续升高，气流向内偏转角逐渐增大。当背压超过某一限值后，出口斜激波将形成拱桥 形激波系，如图 13-16(c)所示。当 pb = p2k 时，在出口截面将会形成正激波。激波位于喷管 出口的下游，出口上游喷管内部的气流参数仍和设计工况一致。 (2) p2k < pb < p2m ，背压大于在出口截面形成正激波时的压强，小于激波在喉部消失的 压强。当背压略高 p2k 时，为了适应正激波后气流压强的进一步升高，正激波将会向喷管内部 第 13 章 可压缩流体超声速流动 ·235· 移动，如图 13-16(d)所示。激波进入喷管内部后，激波前的马赫数与设计工况相比有所减小， 故激波强度会有所降低，波阻相应减弱。气流通过正激波后变为亚声速，在渐扩管段内继续 减速并升压，喷管中气流压强将按照图 13-15 中的曲线 AOK 2 L2 E2 进行变化。这种喷管设计出 口压强低于实际背压的情况称为气流膨胀过度。当背压进一步升高时，激波强度逐渐降低， 激波位置向渐扩喷管上游的喉部位置移动。当背压升高到 p2m 时，激波移动到喉部并消失， 此时气流参数达到临界值。由于背压高于喉部压强，气流在渐扩管段中为亚声速流动。减速 升压并且气流压强在出口处达到 p2m 。喷管内气体沿流动方向的压强变化过程如图 13-15 中 的曲线 AOE 所示。,D:\虚拟C盘\学习\流体力学\张扬军（车辆学院）\教材\流体力学教材_text.txt
U00705,Q0576,1,第7章 可压缩流,05_可压缩流_喷管_激波_膨胀波,母题5：可压缩流/Laval喷管/激波/膨胀波,Laval喷管背压-阻塞-正激波位置判定,中,21,否,课本教材题-张扬军文本,流体力学教材_text.txt,12,(12.4.3) 根据式(12.4.3)可以知道，摩擦的作用相当于使管道截面缩小。在渐缩管中，摩擦使亚声 速气流加速得更快，使超声速气流减速得更快。在渐扩管中，摩擦使亚声速气流减速变慢， 使超声速气流加速变慢。在等截面管道中，摩擦效应使得气流相当于在渐缩管中流动，从而 使亚声速气流加速，使超声速气流减速。但不可能使气流从亚声速连续加速到超声速，也不 可能使气流从超声速连续地减速到亚声速，所以极限速度只能是声速。由于摩擦的影响，此 时缩放喷管中气流的临界截面将不再位于喷管最小截面处。由于在临界截面上 Ma = 1 ，根据 式(12.4.3)可以得到 dA k dx A 2 d ·220· 流 体 力 学 于是有 dA > 0 ，即不论来流是亚声速或是超声速，气流总是在最小截面后的扩张段中才能达 到临界速度。下面进一步分析等截面管道中有摩擦的绝热流动，式(12.4.3)可以进一步写成 dV dh c p dT 1 dT =− =− =− (12.4.4) V 2 2 Ma a 2 Ma kRT Ma ( k − 1) T 2 将 V 2 = Ma 2 a 2 = Ma 2 kRT 两边进行微分，可以得到 dV dMa dT =2 + 2 (12.4.5) V Ma T 合并式(12.4.4)和式(12.4.5)，可以得到 dV dMa / Ma = (12.4.6) V Ma 2 ( k − 1) / 2 + 1 对于等截面管道，由于 dA = 0 ，根据式(12.4.3)有 2 ( Ma − 1) dVV = −λ kMa 2 dx 2 d 将式(12.4.6)代入上式并消去 V 有 2 1 − Ma 2 dMa ) = 2dMa k +1 dMa d kMa 3 ⎡ Ma 2 ( k − 1) / 2 + 1⎤ kMa 3 k Ma ⎡ Ma 2 ( k − 1) / 2 + 1⎤ ⎣ ⎦ ⎣ ⎦ 上式沿管道长度进行积分。积分上、下限分别为： x = 0 ， Ma = Mai ； x = l ， Ma = Ma ，有 1 ⎞ k + 1 ⎡⎛ Mai ⎞ ( k − 1) Ma + 2 ⎤ 2 2 l 1⎛ 1 λ = ⎜ − ⎟ + ln ⎢ ⎜ ⎟ ⎥ (12.4.7) d k ⎝ Mai2 Ma 2 ⎠ 2k ⎢⎣⎝ Ma ⎠ ( k − 1) Mai + 2 ⎥⎦ 2 其中， Mai 为管道入口气流马赫数。当 Ma = 1 时，可以得到管道长度达最大值： l 1⎛ 1 ⎞ k + 1 ⎡ ( k + 1) Mai2 ⎤ λ max = ⎜ − 1 ⎟+ ln ⎢ ⎥ (12.4.8) k ⎝ Mai2 ⎢⎣ ( k − 1) Mai +2 ⎥⎦ 2 d ⎠ 2k 显然，最大管长 lmax 与 Mai 有关。当管长 l < lmax 时，气流在出口处达,D:\虚拟C盘\学习\流体力学\张扬军（车辆学院）\教材\流体力学教材_text.txt
U00039,Q0039,1,第7章 可压缩流,05_可压缩流_喷管_激波_膨胀波,母题5：可压缩流/Laval喷管/激波/膨胀波,Laval喷管背压-阻塞-正激波位置判定,高,19,否,往年期末题-其他目录,2003上海交大流体力学期末试题及答案.pdf,10,10. 在收缩喷管的出口截面上达到声速时，流量达最大值，背压继续下降不能使流量增大。为此在后部再 连接扩张喷管，让气体达到超声速，可使流量进一步提高。 错，喉部达声速时流量最大，不可能再提高。 （计算题开卷）,D:\虚拟C盘\学习\流体力学\题库\其他试题\2003上海交大流体力学期末试题及答案.pdf
U00234,Q0228,1,概念综合,10_概念简答_综合证明,母题10：概念辨析/证明/综合判断,概念简答与证明,低-按原文件夹归类,19,否,课本/作业整理题,第5章第6章流体力学作业_标准教案.pdf,三,"三、第 5 章理想流体作业 题 1：定常平面流动的速度环量 题意 已知 vr = ar, vθ = 0, 其中 a 为常数。求图示闭合曲线沿路径方向的速度环量。 讲解思路 这题要让学生抓住一个核心点：速度只有径向分量，没有切向分量。因此，圆弧 段上速度与路径微元垂直，圆弧段环量为零；只有径向段可能有贡献。 板书步骤 速度环量定义为 I Γ= V · ds. 圆弧段上 ds = rdθ eθ , V = ar er . 3 V · ds = 0. 右侧径向段从 R1 到 R2 ： Z R2 Γ1 = ar dr = (R22 − R12 ). R1 2 左侧径向段方向相反，从 R2 到 R1 ： Z R1 Γ2 = ar dr = − (R22 − R12 ). R2 2 Γ = Γ1 + Γ2 = 0. Γ = 0. 易错点 • 不要把圆弧长度 rdθ 直接乘 vr 。圆弧方向是 eθ ，而速度方向是 er ，二者垂直。 • 两条径向段方向相反，所以贡献相互抵消。 题 2：书 4.12，膨胀球体诱导的压力场 题意 原静止无界理想均质不可压流体中，有一球形物体，其半径按 R(t) = 1 + 3t 膨胀。已知无穷远处压力为 p∞ ，流体密度为 ρ，质量力忽略，求压力场。 讲解思路 这题分三步：",D:\虚拟C盘\学习\流体力学\第5-8章作业与复习_整理\第5章第6章流体力学作业_标准教案.pdf
U00410,Q0380,1,概念综合,10_概念简答_综合证明,母题10：概念辨析/证明/综合判断,概念简答与证明,低-按原文件夹归类,18,否,课本教材题-张扬军文本,流体力学教材_text.txt,3.1,"1.1 拉格朗日法 拉格朗日法通过如下两个方面来描述整个流体的运动状态。首先，描述某一运动流体质 点的各个物理量(如密度、速度等)随时间的变化规律；其次，描述相邻流体质点间这些物理 量的变化规律。流体质点是连续分布的，要研究某个确定流体质点的运动，首先必须建立一 个表征该流体质点的办法，以便识别和区分不同的流体质点。在每一时刻，每一个流体质点 都占据唯一确定的空间位置。一个显而易见的办法是以某一时刻 t = t0 各个质点的空间位置坐 标 ( a,b,c ) 来表征它们。不同的流体质点具有不同的 ( a,b,c ) 。为简单起见，先在直角坐标系中 进行讨论。 某流体质点( a1,b1,c1 )在空间运动时，它在直角坐标系中的位置将是时间 t 的函数： ⎧ x = x ( a1 , b1 , c1 , t ) ⎨ y = y ( a1 , b1 , c1 , t ) (3.1.1) ⎪ z = z (a ,b ,c ,t ) ⎩ 1 1 1 其中， a1、b1、c1 是与流体质点初始位置相关的常数，代表质点在 t = t0 时刻所处的空间位置。 当研究所有流体质点在空间的运动时，由于各个质点在 t = t0 时刻的坐标 ( a,b,c ) 不一样，各个 质点在任意时刻的空间位置将是 a ,b,c,t 这四个参数的函数 ⎧ x = x ( a, b, c, t ) ⎨ y = y ( a, b, c, t ) (3.1.2) ⎪ z = z ( a , b, c , t ) ·32· 流 体 力 学 当 a、 b、 c 固定时，式(3.1.2)代表某个确定流体质点的运动轨迹；当 t 固定时，式(3.1.2)代表 t 时刻流体各质点所处的空间位置，所以式(3.1.2)可以描述所有质点的运动。这里用来识别和 区分不同流体质点的参数 a、 b、 c 都应看作自变量，它们与时间 t 一起称为拉格朗日变量。显 然，在 t = t0 时刻，各质点的坐标等于 a ,b,c ，即 ⎧ x0 = x ( a, b, c, t0 ) = a ⎨ y0 = y ( a, b, c, t0 ) = b (3.1.3) ⎪ z = z ( a, b, c, t ) = c ⎩ 0 0 同理，其他物理量也应该是 t 及 a ,b,c 的函数。描述流体运动的拉格朗日法以一组数 ( a,b,c ) 作 为标记，这组数称为拉格朗日坐标或随体坐标。流体质点不管 什么时候、运动到哪，其拉格朗日坐标不变。换言之，拉格朗 日法着眼于流体质点，将流体质点的运动表示为拉格朗日坐标 和时间的函数。 如图",D:\虚拟C盘\学习\流体力学\张扬军（车辆学院）\教材\流体力学教材_text.txt
U00005,Q0005,1,概念综合,10_概念简答_综合证明,母题10：概念辨析/证明/综合判断,概念简答与证明,低-按原文件夹归类,16,是,往年期末题-主目录,2007.7流体力学期末真题及答案.pdf,整卷,[[PDF_PAGE 1]] [[PDF_PAGE 2]] [[PDF_PAGE 3]] [[PDF_PAGE 4]] [[PDF_PAGE 5]] [[PDF_PAGE 6]] [[PDF_PAGE 7]] [[PDF_PAGE 8]] [[PDF_PAGE 9]],D:\虚拟C盘\学习\流体力学\题库\期末试题\2007.7流体力学期末真题及答案.pdf
U00046,Q0045,2,概念综合,10_概念简答_综合证明,母题10：概念辨析/证明/综合判断,概念简答与证明,低-按原文件夹归类,16,否,往年期末题-其他目录,2003上海交大流体力学期末试题及答案.pdf,0.4,"7.84 × 105 ρt = = = 8.367 kg/m3 , Vt = M t γ RTt = 2 6.25 × 10−4 m 2 ρ tVt At = ρ eVe Ae ρtVt 8.367 × 2 7.32 解法二： = 0.9315 （1）由 p 0 倒查表FG1得 Me = 8.8 m/s mhtml:file://F:\Study\学习资料\流体力学\流体力学期末考试(2003.mht 2010/6/7 w 页码，6/6(W) pe 9.315 × 105 ρe = = =",D:\虚拟C盘\学习\流体力学\题库\其他试题\2003上海交大流体力学期末试题及答案.pdf
U00045,Q0045,1,概念综合,10_概念简答_综合证明,母题10：概念辨析/证明/综合判断,概念简答与证明,低-按原文件夹归类,15,否,往年期末题-其他目录,2003上海交大流体力学期末试题及答案.pdf,0.4,"0.98 × 350 = 343K 2 T0 2 350 Me = ( − 1) = ( − 1) = 9.46 kg/m3 , Ve = M e γ RTe = 118.8m/s RTe 287 × 343 0.6 ，查表FG1 = 0.93284 T0 Tt = 0.93284 × 350 = 326.5K = 0.784 p0 pt = 0.784 × 106 =",D:\虚拟C盘\学习\流体力学\题库\其他试题\2003上海交大流体力学期末试题及答案.pdf
U00384,Q0369,1,概念综合,10_概念简答_综合证明,母题10：概念辨析/证明/综合判断,概念简答与证明,低-按原文件夹归类,15,否,课本教材题-张扬军文本,流体力学教材_text.txt,2.2,"2.2.2 势函数 把式(2.2.1)分别乘以 dx 、 dy 、 dz 之后相加，则有 1 ⎛ ∂p ∂p ∂p ⎞ f x dx + f y dy + f z dz = ⎜ dx + dy + dz ⎟ ρ ⎝ ∂x ∂y ∂z ⎠ 因为 p = p ( x, y, z ) 为空间坐标的函数，上式右边括号内表示压强 p 的全微分，即 ∂p ∂p ∂p dp = dx + dy + dz ∂x ∂y ∂z 所以 ( dp = ρ f x dx + f y dy + f z dz ) (2.2.3) 如果流体为均质不可压缩，即 ρ = 常数。由于式(2.2.3)的左边是压强的全微分 dp ，那么 右边也可以看作某函数的全微分。通常采用 −π ( x, y, z ) 表示这函数，则 ⎛ ∂π ∂π ∂π ⎞ dp = ρ d ( −π ) = ρ ⎜ − dx − dy − dz ⎟ ⎝ ∂x ∂y ∂z ⎠ ∂π ∂π ∂π 与式(2.2.3)相比得 fx = − , fy = − , fz = − (2.2.4) ∂x ∂y ∂z 显然函数 −π ( x, y, z ) 在 x、y、z 轴方向的偏导数正好等于单位质量力在各坐标轴上的投影。函 数 −π 的物理意义可进一步分析如下：在所取的某空间中任意一点上都存在质量力，因此可称 为质量力场。取空间中一点 A ( x, y, z ) ，其单位质量力在各坐标轴的分量分别为 f x 、 f y 、 f z 。 若 A 点处单位质量流体在质量力的作用下移动了 dl 距离，而 dl 在各坐标轴的分量分别为 dx 、 dy 、 dz ，那么单位质量力所做的功为 f x dx + f y dy + f z dz = d ( −π ) ，并且该功转化为流体的势 能的增量。由此可见 −π ( x, y, z ) 反映了单位质量流体的势能(或位能)，所以称为势函数。在重 力场中，单位质量力的三个分量分别为 f x = f y = 0 ， f z = − g ，于是 ∂π ∂π ∂π dπ = dx + dy + ( ) dz = − f x dx + f y dy + f z dz = gdz 积分后可得重力场中静止(平衡)流体的势函数 π = gz (2.2.5) 对于质量为 m 的物体，在基准面以上高度为 z 时，其势能是 mgz 。因此，在重力场中， 势函数 π 的物理意义是单位质量流体所具有的重力势能。 第 2 章 流体静力学 ·17·",D:\虚拟C盘\学习\流体力学\张扬军（车辆学院）\教材\流体力学教材_text.txt
U00432,Q0396,3,概念综合,10_概念简答_综合证明,母题10：概念辨析/证明/综合判断,概念简答与证明,低-按原文件夹归类,15,否,课本教材题-张扬军文本,流体力学教材_text.txt,2,3-9 所示的几何关系可知， α 2 − α1 ∠FOB − ∠F ′O′ B′ = ∠FOF ′ − α1 = α − α1 = 2 α 2 − α1 ∠COF − ∠C ′O′ F ′ = α 2 − ∠FOF ′ = α 2 − α = 2 图 3-9 流体微团角变形 忽略高阶小量，可以得到 α1 和 α2 表达式如下： ΔxΔt BB′ BB′′ ∂w α1 = = = − ∂x =− Δt OB OB Δx ∂x Δz Δt CC ′ CC ′′ ∂u α2 = = = ∂z = Δt OC OC Δz ∂z 第 3 章 流体运动描述与分析 ·45· 代入上式中，可以得到 1 ⎛ ∂u ∂w ⎞ ε xz = ε zx = ⎜ + ⎟ (3.4.14) 2 ⎝ ∂z ∂x ⎠ 用类似的方法可求得其他两个平面上的角变形率为 1 ⎛ ∂u ∂v ⎞ ε xy = ε yx = ⎜ + ⎟ (3.4.15) 2 ⎝ ∂y ∂x ⎠ 1 ⎛ ∂w ∂v ⎞ ε yz = ε zy = ⎜ + ⎟ (3.4.16) 2 ⎝ ∂y ∂ z ⎠ 从上述分析可以发现，六面体流体微团的角变形率虽然有六个，但其中只有三个是独立的。,D:\虚拟C盘\学习\流体力学\张扬军（车辆学院）\教材\流体力学教材_text.txt
U00439,Q0402,1,概念综合,10_概念简答_综合证明,母题10：概念辨析/证明/综合判断,概念简答与证明,低-按原文件夹归类,15,否,课本教材题-张扬军文本,流体力学教材_text.txt,3.5,5.3 涡管强度守恒定理 在同一时刻，同一涡管各个截面上的涡通量相同， 即涡管强度守恒定理。证明过程如下。 在某一时刻，任取一段涡管，如图 3-13 所示，涡管截 面为 A1 、 A2 (它们的边界线为绕涡管的封闭曲线)，涡 管侧面为 A3 。该段涡管表面积为 A = A1 + A2 + A3 。通 图 3-13 涡管通量 过该段涡管表面的涡通量按式(3.5.5)积分可得 J = ∫∫ Ω ⋅ ndA = − ∫∫ Ω1 ⋅ n1dA + ∫∫ Ω2 ⋅ n2 dA + ∫∫ Ω3 ⋅ n3dA (3.5.7) A A1 A2 A3 其中， n 为外法线的单位向量，而 n1 指向内侧，因此在 n1 前应加负号。 根据涡管的定义，在 A3 曲面上的涡线与曲面法线垂直，所以式(3.5.7)右侧第三项为零， 于是可得 J = − ∫∫ Ω1 ⋅ n1dA + ∫∫ Ω2 ⋅ n2dA (3.5.8) A1 A2 另外根据高斯定理，由式(3.5.7)可得 J = ∫∫ Ω ⋅ ndA = ∫∫∫ ∇ ⋅ Ωd∀ = 0 (3.5.9) A ∀ 其中，∀ 为封闭曲面 A 围成的体积。将式(3.5.9)代入式(3.5.8)中，可以得到 ∫∫ Ω1 ⋅ n1dA = ∫∫ Ω2 ⋅ n2dA (3.5.10) A1 A2 涡管截面 A1 和 A2 的选择具有任意性，由此可以得出结论：在同一时刻，同一涡管各截面的涡 通量不变，即涡管通量守恒。通常又把涡管的涡通量称为涡管强度，涡通量守恒定理又称为 涡管强度守恒定理。 对于微元涡管，若近似地认为截面 A1 及 A2 上的涡量为常数，并且涡量与截面 A1 及 A2 的 法线方向平行，则涡通量守恒公式可以写成 Ω1 A1 = Ω 2 A2 (3.5.11) 由涡管强度守恒定理可以得出两个结论。,D:\虚拟C盘\学习\流体力学\张扬军（车辆学院）\教材\流体力学教材_text.txt
U00011,Q0011,1,第2章 流体静力学,01_静水压力_测压_闸门,母题1：静水压强/测压/闸门受力,平面闸门/曲面压力/浮力稳定,中,20,否,往年期末题-主目录,工程流体力学期末考试及答案.pdf,6,6.如图所示，有一直径 d=12cm 的圆柱体，其质量 m=5kg，在力 F=100N 的作用下，当淹深 h=0.5m 时，处 于静止状态，求测压管中水柱的高度 H。（12 分）,D:\虚拟C盘\学习\流体力学\题库\期末试题\工程流体力学期末考试及答案.pdf
U00394,Q0374,3,第2章 流体静力学,01_静水压力_测压_闸门,母题1：静水压强/测压/闸门受力,平面闸门/曲面压力/浮力稳定,中,17,否,课本教材题-张扬军文本,流体力学教材_text.txt,2.4,"2-10 U 形管测压计 点 2 的压强相等，即 p1 = p2 。由式(2.3.4) p1 = p + ρ1 gh1 , p2 = pa + ρ 2 gh2 由于点 1 和点 2 的压强相等，可得 p + ρ1 gh1 = pa + ρ 2 gh2 因此，M 点的绝对压强为 p = pa + ρ 2 gh2 − ρ1 gh1 (2.4.4) 相应地，M 点的相对压强为 pg = p − pa = ρ2 gh2 − ρ1gh1 (2.4.5) 由式(2.4.4)和式(2.4.5)，可根据测得的 h1 和 h2 以及已知的 ρ1 和 ρ 2 计算出被测点的绝对压强和 相对压强。 当被测容器中的流体压强小于大气压，即 p < pa 时，在大气压作用下，U 形管右管内的 液面下降，左管内的液面上升，直到平衡，如图 2-10(b)所示。M 点压强的计算方法与上面相 似，M 点的绝对压强为 p = pa − ρ 2 gh2 − ρ1 gh1 (2.4.6) M 点的真空为 pv = pa − p = ρ 2 gh2 + ρ1 gh1 (2.4.7) 当使用 U 形管测压计测量气体压强时，如果气体的密度很小，那么式(2.4.4)～式(2.4.6) 中 ρ1 gh2 项可以忽略不计。若被测流体的压强较高，仅用一个 U 形管则过长，此时可以采用 串联的 U 形管组成多 U 形管测压计进行测量。实际应用中常 采用双 U 形管或三 U 形管串联测压计。 在图",D:\虚拟C盘\学习\流体力学\张扬军（车辆学院）\教材\流体力学教材_text.txt
U00007,Q0007,1,第2章 流体静力学,01_静水压力_测压_闸门,母题1：静水压强/测压/闸门受力,静水压强与平面/曲面受力,低-按原文件夹归类,16,是,往年期末题-主目录,工程流体力学期末考试及答案.pdf,2,2.如图所示，p 表示绝对压强，pa 表示大气压强，试在图中括号内填写所表示的压强。（4 分）,D:\虚拟C盘\学习\流体力学\题库\期末试题\工程流体力学期末考试及答案.pdf
U00665,Q0548,2,第2章 流体静力学,03_流体运动学_连续_应力张量,母题1：静水压强/测压/闸门受力,平面闸门/曲面压力/浮力稳定,中,16,否,课本教材题-张扬军文本,流体力学教材_text.txt,11.3,"1-5 涡束诱导出的涡流 托克斯定理可知，包围该涡束的速度环量也为 常数。利用环量的定义，可求出涡流在不同半径圆周线上的速度，即 Γ = 2πruθ (11.3.22) 于是可得涡流周向运动速度 (11.3.23) uθ = 2πr 在涡流区域，流体运动速度与半径成反比。在涡束内部，流动速度与半径成正比，即 uθ = rω ，其中， ω 为涡束旋转的角速度。根据涡流区速度分布式(11.3.23)，可知涡流区域流 动无旋，称为势流旋转区。涡束内部流动有旋，称为涡核区。 将涡流速度与半径关系式(11.3.23)代入伯努利方程，忽略体积力，可得势流旋转区的压 强分布为 1 ρ Γ2 p = p∞ − ρ uθ2 = p∞ − 2 2 (11.3.24) 2 8π r 其中， p∞ 为距离涡核区无穷远处 (r → ∞ ) 的压强。势流旋转区的压强随半径增加而增加。令 在涡核表面压强 p = p0 ，那么根据式(11.3.24)可以得到涡核半径表达式为 Γ ρ r0 = (11.3.25) 2π 2 ( p∞ − p0 ) 接下来求解涡核内部的压强分布。涡核内部为有旋流动，根据欧拉运动微分方程即可求 解流体的压强。平面二维定常欧拉运动微分方程为 ∂u ∂u 1 ∂p ∂v ∂v 1 ∂p u +v =− , u +v =− (11.3.26) ∂x ∂y ρ ∂x ∂x ∂y ρ ∂y ·196· 流 体 力 学 在涡核内部速度分量为 u = −ω y 、 v = ω x ，代入式(11.3.26)中可得 1 ∂p 1 ∂p ω2x = , ω2 y = (11.3.27) ρ ∂x ρ ∂y 式(11.3.27)分别乘以 dx 和 dy ，并相加可得 1 ⎛ ∂p ∂p ⎞ ω 2 ( xdx + ydy ) = ⎜ dx + dy ⎟ (11.3.28) ρ ⎝ ∂x ∂y ⎠ ω2 进一步化简，可得 2 ( ) ρ1 dp d x2 + y 2 = (11.3.29) 积分式(11.3.29)，可得 1 2 ( ) 1 1 ρω 2 x 2 + y 2 + C = ρω 2 r 2 + C = ρ uθ2 + C 2 2",D:\虚拟C盘\学习\流体力学\张扬军（车辆学院）\教材\流体力学教材_text.txt
U00379,Q0366,1,第2章 流体静力学,01_静水压力_测压_闸门,母题1：静水压强/测压/闸门受力,平面闸门/曲面压力/浮力稳定,中,15,否,课本教材题-张扬军文本,流体力学教材_text.txt,1.4,4.2 毛细现象 在实际的生活中，经常可以观察到如下现象，将一根细玻璃管插入水中，可以看到管内 的液面要略高于管外液面；若将玻璃管插入水银中，则可以发现管内水银液面低于管外水银 液面。这种现象与液体和固体壁面的接触性质有关。 ·10· 流 体 力 学 当液体与固体壁面接触时，若液体分子间的吸引力小于液体与固体之间的附着力，液体 将润湿、附着在壁面上，沿壁面向外伸展。例如，当细玻璃管插入水中时，水分子之间的相 互吸引力小于水与玻璃之间的附着力，水润湿玻璃管壁面并沿管道壁面伸展，在重力作用下， 使得玻璃管内的液面向下弯曲，在表面张力作用下，玻璃管内的液面被拉高 h ，如图 1-6(a) 所示。反之，若液体分子之间的吸引力大于液体与固体之间的附着力，那么液体将不再润湿 壁面，而是在表面张力的作用下，形成一团。例如，当细玻璃管插入水银中时，由于水银分 子之间的相互吸引力大于水银与玻璃之间的附着力，水银不再润湿玻璃管壁并沿壁面收缩， 在重力和表面张力的共同作用下，使得玻璃管内的水银液面向上弯曲，此时在表面张力作用 下，玻璃管内的液面被拉低了 h ，如图 1-6(b)所示。这种在细管中液面上升或下降的现象称 为毛细现象，能产生显著的毛细现象的细管称为毛细管。 因为液体曲面与管道壁面接触处的表面张力合力指向液面的内凹面，当液面处于静止平 衡时，根据力平衡原理，需要凹面的压力高于凸面的压力才能够与表面张力平衡，这种由表 面张力引起的附加压力称为毛细压力，它与毛细管内液面的上升或下降的高度直接相关。以 图 1-6(a)为例，假设液体密度为ߩ，玻璃毛细管直径为 d ，液面与固体壁面的接触角为ߠ，当 表面张力引起的液面两侧压力差与上升液柱重量相等时，液柱达到平衡状态，此时有 πd 2 πdσ cosθ = ρ g h (1.4.1) 4 4σ cos θ 可得 h= (1.4.2) ρ gd 其中，h 为液面上升或下降的高度。 h > 0 代表液面上升，反之 h < 0 代表 液面下降。由式(1.4.2)可以看出，毛 细管内液面上升或下降的高度与管径 成反比，同时与液体种类、管壁面材 料、液面上气体(或不相容液体)的种 图,D:\虚拟C盘\学习\流体力学\张扬军（车辆学院）\教材\流体力学教材_text.txt
U00390,Q0372,1,第2章 流体静力学,01_静水压力_测压_闸门,母题1：静水压强/测压/闸门受力,平面闸门/曲面压力/浮力稳定,中,15,否,课本教材题-张扬军文本,流体力学教材_text.txt,2.4,2.4.1 绝对压强和相对压强 如果液体自由表面与大气相通，则液面上压强 p0 就是大气压 pa ，即 p0 = pa 。此时式(2.3.4) p = pa + ρ gh (2.4.1) 其中， p 称为绝对压强，是以绝对真空为计算起点的压强。工程运用中，通常测压仪表以当 地大气压作为计算起点，测压仪表上的读数反映了流体压强比当地大气压大或小的值，这种 以大气压作为计算起点的压强称为相对压强。图 2-9 给 出了绝对压强、大气压和相对压强之间的相互关系。由 图可知，相对压强是绝对压强 p 与大气压 pa 之差，用 pg pg = p − pa (2.4.2) 真空(又称真空度)是大气压 pa 与绝对压强之差，用 pV pv = pa − p (2.4.3) 图 2-9 绝对压强、大气压、相对压强、 流体压强的计量单位有很多种，现将实际研究和工 真空的关系 程应用中经常遇到的几种压强单位及换算列于表 2-1。 表 2-1 压强的单位及其换算表 2 千克力/厘米 标准大气压 毫米汞柱 磅力/英寸2 帕(Pa) 巴(bar) 米水柱(mH2O) (kgf/cm2) (atm) (mmHg) (lbf/in2) 1 0.102 × 10−4 0.0987 × 10−4 10−5 1.02 × 10−4 75.01× 10−4 1.45 × 10−4,D:\虚拟C盘\学习\流体力学\张扬军（车辆学院）\教材\流体力学教材_text.txt
U00382,Q0367,2,第2章 流体静力学,01_静水压力_测压_闸门,母题1：静水压强/测压/闸门受力,静水压强与平面/曲面受力,低-按原文件夹归类,14,否,课本教材题-张扬军文本,流体力学教材_text.txt,2.1,"2-1 中 F 的方向。 特性二：静止流体内部任意点处的流体静压强在各个方向都是相等的。如图 2-2 流体静压强各向相等示意图 为了证明特性二，可从处于静止状态的流体中取一个微元四面体(简称微元体)，并对其 受力状态进行分析。该微元体与坐标轴 x 、 y 、 z 的关系如图 2-3 所示，微元体的三个互相垂 直边的边长分别为 dx 、 dy 、 dz 。当微元体取得足够小时，可以认为作用在同一微小面上的 压强是均匀的。若假定 px 、 p y 、 pz 和 pn 分别表示作用在 △Obc 、△Oac 、△Oab 和 △abc 表 面上的流体静压强，△abc 的面积为 dA ， pn 与 x 、 y 、 z 轴的夹角分别为 α 、 β 、γ 。那么， 作用在各微元面上的表面力分别为 p x dydz 2 、 p y dxdz 2 、 p z dxdy 2 和 pn dA 。除上述表面力 以外，微元体还受质量力的作用，假设流体的密度为 ρ ，微元体的体积为 dV = dxdydz 6 ，则 在重力场中质量力为 ρ gdxdydz 6 。显然，与作用在微元面上的表面力相比，质量力是高阶小 量，可以忽略不计。 由于微元体处于平衡状态，其所受的合力等于零，即合力在 x 、 y 、 z 各坐标轴方向的投 影都为零，可得 1 1 1 px dydz − pn dA cos α = 0, p y dxdz − pn dA cos β = 0, pz dxdy − pn dA cos γ = 0 2 2 2 1 1 1 由于 dA cos α = dydz, dA cos β = dxdz, dA cos γ = dxdy 2 2 2 可以得到 p x − pn",D:\虚拟C盘\学习\流体力学\张扬军（车辆学院）\教材\流体力学教材_text.txt
U00403,Q0377,2,第2章 流体静力学,01_静水压力_测压_闸门,母题1：静水压强/测压/闸门受力,平面闸门/曲面压力/浮力稳定,高,14,否,课本教材题-张扬军文本,流体力学教材_text.txt,2.5,2-14 所示，它在自由液面下的深度为 h 。液体作用 在 dA 上的总压力 dF = pdA = ( p0 + ρ gh) dA 。 dF 在 x 轴方向的分力应为 dFx = dF cos α = ( p0 + ρ gh ) cos α dA = ( p0 + ρ gh ) dAx 其中， dAx = cos α dA 是微元面积 dA 在垂直于 Ox 轴的坐标面内的投影。 AB 曲面所受的合力 在 x 方向的分力为 Fx = ∫ dFx = p0 Ax + ρ g ∫ hdAx A A ·26· 流 体 力 学 其中， ∫ hdAx = hC Ax 为面积 A 在 yOz 坐标面上的投影面 积 Ax 对 x 轴的面积矩， hC 为投影面积几何中心位置。所以 Fx = ( p0 + ρ ghC ) Ax (2.5.9) 式(2.5.9)就是曲面 AB 上液体总压力的水平分量计算公 式。由此可知，流体作用在柱形曲面上的合力的水平分 量等于曲面的垂直投影面积与垂直投影面几何中心处的 总压力的乘积。同液体作用在平面上的总压力一样，作 用力水平分量 Fx 的作用点通过 Ax 的压力中心。如果柱形 图,D:\虚拟C盘\学习\流体力学\张扬军（车辆学院）\教材\流体力学教材_text.txt
U00343,Q0337,1,第8/10章 粘性管流与工程损失,06_粘性管路_沿程局部损失_泵水轮机,母题6：粘性管路/沿程局部损失/泵水轮机,水池-管路-泵阀-局部损失综合,高,35,否,课本/作业整理题,13_粘性流动作业-2_题目与答案.pdf,2,"2. 泵吸水管最大安装高度 如图离心泵的吸水管采用镀锌钢管，粗糙度 e = 0.15 mm，长 6 m，直径 100 mm，有一个弯头（局部阻力 系数 ζ = 0.29）和一个进口阀（ζ = 2.5）。工作流量 Q = 50 m3 /h, 对应水温的汽化压力为 19.6 kPa，大气压力为 101.3 kPa。若要求水泵入口压力至少比汽化压力大 20 kPa， 求水泵中心位置高于水面的最大安装高度 h。已知 ν = 1.0 × 10−6 m2 /s. 选水池自由液面为 A，泵入口中心为 B。取水面为零高度： zA = 0, zB = h. 水面速度近似为零： VA ≈ 0. 水面压强为大气压： pA = pa . 泵入口最低允许压强： pB = pv + 20 kPa = 19.6 + 20 = 39.6 kPa. 对 A 到 B 写机械能方程： 1 ∑ pa = pB + ρgh + ρV 2 + ∆pf + ∆pζ . 2 3 化为水头形式： ( ) 2 pa − p B V2 L ∑ V h= − − λ + ζ . ρg 2g d 2g 流量： 50 Q= = 0.01389 m3 /s. 3600 管内平均速度： Q 0.01389 V = = = 1.77 m/s. πd2 /4 π(0.1)2 /4 雷诺数： Vd 1.77 × 0.1 Re = = = 1.77 × 105 . ν 1.0 × 10−6 相对粗糙度： e 0.15 mm = = 0.0015. d 100 mm 由 Re 和 e/d 查莫迪图，取 λ ≈ 0.023. 局部阻力系数和： ζ = 0.29 + 2.5 = 2.79. V2 1.772 = = 0.159 m. 2g 2 × 9.81 L 6 λ = 0.023 × = 1.38. d 0.1 pa − pB (101.3 − 39.6) × 103 = = 6.29 m. ρg 1000 × 9.81 因此： h = 6.29 − 0.159 − (1.38 + 2.79) × 0.159. hmax ≈ 5.47 m",D:\虚拟C盘\学习\流体力学\第5-8章作业与复习_整理\粘性流动作业-2\13_粘性流动作业-2_题目与答案.pdf
U00344,Q0338,1,第8/10章 粘性管流与工程损失,06_粘性管路_沿程局部损失_泵水轮机,母题6：粘性管路/沿程局部损失/泵水轮机,水池-管路-泵阀-局部损失综合,高,30,否,课本/作业整理题,13_粘性流动作业-2_题目与答案.pdf,3,"3. 水轮机输出功率 如图，管路系统中有一水轮机，水温 10◦ C，对应运动粘度 ν = 1.3 × 10−6 m2 /s. 水管为铸铁管，粗糙度 e = 0.25 mm。忽略局部损失，斜管中水流平均流速 2 m/s，试求水轮机输出功率。 图示条件：斜管内径 20 cm、长度 30 m；水平管内径 30 cm、长度 15 m；压力表读数 70 kPa；上游水面比 压力表截面高 30 m。 4 斜管： d1 = 0.20 m, L1 = 30 m, v1 = 2 m/s. 水平管： d2 = 0.30 m, L2 = 15 m. 流量： πd21 π(0.20)2 Q= v1 = × 2 = 0.0628 m3 /s. 4 4 水平管速度： Q 0.0628 v2 = 2 = = 0.889 m/s. πd2 /4 π(0.30)2 /4 雷诺数： v1 d1 2 × 0.20 Re1 = = = 3.08 × 105 . ν 1.3 × 10−6 v 2 d2 0.889 × 0.30 Re2 = = = 2.05 × 105 . ν 1.3 × 10−6 相对粗糙度： e e = 0.00125, = 0.000833. d1 d2 查莫迪图： λ1 ≈ 0.0216, λ2 ≈ 0.0203. 沿程损失： 30 22 hf 1 = 0.0216 × × = 0.659 m.",D:\虚拟C盘\学习\流体力学\第5-8章作业与复习_整理\粘性流动作业-2\13_粘性流动作业-2_题目与答案.pdf
U00533,Q0464,2,第8/10章 粘性管流与工程损失,06_粘性管路_沿程局部损失_泵水轮机,母题6：粘性管路/沿程局部损失/泵水轮机,层流管流/Hagen-Poiseuille/剪应力,高,28,否,课本教材题-张扬军文本,流体力学教材_text.txt,9.2,"(2)假设管道截面为圆形，即呈轴对称，并且管内流动也呈现轴对称特性。 图 (2)，选择在柱坐标系中分析本问题，其中坐标 z 轴与圆管轴线重合， 如图 (1)，有 ∂Vz ∂Vz Vr = Vφ = 0, = =0 (9.2.1) ∂φ ∂z 由于流动定常，可得 ∂(⋅) =0 (9.2.2) 其中， (⋅) 代表流场速度、压力等物理量。将式(9.2.1)和式(9.2.2)代入柱坐标形式下的连续性方 程(7.3.30)和动量方程(方程(7.3.31)～方程(7.3.33))中，可知连续性方程自动满足，动量方程 可化简为 1 ∂p 0=− + gr (9.2.3) ρ ∂r 1 ∂p 0=− + gφ (9.2.4) ρ r ∂φ 第 9 章 黏性不可压缩流体的内部流动 ·115· 1 ∂p μ ⎛ ∂2V 1 ∂Vz ⎞ 0=− + g z + ⎜⎜ 2z + ⎟ (9.2.5) ρ ∂z ρ ⎝ ∂r r ∂r ⎟⎠ 由式(9.2.5)可知， Vz = Vz ( r ) (9.2.6) 忽略重力的影响 g r = gφ = g z = 0 。将式(9.2.6)代入式(9.2.3)～式(9.2.5)中，可得 ∂p ∂ p = =0 (9.2.7) ∂r ∂φ ∂p ⎛ ∂2V 1 ∂Vz ⎞ 0=− + μ ⎜⎜ 2z + ⎟ (9.2.8) ∂z ⎝ ∂r r ∂r ⎠⎟ 从式(9.2.7)中可以看出压强 p 只是坐标 z 的函数，因此 ∂p / ∂z = dp / dz 。将式(9.2.8)沿径向 r 积分，可得 1 dp 2 Vz = r + Cl ln r + C z (9.2.9) 4 μ dz 积分常数 Cl 和 C z 可由圆管轴心位置速度有限条件和圆管壁面的黏附速度边界条件确定，即 r = 0 时， Vz 取值有限； r = 时， Vz = 0 (9.2.10) 2 将式(9.2.9)代入边界条件(9.2.10)中，可得 1 dp D 2 Cl = 0, Cz = − (9.2.11) 4 μ dz 4 1 dp ⎛ 2 D 2 ⎞ 于是可得圆管中速度分布形式 Vz = ⎜r − ⎟ (9.2.12) 4 μ dz ⎝ 4 ⎠ 从式(9.2.12)中，可知管内速度最大点发生在管道轴线 ( r = 0 ) 上， D 2 dp Vz max",D:\虚拟C盘\学习\流体力学\张扬军（车辆学院）\教材\流体力学教材_text.txt
U00587,Q0501,1,第8/10章 粘性管流与工程损失,06_粘性管路_沿程局部损失_泵水轮机,母题6：粘性管路/沿程局部损失/泵水轮机,水池-管路-泵阀-局部损失综合,中,27,否,课本教材题-张扬军文本,流体力学教材_text.txt,9,(9.8.6) ⎛ l2 ⎞ V22 ⎛ ln ⎞ Vn2 = ⎜ ∑ ζ 2 + λ2 ⎟ = = ⎜ ∑ ζ n + λn ⎟ ⎝ d2 ⎠ 2 g ⎝ dn ⎠ 2 g ·150· 流 体 力 学 由式(9.8.6)可知各并联分管路的机械能损失相同，这是通过调整和分配各分管道内的流 量来实现的。与串联管路类似，并联管路一般也会遇到两类问题。第一类问题是已知并联管 路允许的压力损失，求总流量 Q ；第二类问题是已知总流量 Q ，求并联各分管路的流量及机 械能损失。对于第一类问题，虽然已知并联管路允许的压力损失，但无法预先确定 Re 并从穆 迪图查得沿程阻力系数 λi，因此其求解方法与串联管路中第二类问题类似，需要通过试算和 迭代的方法，求通过并联管路的流量 Q。对于第二类问题，虽然已知总流量 Q ，但由于各并 联分管路中的流量未知，而且需要调整各分管路的流量使各分管路的机械能损失相同，因此 这类计算比第一类问题更为复杂。 例题 9-8 设水塔中的水经过如图 9-16 所示并联管路流出，已知 l1 = 300 m ，d1 = 150 mm ， l2 = 400 m ， d 2 = 100 m ， Q = 45 L/ s 。若管路中的沿程阻力系数为 λ = 0.025 ，忽略局部水力 损失，求支管中的流量 Q1 和 Q2 以及并联管路中的水力损失。,D:\虚拟C盘\学习\流体力学\张扬军（车辆学院）\教材\流体力学教材_text.txt
U00010,Q0010,1,第8/10章 粘性管流与工程损失,07_边界层_外绕流阻力,母题6：粘性管路/沿程局部损失/泵水轮机,Couette/多层粘性剪切流,中,22,否,往年期末题-主目录,工程流体力学期末考试及答案.pdf,5,5.如图，在两块相距 20mm 的平板间充满动力粘度为 0.065（N·s）/m²的油，如果以 1m/s 速度拉动距上平板 5mm，面积为 0.5m²的薄板（不计厚度），求需要的拉力（12 分）。,D:\虚拟C盘\学习\流体力学\题库\期末试题\工程流体力学期末考试及答案.pdf
U00422,Q0391,1,第8/10章 粘性管流与工程损失,03_流体运动学_连续_应力张量,母题6：粘性管路/沿程局部损失/泵水轮机,层流管流/Hagen-Poiseuille/剪应力,中,22,否,课本教材题-张扬军文本,流体力学教材_text.txt,3.3,"3.3.1 节根据时间相关性对流动进行了分类。实际上，也可根据流动参数的空间分布特性 对流动进行分类。通常情况下，若流动参数，如速度、密度、压强和温度等，仅是一个空间 变量的函数，即流动参数只沿空间一个方向分布，可将此流动称为一维流动。此时，若流动 是定常的，那么描述流动的基本方程可以进一步简化为常微分方程，使问题的求解大大简化。 与一维流动相对应，若流动参数是两个空间变量的函数，则将其称为二维流动；若流动参数 是三个空间变量的函数，则称为三维流动。很 显然，描述二维或三维流动的基本方程均为偏 微分方程，问题的求解过程也相对复杂。在实 际分析问题的过程中常常沿流线建立描述流 动的基本方程，这可使多维问题转变为一维问 题，从而让求解过程变得简单。 图 3-5 为理想不可压缩流体在直管道内的 定常流动，在管道任意一个截面上，流体的速 图 3-5 理想不可压缩流体管内流动 度和压力都是均匀分布的，即流动参数仅沿管 第 3 章 流体运动描述与分析 ·41· 道延展方向变化。此时若沿管道延展方向(也 是流线方向)建立流动的基本方程，那么问题 可以简化为一维问题。图 3-6 为黏性不可压 缩流体在直管道内的定常流动，在管道任意 一个截面上，流体的压力均匀分布，但由于 流体黏性的作用，速度分布呈抛物面形状。 此时流动参数同时沿管道延展方向和管道半 径方向有所变化，故该问题是一个二维问题。 在进行流动问题的分析时，选择合适的 图 3-6 黏性不可压缩流体管内流动 坐标系至关重要。以图 3-6 所示黏性不可压 缩流体在直管道内的定常流动为例，若在笛卡儿直角坐标系中来分析该问题，那么流动的速 度、压力等参数必然是空间坐标 ( x, y, z ) 的函数，即一个三维问题。然而，若在柱坐标系中来 分析该问题，由于流动可视为轴对称，流动参数仅为空间坐标 ( r, z ) 的函数，即可视为一个二 维问题。根据流动特点，选择合适的坐标系可使问题大大简化。",D:\虚拟C盘\学习\流体力学\张扬军（车辆学院）\教材\流体力学教材_text.txt
U00535,Q0465,2,第8/10章 粘性管流与工程损失,06_粘性管路_沿程局部损失_泵水轮机,母题6：粘性管路/沿程局部损失/泵水轮机,层流管流/Hagen-Poiseuille/剪应力,中,22,否,课本教材题-张扬军文本,流体力学教材_text.txt,9.2,"9-3 平行平板之间的定常层流流动 第 9 章 黏性不可压缩流体的内部流动 ·117· (2)平板足够长，两端的影响可不考虑，流体运动只沿 x 轴方向有分量且速度分布只是 y 坐标的函数，即 u = u ( y), = 0, v = 0 ∂(⋅) (4)重力沿 y 轴负方向，即 g x = g z = 0, g y = − g 将上述条件代入方程(7.3.4)～方程(7.3.7)中，可知连续性方程自动满足，沿 x、y 和 z 三 个坐标方向的动量方程分别可简化为 1 ∂p μ ∂ 2 u 0=− + (9.2.21) ρ ∂ x ρ ∂y 2 1 ∂p 0 = −g − (9.2.22) ρ ∂y 1 ∂p 0=− (9.2.23) ρ ∂z 根据方程(9.2.23)，可知流场压强 p 与坐标 z 无关，即 p = p ( x, y ) 。将方程(9.2.22)沿坐 标 y 进行积分可得 p = − ρ gy + F ( x ) (9.2.24) 将式(9.2.24)代入方程(9.2.21)中，可得 1 dF μ ∂ 2 u 0=− + (9.2.25) ρ dx ρ ∂y 2 将式(9.2.25)沿坐标 y 积分，可得 1 dF 2 u= y + Cy + D (9.2.26) μ dx 其中，dF / dx = ∂p / ∂x ；积分常数 C 和 D 由平板壁面的黏附速度边界条件确定，即 y = 0 和 y = b u=0 (9.2.27) 将式(9.2.26)代入边界条件(9.2.27)中，可得 1 ∂p C=− b, D=0 (9.2.28) μ ∂x 至此，可得平行平板间流体运动速度分布的表达式： 1 ∂p 2 μ ∂x y − by , ) v = 0, w=0 (9.2.29) 显然，速度呈抛物线分布，其中速度最大点出现在板中间位置 y = b / 2 ，最大速度为 b 2 ∂p umax = − (9.2.30) 4 μ ∂x 沿 z 方向单位厚度板间流体体积流量为 b 1 ∂p b3 ∂p Q=∫ 0 μ ∂x ( ) y 2 − by dy = − 6 μ ∂x",D:\虚拟C盘\学习\流体力学\张扬军（车辆学院）\教材\流体力学教材_text.txt
U00572,Q0494,1,第8/10章 粘性管流与工程损失,06_粘性管路_沿程局部损失_泵水轮机,母题6：粘性管路/沿程局部损失/泵水轮机,水池-管路-泵阀-局部损失综合,中,22,否,课本教材题-张扬军文本,流体力学教材_text.txt,0.59,"0.590 ε 0.3 = = 0.00051 D 590 根据所得 Re 和 ε / D ，由穆迪图查得 λ = 0.0165 ，与假设值相差较大，重复上述计算过程： 第9章 黏性不可压缩流体的内部流动 ·141· = 0.000529 → λ = 0.0165 λ = 0.0165 → D = 0.567m → Re = 2.38 × 106 , 最终从穆迪图查出的 λ 和第二次假设值相符，因此可得应采用的管道直径为 D = 0.567m 在工程上，实际的管径则应选用稍大于上述计算值的标准管径。 解毕。 例题 9-4 水在直径为 500mm 绝对粗糙度 ε = 0.03mm 的普通焊接钢管中流动，如果水头 损失梯度为 0.006，试求体积流量 Q，设水的运动黏度ν = 1.0 × 10−6 m 2 / s 。",D:\虚拟C盘\学习\流体力学\张扬军（车辆学院）\教材\流体力学教材_text.txt
U00238,Q0232,1,第3章 运动学与应力,03_流体运动学_连续_应力张量,母题3：运动学/连续/应力张量,速度场/加速度/流线/连续方程/应力向量,高,31,否,课本/作业整理题,第5章第6章流体力学作业_标准教案.pdf,四,"四、第 6 章平面不可压无旋作业 题 1：由速度场求速度势 题意 给定无旋流场 u = 3x2 − 3y 2 , v = −6xy, w = 0. 求速度势。 讲解思路 先说明速度势的定义： ∂φ ∂φ u= , v= . ∂x ∂y 然后对 u 关于 x 积分，再用 v 校正关于 y 的未知函数。 板书步骤 由 = 3x2 − 3y 2 对 x 积分，得 φ = x3 − 3xy 2 + f (y). 再对 y 求偏导： = −6xy + f ′ (y). v = −6xy 比较，得 f ′ (y) = 0. f (y) = C. φ = x3 − 3xy 2 + C. 易错点 • 对 x 积分时，积分常数应写成 f (y)，不是普通常数。 • 最后要用 v 校正 f (y)。 8 题 2：判断不可压、无旋，并求流函数和势函数 题意 已知速度场 u = 2cxy, v = c(a2 + x2 − y 2 ). 判断是否满足不可压连续方程，是否有旋；若有势，求速度势函数；并写出流函数和流线方 讲解思路 这题可以按固定顺序讲： 连续方程 → 涡量 → 流函数 → 速度势. 板书步骤一：判断不可压 二维不可压连续方程为 ∂u ∂v + = 0. ∂x ∂y 计算得 ∂u ∂v = 2cy, = −2cy. ∂x ∂y ∂u ∂v + = 2cy − 2cy = 0. ∂x ∂y 故该速度场满足不可压连续方程。 板书步骤二：判断有旋或无旋 涡量为 ∂v ∂u ωz = − . ∂x ∂y 计算得 ∂v ∂u = 2cx, = 2cx. ∂x ∂y ωz = 2cx − 2cx = 0. 因此流动无旋。 板书步骤三：求流函数 取流函数定义 ∂ψ ∂ψ u= , v=− . ∂y ∂x = 2cxy 对 y 积分，得 ψ = cxy 2 + f (x). 9 − = c(a2 + x2 − y 2 ) − cy 2 + f ′ (x) = c(a2 + x2 − y 2 ). 整理得 f ′ (x) = −c(a2 + x2 ). 积分： f (x) = −ca2 x − x3 + C. 3 ψ = cxy 2 − ca2 x − x3 + C. 3 流线方程为 cxy 2 − ca2 x − x3 = C. 3 板书步骤四：求速度势函数 因为流动无旋，可以引入速度势 φ： ∂φ ∂φ u= , v= . ∂x ∂y = 2cxy 对 x 积分，得 φ = cx2 y + f (y). = cx2 + f ′ (y) = c(a2 + x2 − y 2 ) f ′ (y) = c(a2 − y 2 ). 积分： f (y) = ca2 y − y 3 + C. 3 φ = cx2 y + ca2 y − y 3 + C. 3 答案汇总 满足不可压连续方程 ωz = 0",D:\虚拟C盘\学习\流体力学\第5-8章作业与复习_整理\第5章第6章流体力学作业_标准教案.pdf
U00012,Q0012,1,第3章 运动学与应力,03_流体运动学_连续_应力张量,母题3：运动学/连续/应力张量,速度场、加速度、应力向量,低-按原文件夹归类,21,否,往年期末题-主目录,工程流体力学期末考试及答案.pdf,7,7.有一水平喷嘴，如图所示，D1=200mm 和 D2=100mm，喷嘴进口水的绝对压强为 345kPa，出口为大气， pa=103.4kPa，出口水速为 22m/s。求固定喷嘴法兰螺栓上所受的力为多少?假定为不可压缩定常流动，忽略 摩擦损失。（12 分）,D:\虚拟C盘\学习\流体力学\题库\期末试题\工程流体力学期末考试及答案.pdf
U00438,Q0401,1,第3章 运动学与应力,03_流体运动学_连续_应力张量,母题3：运动学/连续/应力张量,速度场/加速度/流线/连续方程/应力向量,中,20,否,课本教材题-张扬军文本,流体力学教材_text.txt,3.5,"3.5.2 涡线、涡管、涡通量、环量 涡线是这样一条曲线，曲线上任意一点的切线方向与在该点的涡量方向一致，如图 3-12(a) 所示。由于 Ω = 2ω ，涡线也可看作同一时刻流体微团的瞬时转动轴线，不同时刻涡线可能不 同。与流线方程相似，涡线的方程由其定义可知为 Ω × dr = 0 (3.5.3) 其中，dr 为涡线任意点处切线方向的微元向量。式(3.5.3)在笛卡儿直角坐标系中的展开形式为 dx dy dz = = (3.5.4) Ωx ( x, y , z , t ) Ω y ( x, y , z , t ) Ωz ( x, y , z , t ) 其中， Ωx 、 Ω y 、 Ωz 为涡量沿坐标 x、y、z 方向的分量。与流线类似，涡线是对同一时刻而 言的。因此，在积分涡线的微分方程时时间 t 是常数，而对于不同时刻，可有不同涡线。对于 定常流动，涡线将不随时间变化。根据涡线定义，过一点只能作一条涡线。 图 3-12 (a)涡线、(b)涡管、(c)涡通量、(d)环量 如图 3-12(b)所示，在涡量场中任取一条非涡线的封闭曲线，在同一时刻过该曲线的每一 点作涡线，这些涡线形成的管状曲面称为涡管。通过某一开口曲面的涡量总和称为涡通量， 如图 3-12(c)所示。根据定义可知通过曲面 A 的涡通量为 J = ∫∫ Ω ⋅ ndA (3.5.5) 其中， n 为曲面 A 的外法线单位向量。在流场中任取一条封闭曲线 L ，速度沿该封闭曲线的 线积分称为曲线‫ܮ‬的速度环量，相应的数学表达形式为 Γ = ∫ V ⋅ dl (3.5.6) 通常情况下，速度环量的正负不仅与流场的速度方向有关，而且与积分时所选取的绕行 第 3 章 流体运动描述与分析 ·49· 方向有关。如图 3-12(d)所示，一般情况下，规定积分 时的绕行方向是逆时针方向，即封闭曲线所包围的区 域总在行进方向的左侧。",D:\虚拟C盘\学习\流体力学\张扬军（车辆学院）\教材\流体力学教材_text.txt
U00418,Q0387,1,第3章 运动学与应力,03_流体运动学_连续_应力张量,母题3：运动学/连续/应力张量,速度场/加速度/流线/连续方程/应力向量,高,19,否,课本教材题-张扬军文本,流体力学教材_text.txt,3.2,"3.2.2 流线 流线是速度场的向量线，此曲线上任一点的切线方向与流体在该点的速度方向一致。设 r 为空间某点的向径， V 为流体在该点的速度。根据流线的定义，流线方程为 V × dr = 0 (3.2.3) 其中， dr 为流线任意点处切线方向的微元向量。式(3.2.3)在笛卡儿直角坐标系中的展开式为 dx dy dz = = (3.2.4) u ( x, y, z, t ) v ( x, y, z, t ) w ( x, y, z, t ) 其中， u ,v ,w 为速度沿坐标 x, y, z 方向的分量。由于流线是针对同一时刻而言的，在积分流线 的微分方程时认为时间 t 是常数。因此，不同时刻可有不同流线。根据流线的定义，可以得出 流线的如下性质。 (1)一般情况下，空间每一点只能有一个速度方向。因此，不能有两条流线同时通过空间 同一点。换句话说，流线不能相交。但有三种例外情况：速度为零的点，通常称为驻点，如 图 3-3(a)所示的 A 点；流线相切的点，如图 3-3(a) 所示的 B 点，上、下两股速度不等的流体在 B 点 相切；速度为无限大的点，通常称为奇点，如图 3-3(b)所示的 O 点。 (2)流场中的每一点都有流线通过，由这些流 线形成流谱。 图 3-3 流线 (3)在定常流动时，流线形状和位置不随时间 变化。在非定常流动时，一般要随时间变化。在定常流动时，流线和迹线重合。 例题 3-4 已知速度场分布 u = 2 x , v = y + 3 ，求通过空间点 x = 1, y = −2 的流线。",D:\虚拟C盘\学习\流体力学\张扬军（车辆学院）\教材\流体力学教材_text.txt
U00412,Q0381,1,第3章 运动学与应力,03_流体运动学_连续_应力张量,母题3：运动学/连续/应力张量,速度场/加速度/流线/连续方程/应力向量,中,18,否,课本教材题-张扬军文本,流体力学教材_text.txt,3.1,"3.1.2 欧拉法 欧拉法通过下面两个方面来描述整个流体的运动状态。首先，在空间某一固定点上描述 ·34· 流 体 力 学 流体各种物理量(如速度、压强等)随时间的变化规律；其次，描述相邻空间点上这些物理量 的变化规律。需要特别指出的是，空间点与流体质点是两个概念，不能混淆。流体运动时， 同一个空间点在不同的时刻会由不同的流体质点所占据。空间各点上流体的物理量是指占据 这些空间点的各个流体质点的物理量。显然，在欧拉法中各个物理量将是时间 t 和空间点坐 标 q1,q2 ,q3 的函数。例如，流体的速度、密度、压强可表示为 ⎧V = V ( q1 , q2 , q3 , t ) ⎨ ρ = ρ ( q1 , q2 , q3 , t ) (3.1.15) ⎪ p = p (q , q , q ,t ) ⎩ 1 2 3 这些用以识别空间点的坐标 q1,q2 ,q3 及时间 t 称为欧拉变量。在笛卡儿直角坐标系中速度 场可表示为 V = V ( x, y, z, t ) (3.1.16) ⎧ u = u ( x, y , z , t ) 或表示成分量的形式 ⎨ v = v ( x, y , z , t ) (3.1.17) ⎪ w = w ( x, y , z , t ) 欧拉法以固定于空间中的一组坐标来表示流体质点在不同时刻的运动状态，这组坐标通 常称为欧拉坐标。根据连续介质假设，一个流体质点占据一个空间点，从而与欧拉坐标是一 一对应的。很显然，欧拉法着眼于空间点，将流体的运动和物理参数直接表示为空间坐标与 时间的函数，而不是沿运动轨迹去跟踪流体质点。按照欧拉法的观点，对流动特性的研究， 从数学上来讲，可以转化为对含有时间 t 的标量场和向量场的研究，即 Φ = Φ ( q1, q2 , q3 , t ) (3.1.18) 其中， Φ 代表流体的某个物理量，如速度、压强、温度等。 分析流体的运动，必须考察每个空间点上流体的运动变化。通常把充满流体的空间称为 流场。欧拉法把流场的运动要素和物理量都用场的形式表达，因此可以直接将场论知识用于 流体力学问题的分析。在欧拉法中，若流场中各点的流体物理量 Φ 都不随时间变化，那么就 称该流场为定常流场。对于定常流场，有 =0 (3.1.19) 值得指出，拉格朗日法和欧拉法只不过是描述运动的两种方法，拉格朗日法着眼于流体 质点，跟踪流体质点描述其运动历程。欧拉法着眼于空间点，研究流体质点流经空间各固定 点的运动特性。在现代先进的粒子图像测速(particle image velocimetry，PIV)技术中，采用示 踪粒子来进行流场速度测量的方法为典型的拉格朗日法。欧拉法是描述流体运动常用的一种 方法，由欧拉于 1755 年提出。",D:\虚拟C盘\学习\流体力学\张扬军（车辆学院）\教材\流体力学教材_text.txt
U00108,Q0105,1,第3章 运动学与应力,03_流体运动学_连续_应力张量,母题3：运动学/连续/应力张量,速度场/加速度/流线/连续方程/应力向量,中,17,否,课本/作业整理题,何枫第5章_按课件内容匹配题目_最终纠正版.tex,5.3,"书 4.3、补充证明题} & 平面涡量输运、涡面保持、涡管强度保持。\\ \midrule 同章但非本课件主线 & 4.4 & 这些可作为扩展或老师额外布置；不要作为“何枫第5章核心题”优先复习。\\ \bottomrule \end{longtable} \section*{2. 原题页} 下面页中含有相关题，也含有非本课件主线题。核心只看：4.1、4.2、4.3、4.4、4.10、4.12、S4.1--S4.3。 \includegraphics[width=\textwidth,height=0.88\textheight,keepaspectratio]{correct_ch4_assets/zhang_ch4_p-161.png} \clearpage \includegraphics[width=\textwidth,height=0.91\textheight,keepaspectratio]{correct_ch4_assets/zhang_ch4_p-162.png} \clearpage \includegraphics[width=\textwidth,height=0.91\textheight,keepaspectratio]{correct_ch4_assets/zhang_ch4_p-163.png} \clearpage \includegraphics[width=\textwidth,height=0.91\textheight,keepaspectratio]{correct_ch4_assets/zhang_ch4_p-164.png} \clearpage \section*{3. 课件 5.1：Euler 方程与物面条件} \subsection*{核心公式} 理想流体应力张量 \bm P=-p\bm I. 动量方程化为 Euler 方程 \boxed{ \frac{\partial\bm V}{\partial t} +\bm V\cdot\nabla\bm V =\bm f-\frac{\nabla p}{\rho}} \boxed{ \frac{\D\bm V}{\D t} =\bm f-\frac{\nabla p}{\rho}.} 理想流体在固壁上允许滑移，但不允许穿透： \boxed{(\bm V-\bm V_b)\cdot\bm n=0.} \subsection*{",D:\虚拟C盘\学习\流体力学\第5-8章作业与复习_整理\何枫第5章_按课件内容匹配题目_最终纠正版.tex
U00266,Q0260,1,第3章 运动学与应力,03_流体运动学_连续_应力张量,母题3：运动学/连续/应力张量,速度场/加速度/流线/连续方程/应力向量,中,16,否,课本/作业整理题,第5章第6章流体力学作业_标准教案.tex,未编号,"\begin{center} \begin{tabular}{p{0.24\linewidth}p{0.34\linewidth}p{0.32\linewidth}} \toprule 题型 & 第一步 & 核心公式 \\ \midrule 环量题 & 判断速度与路径方向 & $\Gamma=\oint_C\bm V\cdot\dd\bm s$ \\ 球对称径向流 & 用球面流量守恒 & $4\pi r^2v_r=4\pi R^2\dot R$ \\ 非定常理想流压力 & 用非定常伯努利 & $\varphi_t+V^2/2+p/\rho=C(t)$ \\ 管内刚启动压力 & 用一维非定常运动方程 & $\dd p/\dd s=\rho(g_s-a)$ \\ 不可压判断 & 算速度散度 & $u_x+v_y=0$ \\ 无旋判断 & 算涡量 & $\omega_z=v_x-u_y$ \\ 速度势 & 对速度分量积分 & $u=\varphi_x,\ v=\varphi_y$ \\ 流函数 & 对速度分量积分 & $u=\psi_y,\ v=-\psi_x$ \\ 平板剪切流 & 用边界条件定线性分布 & $u=U_0y/h$ \\ \bottomrule \end{tabular} \end{center}",D:\虚拟C盘\学习\流体力学\第5-8章作业与复习_整理\第5章第6章流体力学作业_标准教案.tex
U00104,Q0101,2,第3章 运动学与应力,03_流体运动学_连续_应力张量,母题3：运动学/连续/应力张量,速度场/加速度/流线/连续方程/应力向量,中,15,否,课本/作业整理题,何枫第5章_按课件内容匹配题目_最终纠正版.pdf,4,(0) = 0. 2 所以振荡规律 h0 2g z2 = cos t. 2 L T = 2π . 2g r r h0 2g 2g V = ż2 = − sin t. 2 L L 课件例题：直角管突然打开阀门，t = 0 压力分布 竖直管和水平管长度均为 L，等截面。A 端、B 端均通大气。阀门刚打开时，速度仍为零，但有 加速度 a。 沿 A 到 B 的整段水柱积分： pa pa 2La + +0 = + gL. ρ ρ a= . 2 竖直段任意点，设高度为 z，从弯头算起 0 ≤ z ≤ L。A 到该点长度为 L − z， p pa a(L − z) + + gz = + gL. ρ ρ 代入 a = g/2，得 1 p = pa + ρg(L − z). 2 10 水平段任意点，设距弯头为 x，0 ≤ x ≤ L。A 到该点长度为 L + x，高度为 0： p pa a(L + x) + = + gL. ρ ρ 1 p = pa + ρg(L − x). 2 课件例题：直角管 t > 0 自由面运动 设竖管中剩余水柱高度为 h(t)，水平管长仍为 L。流速 V =− . 沿自由面到 B 端积分，因两端压强均为 pa ，且两端速度相同，动能项抵消： (h + L) = gh. 用 V = −ḣ，得 (h + L)ḧ + gh = 0. 压力分布仍按 ∂V dV ∂t dt 代入非定常积分求。,D:\虚拟C盘\学习\流体力学\第5-8章作业与复习_整理\何枫第5章_按课件内容匹配题目_最终纠正版.pdf
U00237,Q0231,1,第4章 动力学基础,02_Bernoulli_机械能_动量控制体,母题2：Bernoulli/PVZ/控制体动量,机械能方程/PVZ/孔口出流/虹吸,中,37,否,课本/作业整理题,第5章第6章流体力学作业_标准教案.pdf,3,"3. 代入非定常伯努利方程求压力。 板书步骤 因为流动是球对称径向流，任意半径 r 球面上的体积流量相等： 4πr2 vr = 4πR2 Ṙ. R2 Ṙ vr = . r2 4 R = 1 + 3t, Ṙ = 3, 3(1 + 3t)2 vr = . r2 vr = 可取速度势 R2 Ṙ φ=− . 非定常伯努利方程为 ∂φ v 2 p p∞ + + = . ∂t 2 ρ ρ ∂φ v 2 p = p∞ − ρ + . ∂t 2 ∂φ 1d 2 =− (R Ṙ), ∂t r dt R2 Ṙ = 3R2 , d 2 d (R Ṙ) = (3R2 ) = 6RṘ = 18(1 + 3t). dt dt 同时 !2 v2 1 R2 Ṙ R4 Ṙ2 = = . 2 2 r2 2r4 代入得 1d 2 R4 Ṙ2 p = p∞ + ρ (R Ṙ) − ρ . r dt 2r4 18ρ(1 + 3t) 9ρ(1 + 3t)4 p = p∞ + − . r 2r4 18ρ(1 + 3t) 9ρ(1 + 3t)4 p(r, t) = p∞ + − r 2r4 r ≥ R(t) = 1 + 3t. 5 易错点 • 这是非定常流动，伯努利方程里不能漏掉 ∂φ/∂t。 • 球对称流动的连续方程是 4πr2 vr = 常数，不是 2πrvr = 常数。 • 速度势取负号是因为 ∂(−A/r)/∂r = A/r2 。 题 3：弯管中水柱刚启动的压力分布与排空时间 题意 大气压为 pa ，等直径玻璃管被弯成 120◦ 弯管，管中有密度为 ρ 的水。管末端装有阀 门，打开阀门后水在重力作用下流出，管位于竖直平面内。 图 (a) 中竖直段长 L1 ，倾斜段长 L2 ，求 t = 0 阀门刚打开时管内压力分布。 图 (b) 中初始时只有倾斜段内盛满水，求打开阀门后水流光所需时间。 讲解思路 这题要先把几何关系讲清楚：弯管夹角为 120◦ ，因此倾斜段与水平夹角为 30◦ ， 倾斜段的竖直高度差为 L2 L2 sin 30◦ = 2 图 (a) 中整段水柱作为一个整体刚开始加速。设水柱沿管方向的加速度为 a0 。 图 (a) 板书步骤 总水柱长度为 L = L1 + L 2 . 总高度差为 1 H = L1 + L 2 . 2 两端压力均为大气压，所以推动水柱的净重力头为 H，水柱长度为 L，因此 gH g L1 + 21 L2 a0 = = . L L 1 + L2 g L1 + 12 L2 a0 = . L1 + L2 竖直段中，取 s 为从上端自由液面向下的距离，则 0 ≤ s ≤ L1 . 沿竖直向下方向， = ρ(g − a0 ). 且s=0处 p = pa . 所以竖直段压力分布为 p = pa + ρ(g − a0 )s, 0 ≤ s ≤ L1 . 6 倾",D:\虚拟C盘\学习\流体力学\第5-8章作业与复习_整理\第5章第6章流体力学作业_标准教案.pdf
U00469,Q0421,2,第4章 动力学基础,06_粘性管路_沿程局部损失_泵水轮机,母题2：Bernoulli/PVZ/控制体动量,控制体动量/弯管/喷嘴/叶片受力,高,32,否,课本教材题-张扬军文本,流体力学教材_text.txt,6.3,6-5 (a)叶轮机械示意图和(b)一个叶片通道 轴线以等角速度旋转。叶轮入口直径为 d1 ，叶 控制体 轮上有 N 个叶片，叶轮出口直径为 d2 。相对于 第 6 章 动量方程及动量矩方程 ·75· 旋转叶轮，流体流入及流出的相对速度为 w1 和 w2 ，它们与叶轮周向速度之间的夹角分别称为 入口安装角 β 和出口安装角 β ，流经叶轮的流体质量流量为 M 。接下来，将介绍如何采用 1 2 流体力学的积分型动量矩方程来计算叶轮对流体所做的功。 实际叶轮中的流动比较复杂，因此需要进行一些简化以求得简便的工程计算公式。首先， 假定叶片很薄，其厚度对流动的影响忽略不计；其次，假定任意两叶片间的流动都相同，即 流动参数沿周向均匀分布；最后，假定流动是平面流，即流动参数沿轴向不变。取固结于叶 轮的旋转坐标系，在其中以两叶片的壁面和进、出口截面 ABCD 建立控制体，如图 6-5(b)所 示。令流动是平面的，轴向取单位长度。由于存在惯性效应，在旋转坐标系中质量力除重力 外还应包括惯性力。对于等速旋转的叶轮，牵连加速度只有向心加速度，故惯性力强度为 − a = −ω × (ω × r ) − 2ω × w = ω 2 r + 2 w × ω (6.3.1) 其中， ω 为叶轮旋转角速度矢量； w 为流体相对于旋转叶轮的运动速度； r 为平面极坐标位 置矢量。式(6.3.1)右端第一项为离心惯性力强度，第二项为科氏惯性力强度。 在旋转坐标系中，流体做定常流动，在图 6-5(b)所示控制体上建立质量守恒方程或连续 性方程，可以得到 ∫∫ ρ ( w ⋅ n) dS = 0 在叶片表面上，速度无穿透， w ⋅ n = 0 ，故连续性方程可以化简为 − ∫∫ ρ1 w1 ⋅ n1dS = ∫∫ ρ 2 w 2 ⋅ n2 dS = M N (6.3.2) S1 S2 由于忽略了叶片的厚度，所以 S1 = πd1 / N ， S2 = πd2 / N ， N 为叶轮上的叶片数，在极坐 标中式(6.3.2)还可写成 2π N ∫0 ρ w ⋅ rdθ = M N (6.3.3) 为求叶轮对流体所做的功，首先应采用动量矩方程求出叶轮对流体作用的力矩。在随叶 轮旋转的坐标系中，相对运动定常，故局部导数项为零。动量矩方程可化简为,D:\虚拟C盘\学习\流体力学\张扬军（车辆学院）\教材\流体力学教材_text.txt
U00014,Q0014,1,第4章 动力学基础,02_Bernoulli_机械能_动量控制体,母题2：Bernoulli/PVZ/控制体动量,能量方程与动量方程,低-按原文件夹归类,26,否,往年期末题-主目录,工程流体力学期末考试及答案.pdf,9,9.水流过一段转弯变径管，如图所示，已知小管径 d1=200mm，截面压力 p1=70kPa，大管径 d2=400mm，压 力 p2=40kPa，流速 v2=1m/s。两截面中心高度差 z=1m，求管中流量及水流方向。（12 分）,D:\虚拟C盘\学习\流体力学\题库\期末试题\工程流体力学期末考试及答案.pdf
U00455,Q0412,3,第4章 动力学基础,02_Bernoulli_机械能_动量控制体,母题2：Bernoulli/PVZ/控制体动量,控制体动量/弯管/喷嘴/叶片受力,中,22,否,课本教材题-张扬军文本,流体力学教材_text.txt,4.3,4-5 所示，水在三岔管道中流过，假设流动是定常的，进、出口流速分布是均 匀的。在 t = 20s 时控制体与系统重合，如图 4-2 送 风 管 道 的 截 面 积 A1 = 1m2 ， 体 积 流 量 Q1 = 108000m3 /h ， 静 压 ( 表 压 ) p1 = 0.267N/cm2 ，风温 t1 = 28℃ 。管道经过一段距离以及弯管、大小节、收缩管段后，截面 积变为 A2 = 0.64m2 、静压下降为 p2 = 0.133N/cm2 ，温度变为 t2 = 24℃ 。测得当地大气压为 pa = 760mmHg 。求截面积 A2 处的质量流量 G2 、体积流量 Q2 ，以及两个截面上的平均流速 v1 、 v2 。,D:\虚拟C盘\学习\流体力学\张扬军（车辆学院）\教材\流体力学教材_text.txt
U00464,Q0419,1,第4章 动力学基础,02_Bernoulli_机械能_动量控制体,母题2：Bernoulli/PVZ/控制体动量,控制体动量/弯管/喷嘴/叶片受力,高,22,否,课本教材题-张扬军文本,流体力学教材_text.txt,2,2. 净动量流率项 式(6.1.3)中，控制体的净动量流率项 ∫∫ ρV (V ⋅ n ) dS 是对控制面的面积分。通常情况下， 当控制面上流体速度分布不均匀时，要通过积分才能求出。但若适当选择控制体，使 V 和 ρ 在 控制面上均匀分布，这时净动量流率为流出和流入控制体的动量流率之差，可通过式(6.1.10) 计算： ∫∫ ρV (V ⋅ n) dS = ∑ ( ρQV )o − ∑ ( ρ QV )i (6.1.10) 其中，下标 o 和 i 分别代表控制体出口和入口。式(6.1.10)是矢量方程，求解时同样可将其在 笛卡儿直角坐标系中分解为沿 x、y、z 三个坐标方向的分量 第 6 章 动量方程及动量矩方程 ·69· ⎪ ∫∫ ρ u (V ⋅ n ) dS = ∑ ( ρ Qu )o − ∑ ( ρ Qu )i ⎨ ∫∫ ρ v (V ⋅ n ) dS = ∑ ( ρ Qv )o − ∑ ( ρ Qv )i (6.1.11) ⎪ ∫∫ ρ w (V ⋅ n ) dS = ∑ ( ρ Qw)o − ∑ ( ρ Qw)i ⎩⎪ S 在使用式(6.1.11)时，应特别注意坐标方向与速度分量 u、 v、 w 方向之间的关系。如果坐 标方向与速度分量方向一致，动量流率项为正值；如果坐标方向与速度分量方向相反，动量 流率项为负值。动量方程适用于求解流体与固体之间的相互作用问题。在应用动量方程时， 应选择合适的控制体，确定合适的坐标系。然后，将已知外力、动量向所确定的坐标轴投影， 求得在该方向上的分量。假定待求力的方向与所确定的坐标方向一致，若最后计算结果是正 值，则待求力的方向与假定一致，沿坐标轴正向；若计算结果是负值，则待求力的方向与假 定相反，即沿坐标轴负向。 例题,D:\虚拟C盘\学习\流体力学\张扬军（车辆学院）\教材\流体力学教材_text.txt
U00448,Q0407,1,第4章 动力学基础,02_Bernoulli_机械能_动量控制体,母题2：Bernoulli/PVZ/控制体动量,控制体动量/弯管/喷嘴/叶片受力,中,21,否,课本教材题-张扬军文本,流体力学教材_text.txt,4.1,4.1 节给出了系统和控制体的定义，本节将对两者中流体参数之间的关联关系，即雷诺输 ·54· 流 体 力 学 运定理进行介绍。图 4-3 为流体系统通过控制体的情况，流体系统在 t 时刻位于图 4-3(a)中封 闭虚线所示的区域。令系统在 t 时刻所占据的空间刚好与所选择的控制体重合， t 时刻系统内 的流体即控制体内部的流体。 t 时刻之后，流体系统运动离开原有位置，在 t + Δt 时刻，系统 运动到图 4-3(b)中封闭虚线所示区域。 图 4-3 流体系统通过控制体的情形 令 Q 是系统内流体的任一物理量，如质量、能量或动量等。现在推导系统内物理量 Q 随 时间的变化率与控制体内物理量 Q 随时间的变化率之间的关系。如图 4-3(b)所示，可把 t 时刻 和 t + Δt 时刻的系统分成三个区域。在 t 时刻，系统边界与控制体边界重合，系统可分为Ⅰ和 Ⅱ两个区域，在 t + Δt 时刻，系统可分为Ⅱ和Ⅲ两个区域，其中区域Ⅱ为 t 和 t + Δt 两时刻的 系统所共有。系统内物理量 Q 随时间的变化率可通过 Δt → 0 时物理量 Q 的变化与时间间隔 Δt 比值的极限求得，即 t +Δt t ⎛ ⎞ ⎛ ⎞ ⎜ ⎟ ⎜ ⎟ ⎜ ∫∫∫ ⎜ ∫∫∫ Qd ∀ − Qd∀ ⎟ ⎟ D ⎝ S ∀ ⎠ ⎝ S ∀ ⎠ Dt ∫∫∫ Qd∀ = lim (4.2.1) Δt →0 Δt 其中，∀ S 为系统体积，上标 t 和 t + Δt 分别代表不同的时刻。根据前面分析，有 t +Δt t +Δt t +Δt ⎛ ⎞ ⎛ ⎞ ⎛ ⎞ ⎜ ⎟ = ⎜ ∫∫∫ Qd∀ ⎟ = ⎜ ∫∫∫ Qd∀ ⎟ ⎜ ∫∫∫ Q d ∀ ⎟ ⎜ ⎟ ⎜ ⎟ ⎝ ∀S ⎠ ⎝∀ II +∀ III ⎠ ⎝∀ CV −∀ I +∀ III ⎠,D:\虚拟C盘\学习\流体力学\张扬军（车辆学院）\教材\流体力学教材_text.txt
U00463,Q0418,1,第4章 动力学基础,02_Bernoulli_机械能_动量控制体,母题2：Bernoulli/PVZ/控制体动量,控制体动量/弯管/喷嘴/叶片受力,中,21,否,课本教材题-张扬军文本,流体力学教材_text.txt,1,1. 合力项 动量方程中的合力项 ∑ ( F )S 表示作用在系统上所有外力的矢量和。在推导雷诺输运方程 时，系统与控制体在初始时刻是重合的，因此，作用在系统上的合力可看作作用在控制体上 的合力。它包括作用在控制体上的所有质量力和作用在控制面上的所有表面力，即 ∑ ( F )S = ∑ ( Fm + Fs )S (6.1.5) 令 f m 表示单位质量的质量力，则总质量力可表示为 Fm = ∫∫∫ f m ρ d∀ (6.1.6) ∀ CV 若 质量力 仅是 重力且 令其 方向沿 坐标 z 轴 负向 ，那 么单位 质量 的质量 力可 以写成 f m = − gez 。控制体上的表面力由下列两种力组成：①控制面上固体表面所产生的力；②控制 面上周围流体的压强和黏性应力。计算时需要特别注意压强的方向，控制面上外部压强垂直 于表面并指向控制体内部，而控制面的单位矢量 n 定义为外法向，两者刚好相反。因此，压 力的公式为 F p = ∫∫ p ( −n ) dS (6.1.7) 若在全闭合控制面上作用均匀压强 pu (如大气压强 pa )，因控制面是闭合的，所以围绕控 制面的均匀压强所产生的静压力为 F pu = 0 ，即 F pu = ∫∫ pu ( −n ) dS = − pu ∫∫ ndS = 0 (6.1.8) S S 因此，若作用在控制面上的总压强包含这个均匀压强 pu 。为简化计算，可将总压强减去 均匀压强(如大气压强 pa )，然后计算压力，其结果是相同的。若 pu = pa ，则 F p = ∫∫ ( p − pa ) ( − n ) dS = ∫∫ pg ( − n ) dS (6.1.9) S S 其中， pg 为相对压强(或表压)。用此法可简化压力的计算。,D:\虚拟C盘\学习\流体力学\张扬军（车辆学院）\教材\流体力学教材_text.txt
U00467,Q0420,2,第4章 动力学基础,02_Bernoulli_机械能_动量控制体,母题2：Bernoulli/PVZ/控制体动量,控制体动量/弯管/喷嘴/叶片受力,高,21,否,课本教材题-张扬军文本,流体力学教材_text.txt,6.2,6-3 动量矩原理示意图 ∑ ( M 0 )S = Dt ∫∫∫ r0 × ρVd∀ (6.2.2) 其中，∑ ( M 0 )s 为作用在系统上的外力矩的矢量和； ∫∫∫ r0 × ρVd∀ 为系统的角动量。与动量方程的处理方法类似，可应用雷诺输运方程，把对系 统的动量矩方程转换成对控制体的动量矩方程。雷诺输运方程中系统的物理量 Q 取为单位体 积角动量 r0 × ρV ，即 Q = r0 × ρV ，并代入雷诺输运方程，即可得 D ∂ ∫∫∫ ( r0 × ρV ) d∀ = ∫∫∫ ( r0 × ρV ) d∀ + ∫∫ ( r0 × ρV ) ⋅ (V ⋅ n ) dS (6.2.3) Dt ∂t ∀S ∀ CV S 代入式(6.2.2)，有 ∑ ( M 0 )S = ∂t ∫∫∫ ( r0 × ρV ) d∀ + ∫∫ ( r0 × ρV ) ⋅ (V ⋅ n) dS (6.2.4) ∀ CV S ( r0 × ρV ) d∀ = 0 ，式(6.2.4)成为 ∂t ∫∫∫ 对定常流动 ∀ CV ∑ ( M 0 )S = ∫∫ ( r0 × ρV ) ⋅ (V ⋅ n) dS (6.2.5) 式(6.2.5)为定常流动的动量矩方程，等号左边合力矩的下标 S 代表对系统的力矩。但由 于在推导雷诺方程时，初始时刻系统与控制体是重合的，故 ∑ ( M0 ) 也可以看作作用在控制体 上所有外力矩的矢量和。因此，式(6.2.5)的物理意义为：定常流动时，作用在控制体上所有 外力矩的矢量和，等于流入、流出控制面的净角动量流率。 在分析转动流体机械时，往往仅需要采用沿转轴方向的动量矩方程。此时，可以选择在 柱坐标中分析问题，并将坐标 z 轴与流体机械的转轴重合。如果叶轮进、出口截面 1 与 2 处 流动都是均匀的(或取平均值)，并且考虑到只有与 r 垂直的速度分量才会产生转矩，式(6.2.5) 沿 z 轴的投影形式可以写成 ∑ M 轴 = ( r2vθ 2 − r1vθ 1 )Q (6.2.6) 其中，Q 为流经流体机械的质量流量； vθ 1 与 vθ 2 为流体在进、出口截面 1 与 2 处的绝对速度 的切向分量； r1 与 r2 为 vθ 1 与 vθ,D:\虚拟C盘\学习\流体力学\张扬军（车辆学院）\教材\流体力学教材_text.txt
U00516,Q0455,1,相似理论,03_流体运动学_连续_应力张量,母题8：量纲分析/模型相似,Pi定理/相似准则/模型试验,高,18,否,课本教材题-张扬军文本,流体力学教材_text.txt,8.4,"8.4.1 完全相似与部分相似 按照上述原则安排实验，使模型实验流动与原型流动的全部相似参数分别相等，那么模 型实验流动与原型流动可以视为完全相似。这种严格的完全相似的要求，只有在模型和实物 尺寸相同的情况下才有可能实现。例如，在黏性不可压缩流体定常流动问题中，要使模型实 验流动与原型流动完全相似，则应满足雷诺数、弗劳德数、欧拉数等分别相等，即 ⎛ VL ⎞ ⎛ VL ⎞ ⎛ V ⎞ ⎛ V ⎞ ⎛ p ⎞ ⎛ p ⎞ ⎜ ⎟ =⎜ ⎟ , ⎜⎜ ⎟⎟ = ⎜⎜ ⎟⎟ , ⎜ 2 ⎟ =⎜ 2 ⎟ ⎝ ⎠m ⎝ ν ⎠p ⎝ gL ⎠m ⎝ gL ⎠p ⎝ ρV ⎠m ⎝ ρV ⎠ p 满足相似参数相等也意味着各个物理量的比例系数存在下列制约的关系： Cν = CV Cl ⎫ CV2 = C g Cl ⎬ (8.4.1) C p = Cρ CV2 ⎪⎭ 在设计模型实验时，如果选择三个基本比例系数(如 Cl , CV , Cρ )能满足式(8.4.1)给出的这三个 制约方程，则模型实验流动与原型流动可实现完全相似。通常情况下，重力加速度的比例系 数为 Cg = 1 ，从式(8.4.1)中第 2 式可得 CV2 = Cl 3 代入式(8.4.1)中第 1 式，可得 Cν = Cl2 虽然线性比例系数 Cl 可以任意选择，但要使流体运动黏度的比例系数 Cν 保持 Cl3/2 的数值 就不大容易。一般情况下，模型实验多用水或空气作为介质，如风洞、水洞、水槽等，上述 要求难以满足；另外，模型实验流动与原型流动的流体往往采用同一种流体，此时 Cν = 1 ， 于是从式(8.4.1)中第 1 式及第 2 式可得 1 CV = 1 CV = Cl 2 显然，只有 Cl = 1 时， CV 才可能同时满足以上两式。然而，这种情况下，模型实验也就 失去了意义。对于包含更多相似参数的情况，各种量比例系数的制约关系更复杂，要实现模 型实验流动与原型流动在力学上完全相似，最终导致模型实验流动与原型流动完全一样几乎 不可能实现。事实上，在许多工程问题中，各种相似参数的重要性并不等同。例如，若流动 中存在气-液交界面(如气泡在液体中运动)或气-液交界面与固体壁面接触，当液体的表面张力 起显著作用时，We 相似参数才会变得重要，而在一般流动问题中则不必考虑。忽略一些对流 第 8 章 相似理论与量纲分析 ·107· 动问题影响较小的相似参数，仅考虑起主要作用的相似参数，这种相似称为部分相似。保证 模型实验流动与原型流动部分相似的实验方法便是近似模型法。",D:\虚拟C盘\学习\流体力学\张扬军（车辆学院）\教材\流体力学教材_text.txt
U00675,Q0555,1,相似理论,08_量纲分析_相似准则,母题8：量纲分析/模型相似,Pi定理/相似准则/模型试验,中,17,否,课本教材题-张扬军文本,流体力学教材_text.txt,11,"(11.5.15) ) 其中， p∞ 为无穷远处的压强； ρ 为流体的密度。引入无量纲压强系数 C p ，其定义式为 p − p∞ Cp = 2 (11.5.16) ρV∞2 它表示流体作用在物体表面任一点压强的相对大小。将式(11.5.15)代入式(11.5.16)中，可得 C p = 1 − 4sin 2 θ (11.5.17) 压强系数 C p 在圆柱体表面的分布如图 11-13 所示，在圆柱体的表面上压强分布是关于坐标原 点对称的，圆柱体所受流体的作用力在任意方向平衡，合力为零。下面给出证明。 图 11-13 平行流绕圆柱无环量流动圆柱表面压强系数分布 证明：如图 11-14 所示，在单位长度的圆柱面上，作用在微小弧段 ds = adθ 上的作用力为 dF = −er padθ ，其中 er 为圆柱体表面外法向。 dF 在 x 轴和 y 轴的分量为 dFx = − pa cos θ dθ , dFx = − pa sin θ dθ (11.5.18) 将圆柱体表面压强分布表达式(11.5.15)代入式(11.5.18)中，在圆柱表面沿周向进行积分，可 以得到圆柱表面所受流体作用力在 x 轴和 y 轴方向的分量为 ( ) 2π ⎡ 1 ⎤ Fx = FD = − ∫ ⎢ p∞ + ρV∞2 1 − 4sin 2 θ ⎥a cosθ dθ = 0 (11.5.19) 0 ⎣ 2 ⎦ ( ) 2π ⎡ 1 ⎤ Fy = FL = − ∫ ⎢⎣ p∞ + 2 ρV∞ 1 − 4sin θ ⎥⎦a sin θ dθ = 0 2 2",D:\虚拟C盘\学习\流体力学\张扬军（车辆学院）\教材\流体力学教材_text.txt
U00336,Q0330,1,相似理论,08_量纲分析_相似准则,母题8：量纲分析/模型相似,Pi定理/相似准则/模型试验,中,15,否,课本/作业整理题,09_书10.5_正弦速度分布动量积分.md,"1. 由边界条件确定速度分布 f=\frac{u}{U_e}=a+b\sin\left(\frac{cy}{\delta}\right). ### 壁面无滑移 在 \(y=0\) 处： u=0. 所以： f(0)=a=0. ### 边界层外缘速度等于外流速度 在 \(y=\delta\) 处： u=U_e. 所以： b\sin c=1. ### 外缘速度平滑连接 在 \(y=\delta\) 处： \frac{\partial u}{\partial y}=0. \frac{\partial f}{\partial y} =b\frac{c}{\delta}\cos\left(\frac{cy}{\delta}\right). 代入 \(y=\delta\)： b\frac{c}{\delta}\cos c=0. 所以： \cos c=0,\qquad c=\frac{\pi}{2}. 由 \(b\sin c=1\) 得： b=1. 因此速度分布为： \boxed{\frac{u}{U_e}=\sin\left(\frac{\pi y}{2\delta}\right)} \eta=\frac{y}{\delta}, f(\eta)=\sin\frac{\pi\eta}{2}.","## 1. 由边界条件确定速度分布 f=\frac{u}{U_e}=a+b\sin\left(\frac{cy}{\delta}\right). ### 壁面无滑移 在 \(y=0\) 处： u=0. 所以： f(0)=a=0. ### 边界层外缘速度等于外流速度 在 \(y=\delta\) 处： u=U_e. 所以： b\sin c=1. ### 外缘速度平滑连接 在 \(y=\delta\) 处： \frac{\partial u}{\partial y}=0. \frac{\partial f}{\partial y} =b\frac{c}{\delta}\cos\left(\frac{cy}{\delta}\right). 代入 \(y=\delta\)： b\frac{c}{\delta}\cos c=0. 所以： \cos c=0,\qquad c=\frac{\pi}{2}. 由 \(b\sin c=1\) 得： b=1. 因此速度分布为： \boxed{\frac{u}{U_e}=\sin\left(\frac{\pi y}{2\delta}\right)} \eta=\frac{y}{\delta}, f(\eta)=\sin\frac{\pi\eta}{2}.",D:\虚拟C盘\学习\流体力学\第5-8章作业与复习_整理\粘性流动作业-2\09_书10.5_正弦速度分布动量积分.md
U00025,Q0025,1,相似理论,08_量纲分析_相似准则,母题8：量纲分析/模型相似,Pi定理/相似准则/模型试验,中,12,是,往年期末题-主目录,流体力学2022春期末考试试题.pdf,简答10,利用 π 定理推求水下航行器所受流体阻力 F 的表达式。,D:\虚拟C盘\学习\流体力学\题库\期末试题\流体力学2022春期末考试试题.pdf
U00513,Q0452,1,相似理论,08_量纲分析_相似准则,母题8：量纲分析/模型相似,Pi定理/相似准则/模型试验,高,12,否,课本教材题-张扬军文本,流体力学教材_text.txt,8,"(8.3.15) 要使描述两个流动现象的方程一致，那么方程(8.3.9)与方程(8.3.15)相比，可得到 CV2 Cp CV C μ p′ μ′ = = = C g = 1, Cp = , Cμ = (8.3.16) Cl C ρ Cl C ρ Cl2 p μ 这说明了各相似比例常数不能任意选取，而是受式(8.3.16)约束。根据式(8.3.16)，可得 第 8 章 相似理论与量纲分析 ·105· V V′ (1) CV2 (Cg Cl ) = 1 ，即有 = (8.3.17) gl g ′l ′ 根据前面流场基本无量纲参数的定义，可知 Fr = Fr′ ，即流场及其相似流场的弗劳德数 相等。 p p′ (2) CV2 Cρ C p = 1 ，即有 = (8.3.18) ρV 2 ρ ′V ′2 有 Eu = Eu′ ，即流场及其相似流场的欧拉数相等。 ρVl ρ ′V ′l ′ (3) Cl Cρ CV Cμ = 1 ，即有 = (8.3.19) μ μ′ 有 Re = Re′ ，即流场及其相似流场的雷诺数相等。 可见，对于两个相似的不可压缩定常流动，它们的弗劳德数、欧拉数、雷诺数必相等。Fr 、 Eu 和 Re 都是流动的基本无量纲参数，因此，流动的无量纲参数是否相等是判断两个流动现 象是否相似的根据。综上所述，两种流动现象相似的充分必要条件是：对于同种类的流动现 象，能够用同一组微分方程进行描述且定解条件相似，而由定解条件中的物理量组成的无量 纲参数在数值上也相等。",D:\虚拟C盘\学习\流体力学\张扬军（车辆学院）\教材\流体力学教材_text.txt
U00020,Q0020,1,相似理论,08_量纲分析_相似准则,母题8：量纲分析/模型相似,Pi定理/相似准则/模型试验,中,11,是,往年期末题-主目录,流体力学2022春期末考试试题.pdf,简答5,为什么相似准则中雷诺数准则和傅汝德数准则总是矛盾的？,D:\虚拟C盘\学习\流体力学\题库\期末试题\流体力学2022春期末考试试题.pdf
U00122,Q0118,1,相似理论,08_量纲分析_相似准则,母题8：量纲分析/模型相似,Pi定理/相似准则/模型试验,中,10,否,课本/作业整理题,第5章理想流体_原题练习汇总_完整解答版.pdf,5.14,"5.14 复势中求通过圆 |z| = 3 的流量和环量 1 w(z) = (1 + i) ln(z 2 − 1) + (2 − 3i) ln(z 2 + 4) + . 圆 |z| = 3 内含有 z = ±1, z = ±2i. ln(z 2 − 1) = ln(z − 1) + ln(z + 1), ln(z 2 + 4) = ln(z − 2i) + ln(z + 2i). 因此圆内所有对数项系数之和为 AΣ = 2(1 + i) + 2(2 − 3i) = 6 − 4i. 绕圆一周，若 A ln(z − z0 ) 的变量增加 2π，则复势增量为 ∆w = 2πiA. ∆w = 2πi(6 − 4i) = 8π + 12πi. 11 ∆w = ∆φ + i∆ψ = Γ + iQ. Q = 12π, Γ = 8π. 项 1/z 是单值项，对绕一周的 ∆w 无贡献。",D:\虚拟C盘\学习\流体力学\第5-8章作业与复习_整理\第5章理想流体_原题练习汇总_完整解答版.pdf
U00338,Q0332,1,相似理论,08_量纲分析_相似准则,母题8：量纲分析/模型相似,Pi定理/相似准则/模型试验,中,10,否,课本/作业整理题,09_书10.5_正弦速度分布动量积分.md,"3. 计算 \(\delta_2\) \delta_2 =\int_0^\delta\frac{u}{U_e}\left(1-\frac{u}{U_e}\right)dy. \delta_2 =\delta\int_0^1 \sin\frac{\pi\eta}{2} \left(1-\sin\frac{\pi\eta}{2}\right)d\eta. \delta_2 =\delta\left[ \int_0^1\sin\frac{\pi\eta}{2}d\eta \int_0^1\sin^2\frac{\pi\eta}{2}d\eta \right]. 其中： \int_0^1\sin\frac{\pi\eta}{2}d\eta=\frac{2}{\pi}, \int_0^1\sin^2\frac{\pi\eta}{2}d\eta=\frac12. 所以： \boxed{\delta_2=\delta\left(\frac{2}{\pi}-\frac12\right)}","## 3. 计算 \(\delta_2\) \delta_2 =\int_0^\delta\frac{u}{U_e}\left(1-\frac{u}{U_e}\right)dy. \delta_2 =\delta\int_0^1 \sin\frac{\pi\eta}{2} \left(1-\sin\frac{\pi\eta}{2}\right)d\eta. \delta_2 =\delta\left[ \int_0^1\sin\frac{\pi\eta}{2}d\eta \int_0^1\sin^2\frac{\pi\eta}{2}d\eta \right]. 其中： \int_0^1\sin\frac{\pi\eta}{2}d\eta=\frac{2}{\pi}, \int_0^1\sin^2\frac{\pi\eta}{2}d\eta=\frac12. 所以： \boxed{\delta_2=\delta\left(\frac{2}{\pi}-\frac12\right)}",D:\虚拟C盘\学习\流体力学\第5-8章作业与复习_整理\粘性流动作业-2\09_书10.5_正弦速度分布动量积分.md
U00346,Q0340,1,第8/9章 边界层与外绕流,07_边界层_外绕流阻力,母题7：边界层/外绕流阻力,平板边界层厚度/阻力/转捩,高,28,否,课本/作业整理题,13_粘性流动作业-2_题目与答案.pdf,5,"5. 书 10.3：排挤厚度和动量损失厚度 假定层流边界层的速度分布如下，请计算边界层的排挤厚度 δ1 和动量损失厚度 δ2 。 (1) u=U , y < δ; u = U, y > δ. [ ] 3 y 1 ( y )3 (2) u=U − , y < δ; u = U, y > δ. 2δ 2 δ 定义： ∫ ∞( ∫ ∞ u) u( u) δ1 = 1− dy, δ2 = 1− dy. 0 U 0 U U η= , dy = δdη. (1) Uu = η： ∫ 1 δ1 = δ (1 − η)dη = . 0 2 ∫ 1 δ2 = δ η(1 − η)dη = . 0 6 (2) Uu = f = 32 η − 12 η 3 ： ∫ 1 3 δ1 = δ (1 − f )dη = δ. 0 8 ∫ 1 39 δ2 = δ f (1 − f )dη = δ. 0 280 δ δ (1) δ1 = , δ2 = 2 6 3 39 (2) δ1 = δ, δ2 = δ 8 280",D:\虚拟C盘\学习\流体力学\第5-8章作业与复习_整理\粘性流动作业-2\13_粘性流动作业-2_题目与答案.pdf
U00609,Q0515,1,第8/9章 边界层与外绕流,07_边界层_外绕流阻力,母题7：边界层/外绕流阻力,平板边界层厚度/阻力/转捩,高,26,否,课本教材题-张扬军文本,流体力学教材_text.txt,10.2,"2.2 平板边界层的 Blasius 近似解* 尽管与 Navier-Stokes 方程相比，10. 2.1 节得到的边界层近似方程已经做了很大的简化， 但一般情况下仍然很难求出解析解。在大多数情况下，只能求得其近似解或者数值解。均匀 定常来流沿半无限长平板的流动问题就是一个典型的例子。Blasius 在 1908 年得到了该问题的 精确解，并发现了阻力与来流速度的 3/2 次幂成正比的规律。接下来，将对其求解过程进行 介绍。 假定平板为半无限长，平板外无黏流动以定常均匀的速度 ue = U ∞ 流过平板。为求解方便， 取笛卡儿直角坐标系的原点位于平板前缘， x 轴沿平板切线且正方向与来流方向一致， y 轴 垂直于平板并指向流体域内。边界层方程(10.1.23)和方程(10.1.24)可简化为 ∂u ∂v + =0 (10.2.27) ∂ x ∂y ∂u ∂u ∂2 u u +v =ν 2 (10.2.28) ∂x ∂y ∂y 相应的边界条件为 y = 0 ， u = v = 0 ； y → ∞ ， u = ue = U ∞ (10.2.29) 可注意到在无量纲的平面边界层近似方程(10.1.19)～方程(10.1.21)中，并不包含雷诺数 Re 。因此，其解与流动雷诺数无关。换言之，当流动的雷诺数发生改变时，边界层内的流动 将具有一定的相似性，即流向距离和速度分量保持不变，法向距离和速度分量按 1 / Re 倍数 进行改变。这一事实也可从无量纲量(式(10.1.15))中看出。基于上述分析，引入如下变换式： y u U∞ x η= Rex , = f ′ (η ) , Rex = (10.2.30) x U∞ ν 其中， f ′ = df / dη ，积分式(10.2.30)中第二式，可得流函数表达式： ψ = ν xU ∞ f (η ) (10.2.31) 与之相应，垂直于平板的法向速度分量为 ∂ψ U∞ v=− = ⎡η f ′ (η ) − f (η ) ⎤⎦ (10.2.32) ∂x 2 Rex ⎣ 将式(10.2.30)和式(10.2.32)代入边界层近似方程(10.2.28)以及边界条件(10.2.29)中，可得 2 f ′′′ + f ′′ f = 0 (10.2.33) 相应的边界条件可转化为 η = 0 ， f (η ) = f ′ (η ) = 0 ； η → ∞ ， f ′ (η ) = 1 (10.2.34) 这是一个关于函数 f (η ) 的三阶非线性常微分方程，它由 Blasius 首先推导得出，通常称 为 Blasius 方程。从以上分析过程可以看出，均匀定常来流的半无限长平板边界层问题最后归 结为求解 Blasius 方程的边值问题。Blasius 利用级数展开的方式得到了方程的数值解，通常称 第 10 章 黏性不可压缩",D:\虚拟C盘\学习\流体力学\张扬军（车辆学院）\教材\流体力学教材_text.txt
U00349,Q0343,1,第8/9章 边界层与外绕流,07_边界层_外绕流阻力,母题7：边界层/外绕流阻力,平板边界层厚度/阻力/转捩,高,24,否,课本/作业整理题,13_粘性流动作业-2_题目与答案.pdf,8,"8. 平板单面摩擦阻力和尾部边界层厚度 已知来流 2.5 m/s 绕过零攻角平板，平板长 L = 50 cm，宽 b = 3 m，计算并比较不同流体绕流下，平板单 面摩擦阻力及平板尾部的边界层名义厚度。临界 Recr = 5 × 105 . (a) 空气： ρ = 1.2 kg/m3 , ν = 1.5 × 10−5 m2 /s. (b) 水： ρ = 998 kg/m3 , ν = 1.005 × 10−6 m2 /s. U = 2.5 m/s, L = 0.5 m, b = 3 m. S = Lb = 1.5 m2 . (a) 空气 UL 2.5 × 0.5 ReL = = = 8.33 × 104 . ν 1.5 × 10−5 ReL < 5 × 105 , 所以全层流。",D:\虚拟C盘\学习\流体力学\第5-8章作业与复习_整理\粘性流动作业-2\13_粘性流动作业-2_题目与答案.pdf
U00643,Q0536,1,第8/9章 边界层与外绕流,07_边界层_外绕流阻力,母题7：边界层/外绕流阻力,外绕流阻力/小球/圆柱/阻力系数,高,24,否,课本教材题-张扬军文本,流体力学教材_text.txt,2,"2. Stokes 近似的修正——Oseen 修正 从前面的分析知道，在流动雷诺数较低的情况下，通过Stokes近似方程求得的圆球绕流阻 力式(10.9.34)与实验结果符合较好。Stokes近似的基础是假设整个流场中惯性力效应远小于黏 性力效应。因此，可忽略 Navier-Stokes 方程中的惯性力项，使方程简化并求解。之后对 式(10.9.28)～式(10.9.30)给出的解进行分析，验证其是否在整个流场内都满足Stokes近似条件。 为简单起见，本节仅考察位于沿 z 轴远离圆球表面 (θ = 0, R a ) 的流场中惯性力和黏性力的 量级比。根据式(10.9.28)～式(10.9.30)可得流场中惯性力和黏性力的量级之比为 惯性力 ρV∞ R ⎛ a 2 ⎞⎛ 3 a 1 a3 ⎞ ~ ⎜1 − ⎟⎜1 − + ⎟ (10.9.35) 黏性力 2 μ ⎝ R 2 ⎠⎝ 2 R 2 R3 ⎠ 第 10 章 黏性不可压缩流体的外部流动 ·183· 从式(10.9.35)中可明显看出，比值与 R 成正比。在圆球近壁面附近，当 R 为小量时，比值为 小量；但当 R 取值较大时，在远离圆球壁面处，该比值不再是小量，惯性力不能忽略。这 明显与 Stokes近似的基础相互矛盾。因此， Stokes近似的流场解只适用于物体壁面附近的 区域。 为了提高Stokes近似的准确度，Oseen在1910年对Stokes近似提出了修正的意见，并得到 了相应的Oseen近似解。他根据无穷远和壁面边界条件，将速度场表示为如下形式： V = V∞ e z + v (10.9.36) 其中， v 为附加速度小量。将式(10.9.36)代入Navier-Stokes方程中，并忽略 v 的高阶小量， ∇ ⋅V = 0 (10.9.37) ∂V 1 μ V∞ = − ∇p + ∇ 2 v (10.9.38) ∂z ρ ρ 方程(10.9.37)和方程(10.9.38)即称为圆球绕流的Oseen修正方程，相应的边界条件为 V R→∞ = V∞ e z , V R→0 = 0 (10.9.39) p R →∞ = p∞ (10.9.40) 与Stokes近似方程(10.9.2)和方程(10.9.4)相比，Oseen修正方程的优点在于它保留了惯性力中 的主要部分。因此，它的解在整个流场中将更加符合实际流动。 求解Oseen近似方程，较求解Stokes方程更为复杂。对于圆球绕流来说，由于求解过程过 于烦琐，在此不作详细讨论，只给出最终的阻力公式： ⎛ 3aV∞ ⎞ F = 6πμV∞ a ⎜1 + ⎟ ez (10.9.41) ⎝ 8μ ⎠ 相应的圆球阻力系数为 24 ⎛ 3 ⎞ CD = ⎜1 + Re ⎟ (10.9.42) Re ⎝ 16 ⎠ 在图10-14中给出了低雷诺数圆球阻力系数的S",D:\虚拟C盘\学习\流体力学\张扬军（车辆学院）\教材\流体力学教材_text.txt
U00042,Q0042,1,第8/9章 边界层与外绕流,07_边界层_外绕流阻力,母题7：边界层/外绕流阻力,平板边界层厚度/阻力/转捩,高,23,否,往年期末题-其他目录,2003上海交大流体力学期末试题及答案.pdf,四,四．设平板湍流边界层内速度剖面为1/6指数律： mhtml:file://F:\Study\学习资料\流体力学\流体力学期末考试(2003.mht 2010/6/7 w 页码，4/6(W) u y 1 =( ) 6 U δ 式中U为来流速度， δ 为边界层厚度。设壁面切应力满足如下关系式 1 τ w = 0.0233ρU 2 ( μ / ρUδ ) 4 试推导(1)边界层厚度 δ / x ；(2)壁面摩擦系数Cf的表达式，并与1/7指数律比较。 解 （1）动量厚度 1 6 7 3 3 θ = δ ∫ η 6 (1 − η 6 ) d η = δ ( η 6 − η 3 )10 = 1 1 4 0 7 4 28 由书上壁面切应力（C4.5.12）式和动量积分方程 1 dθ 3 dθ τ w = 0.0233 ρU 2 ( μ / ρU δ ) 4 = ρU 2 = ρU 2 dx 28 d x 1 μ 14 δ 4 d δ = 0.217( ) dx 整理得 ρU 5 μ 14,D:\虚拟C盘\学习\流体力学\题库\其他试题\2003上海交大流体力学期末试题及答案.pdf
U00642,Q0535,1,第8/9章 边界层与外绕流,07_边界层_外绕流阻力,母题7：边界层/外绕流阻力,外绕流阻力/小球/圆柱/阻力系数,高,23,否,课本教材题-张扬军文本,流体力学教材_text.txt,10,(10.9.29) ⎝ 4R 4R ⎠ 3 V a p = p∞ − μ ∞2 cos θ (10.9.30) 2 R 根据牛顿流体黏性应力公式，可求出圆球壁面上受到的黏性应力为 ·182· 流 体 力 学 ∂VR τ RR = 2 μ =0 (10.9.31) ∂R R = a ⎛ 1 ∂VR ∂Vθ Vθ ⎞ 3 μV∞ τ Rθ = μ ⎜ + − ⎟ =− sin θ (10.9.32) ⎝ R ∂θ ∂R R ⎠ R=a 2 a 实际上，球面受到的作用力包含压强和黏性切应力。根据流动轴对称特性，可知圆球所 受阻力与无穷远来流方向一致，将压强和黏性切应力沿无穷远来流方向进行投影，并沿球面 对该投影分量进行积分可得 F = e z ∫ ⎡⎣( − p + τ RR ) cosθ − τ Rθ sin θ ⎤⎦ 2πa 2 sin θ dθ = 6πμV∞ ae z (10.9.33) 0 对于圆球绕流问题，可定义圆球阻力系数 C D 为 CD = 1 ρV∞2 πa 2 2 将圆球所受阻力式(10.9.33)代入上式可得圆球阻力系数为 24 CD = (10.9.34) 式(10.9.34)通常称为圆球低雷诺数绕流问题的Stokes公式，其中雷诺数 Re 由式(10.9.1)给出。 图10-14给出了Stokes公式与实验结果的对比，在 Re < 1 的条件下，两者符合得较好。因此对 于 Re < 1 的低雷诺数圆球绕流问题可采用Stokes近似来计算圆球受到的阻力。 图 10-14 圆球绕流理论与实验结果对比,D:\虚拟C盘\学习\流体力学\张扬军（车辆学院）\教材\流体力学教材_text.txt
U00340,Q0334,1,第8/9章 边界层与外绕流,07_边界层_外绕流阻力,母题7：边界层/外绕流阻力,平板边界层厚度/阻力/转捩,中,22,否,课本/作业整理题,09_书10.5_正弦速度分布动量积分.md,"5. 用动量积分关系式求 \(C_D\) 平板零压强梯度时，动量积分关系式为： \frac{\tau_w}{\rho U_e^2} =\frac{d\delta_2}{dx}. 壁面切应力： \tau_w=\mu\left(\frac{\partial u}{\partial y}\right)_{y=0}. u=U_e\sin\left(\frac{\pi y}{2\delta}\right) \left(\frac{\partial u}{\partial y}\right)_{y=0} =U_e\frac{\pi}{2\delta}. 所以： \tau_w=\mu U_e\frac{\pi}{2\delta}. \delta_2=A\delta,\qquad A=\frac{2}{\pi}-\frac12. 代入动量积分方程： A\frac{d\delta}{dx} =\frac{\nu\pi}{2U_e\delta}. 整理： \delta\frac{d\delta}{dx} =\frac{\nu\pi}{2AU_e}. 积分，且 \(x=0\) 时 \(\delta=0\)： \delta^2=\frac{\pi\nu x}{AU_e}. 于是尾缘 \(x=L\) 处： \delta_2(L)=A\delta(L) =\sqrt{\frac{A\pi\nu L}{U_e}}. 平板总阻力系数定义为： C_D=\frac{D}{\frac12\rho U_e^2 S}. 对平板单面，动量积分给出： C_D=\frac{2\delta_2(L)}{L}. 所以： C_D =2\sqrt{\frac{A\pi}{Re_L}}, \qquad Re_L=\frac{U_eL}{\nu}. A=\frac{2}{\pi}-\frac12. 代入： 2\sqrt{A\pi}=1.31. 因此： \boxed{C_D=\frac{1.31}{\sqrt{Re_L}}} ## 最终答案 \boxed{\frac{\delta_1}{\delta_2}=2.66} \boxed{C_D=\frac{1.31}{\sqrt{Re_L}}}","## 5. 用动量积分关系式求 \(C_D\) 平板零压强梯度时，动量积分关系式为： \frac{\tau_w}{\rho U_e^2} =\frac{d\delta_2}{dx}. 壁面切应力： \tau_w=\mu\left(\frac{\partial u}{\partial y}\right)_{y=0}. u=U_e\sin\left(\frac{\pi y}{2\delta}\right) \left(\frac{\partial u}{\partial y}\right)_{y=0} =U_e\frac{\pi}{2\delta}. 所以： \tau_w=\mu U_e\frac{\pi}{2\delta}. \delta_2=A\delta,\qquad A=\frac{2}{\pi}-\frac12. 代入动量积分方程： A\frac{d\delta}{dx} =\frac{\nu\pi}{2U_e\delta}. 整理： \delta\frac{d\delta}{dx} =\frac{\nu\pi}{2AU_e}. 积分，且 \(x=0\) 时 \(\delta=0\)： \delta^2=\frac{\pi\nu x}{AU_e}. 于是尾缘 \(x=L\) 处： \delta_2(L)=A\delta(L) =\sqrt{\frac{A\pi\nu L}{U_e}}. 平板总阻力系数定义为： C_D=\frac{D}{\frac12\rho U_e^2 S}. 对平板单面，动量积分给出： C_D=\frac{2\delta_2(L)}{L}. 所以： C_D =2\sqrt{\frac{A\pi}{Re_L}}, \qquad Re_L=\frac{U_eL}{\nu}. A=\frac{2}{\pi}-\frac12. 代入： 2\sqrt{A\pi}=1.31. 因此： \boxed{C_D=\frac{1.31}{\sqrt{Re_L}}} ## 最终答案 \boxed{\frac{\delta_1}{\delta_2}=2.66} \boxed{C_D=\frac{1.31}{\sqrt{Re_L}}}",D:\虚拟C盘\学习\流体力学\第5-8章作业与复习_整理\粘性流动作业-2\09_书10.5_正弦速度分布动量积分.md
U00347,Q0341,1,第8/9章 边界层与外绕流,07_边界层_外绕流阻力,母题7：边界层/外绕流阻力,平板边界层厚度/阻力/转捩,高,22,否,课本/作业整理题,13_粘性流动作业-2_题目与答案.pdf,6,"6. 书 10.5：正弦速度分布 假设平板层流边界层内速度分布为 u ( cy ) = a + b sin , Ue δ 式中 a, b, c 为待定常数，试用动量积分关系式方法求 δ1 /δ2 和 CD 。 7 由边界条件： y=0: u = 0 ⇒ a = 0. y=δ: u = Ue ⇒ b sin c = 1. y=δ: = 0 ⇒ cos c = 0. c= , b = 1. 2 速度分布为： u ( πy ) = sin . Ue 2δ y πη η= , f = sin . δ 2 ∫ 1 ( ) 2 δ1 = δ (1 − f )dη = δ 1 − . 0 π ∫ 1 ( ) 2 1 δ2 = δ f (1 − f )dη = δ − . 0 π 2 δ1 1− 2 = 2 π1 ≈ 2.66 π − 2 δ2 动量积分关系式： τw dδ2 = . ρUe2 dx 壁面切应力： ( ) ∂u π τw = µ = µUe . ∂y 0 2δ 2 1 δ2 = Aδ, A= − . π 2 代入并积分得： √ 2δ2 (L) Aπ CD = =2 . L ReL 2 Aπ = 1.31,",D:\虚拟C盘\学习\流体力学\第5-8章作业与复习_整理\粘性流动作业-2\13_粘性流动作业-2_题目与答案.pdf
U00027,Q0027,1,水波/水击/明渠,09_水波_水击_明渠,母题9：水波/水击/明渠,自由液面与非定常波动,低-按原文件夹归类,11,是,往年期末题-主目录,流体力学2022春期末考试试题.pdf,简答12,简述水击波的传播速度跟哪些因素有关。,D:\虚拟C盘\学习\流体力学\题库\期末试题\流体力学2022春期末考试试题.pdf
U00374,Q0363,1,水波/水击/明渠,09_水波_水击_明渠,母题9：水波/水击/明渠,自由液面与非定常波动,低-按原文件夹归类,8,否,课本教材题-张扬军文本,流体力学教材_text.txt,1.3,1.3.3 可压缩流体和不可压缩流体 流体的温度膨胀系数和体积压缩系数全为零的流体称为不可压缩流体。实际上任何流体， 不论是液体还是气体，都是可以压缩的，不可压缩流体并不存在。但是为了研究问题方便， ·8· 流 体 力 学 人们提出了不可压缩流体的概念，即流体受压体积不缩小，受热体积不膨胀，其密度恒为常 数，即将密度保持为常数的流体称为不可压缩流体。基于此假设，在讨论流体的平衡和运动 规律时可以大大简化。 通常情况下，液体的压缩性很小，随着压强和温度的变化，液体的密度仅发生微小变化。 因此，在多数情况下，液体的压缩性可以忽略不计，故通常把液体视为不可压缩流体，其密 度为常数。与液体不同，一般情况下气体的压缩性都很大，由理想气体状态方程可知，当气体 温度保持不变时，其体积与压强成反比，即压强增加 1 倍，体积减小为原来的 1/2；而根据盖- 吕萨克定律，当压强不变时，气体温度升高 l℃，相比于 0℃时气体的体积膨胀 1/273。因此， 通常情况下均把气体看作可压缩流体， 即气体密度不能视为常数，随压强和温度的变化而变化。 在工程实践中，是否考虑流体的压缩性，要视具体情况而定。在一些特殊情况下需要将 液体视为可压缩流体，例如，当前汽车和通用航空所用的先进内燃机，采用高压共轨技术， 燃油压力已高达 200MPa，燃油的压缩性已不可忽略；此外，考虑水锤现象和水下爆炸过程时， 水中压强变化剧烈且迅速，此时需把水视为可压缩流体来处理。与上述情况相反，在气体流 速不高、温度和压强变化较小的场合，气体密度的变化较小，此时可以忽略气体压缩性的影 响，例如，在研究汽车和微小型低速飞机的外流空气动力学特性时，可把气体视为不可压缩 流体。在一个标准大气压下，当空气的流速等于 68 m/s 时，不考虑压缩性所引起的相对误差 约为 1%，这在工程计算中一般可忽略不计。,D:\虚拟C盘\学习\流体力学\张扬军（车辆学院）\教材\流体力学教材_text.txt
U00538,Q0468,1,第5/6章 理想不可压无旋流动,03_流体运动学_连续_应力张量,母题4：势流叠加/圆柱绕流/镜像/升力,点源点汇点涡偶极子/镜像法/壁面,中,28,否,课本教材题-张扬军文本,流体力学教材_text.txt,7,"(7.3.30)～方程(7.3.33))中，整理可得 dp ρVφ 2 = (9.2.35) dr r 图 9-4 同心圆桶间剪切流动 d 2Vφ 2 1 dVφ Vφ 2 + − 2 =0 (9.2.36) dr r dr r 由于方程(9.2.36)中只包含周向速度未知量 Vφ ，可先对其进行求解。关于 Vφ 的边界条件为 内桶外壁面上 r = r1 ， Vφ = ω r1 (9.2.37) 外桶内壁面上 r = r2 ， Vφ = 0 (9.2.38) 令方程(9.2.36)解的一般形式为 r n ，其中，n 为待定参数，将其代入方程(9.2.36)中，整理 ( n + 1)( n − 1) r n−2 = 0 (9.2.39) 求解式(9.2.39)可以得到 n = ±1 (9.2.40) C2 因此，方程(9.2.36)的解形式为 Vφ = C1r + (9.2.41) 其中，积分常数 C1 和 C2 可由 Vφ 的边界条件(式(9.2.37)和式(9.2.38))给出，即 第 9 章 黏性不可压缩流体的内部流动 ·119· r 2ω r 2 r 2ω C1 = − 21 2 , C2 = 12 2 2 (9.2.42) r2 − r1 r2 − r1 于是可得内、外圆桶间周向速度 Vφ 表达式为 r2 r 2r 2 ω Vφ = − 2 1 2 ω r + 21 2 2 (9.2.43) r2 − r1 r2 − r1 r 将式(9.2.43)代入式(9.2.35)中并积分，可以得到内、外圆桶之间的压强分布为 ⎡ ⎤ ρ⎢ r14ω 2 1 4r14 r22ω 2 r14 r24ω 2 p= r − 2 − ln r ⎥ + D (9.2.44) 2 ⎢ r2 − r2 2 ⎥ ⎢⎣ 2 1 ( r2 2 − r) 1 2 2 r2 2 2 − r1 2 2 ) ⎥⎦ ( ) 其中，积分常数 D 可以根据流场中参考点给定的压强进行确定。 接下来讨论当 r2 → ∞ 时的极限情况，即圆桶在无界空间中的旋转问题。根据式(9.2.43)， 可知此时速度场可写成 Γ 1 Vφ = (9.2.45) 2π r 其中， Γ = 2πr12ω ，为圆桶表面速度的环量，式(9.2.45)所示速度场与理想流体中强度为 Γ 的 平面点涡速度场一致。由此可知，在此特殊情况下，黏性流体动力学问题的解有可能与理想 流体无旋流动的解重合，但是这种情况是极少见的。根据式(9.2.44)，可得到圆桶在无界空间 中旋转所引起的压强分布为 ρΓ 2 1 p=− +D (9.2.46) 8π 2 r 2 若令无穷远处 r → ∞ 时流场的压强为 p ( r → ∞ ) = p∞ ，那么可以得到式(9.2.46)中常数 D = p∞ ，代入式(9.2.46)中可以得到 ρΓ 2 1 p",D:\虚拟C盘\学习\流体力学\张扬军（车辆学院）\教材\流体力学教材_text.txt
U00040,Q0040,1,第5/6章 理想不可压无旋流动,04_势流_无旋_圆柱_镜像_升力,母题4：势流叠加/圆柱绕流/镜像/升力,圆柱绕流/有环量/半圆柱升力,中,26,否,往年期末题-其他目录,2003上海交大流体力学期末试题及答案.pdf,二,二．图示一二维圆柱体，直径d=2cm，水平放置在 α = 60° 的斜平壁上。左侧盛水，圆柱与斜面的接触点 A的淹深h=1cm。试求此圆柱单位长柱面上所受总压力F的大小（N）和方向。,D:\虚拟C盘\学习\流体力学\题库\其他试题\2003上海交大流体力学期末试题及答案.pdf
U00120,Q0116,1,第5/6章 理想不可压无旋流动,04_势流_无旋_圆柱_镜像_升力,母题4：势流叠加/圆柱绕流/镜像/升力,点源点汇点涡偶极子/镜像法/壁面,高,25,否,课本/作业整理题,第5章理想流体_原题练习汇总_完整解答版.pdf,5.12,"5.12 点源点汇组合的复势，证明 |z| = a 为流线 题图中点源为 Q： (0, a) ⇒ z = ia, (0, −a) ⇒ z = −ia, 点汇为 −Q： (−a, 0) ⇒ z = −a, (a, 0) ⇒ z = a. 复势按基本解叠加： Q Q Q Q w(z) = ln(z − ia) + ln(z + ia) − ln(z + a) − ln(z − a). 2π 2π 2π 2π 合并得 Q z 2 + a2 w(z) = ln 2 . 2π z − a2 验证 |z| = a。令 z = aeiθ ，则 z 2 + a2 e2iθ + 1 2eiθ cos θ = = = −i cot θ. z 2 − a2 e2iθ − 1 2ieiθ sin θ 该量辐角为常数 ±π/2，所以 Im w = arg(−i cot θ) = 常数. 2π |z| = a 是流线. 流动方向由源流向汇：一、三象限与二、四象限方向相反，可按图中源汇箭头标出。",D:\虚拟C盘\学习\流体力学\第5-8章作业与复习_整理\第5章理想流体_原题练习汇总_完整解答版.pdf
U00167,Q0163,1,第5/6章 理想不可压无旋流动,04_势流_无旋_圆柱_镜像_升力,母题4：势流叠加/圆柱绕流/镜像/升力,圆柱绕流/有环量/半圆柱升力,高,25,否,课本/作业整理题,第5章理想流体_原题练习汇总_完整解答版.tex,未编号,"表面压力对半圆柱的竖直分量为 \dd L= -p(\theta)\sin\theta\cdot a\dd\theta . 相对于外界均匀压强，真正产生净升力的是压力差 \Delta p=p(\theta)-p_\infty =\frac12\rho V^2(1-4\sin^2\theta). 气膜馆受到的向上升力可写为 L=-\int_0^\pi \Delta p\,\sin\theta\,a\dd\theta . 代入： L=-\frac12\rho V^2a \int_0^\pi(1-4\sin^2\theta)\sin\theta\dd\theta . \int_0^\pi\sin\theta\dd\theta=2, \int_0^\pi\sin^3\theta\dd\theta=\frac43. L=-\frac12\rho V^2a\left(2-4\cdot\frac43\right) =\frac53\rho V^2a . a=5\ \mathrm m,\qquad V=10\ \mathrm{m/s},\qquad \rho=1.29\ \mathrm{kg/m^3}, L=\frac53\times1.29\times10^2\times5 =1075\ \mathrm{N/m}. 若按单位长度计算： \boxed{L\approx1.08\times10^3\ \mathrm{N/m},\quad \text{方向向上}.}",D:\虚拟C盘\学习\流体力学\第5-8章作业与复习_整理\第5章理想流体_原题练习汇总_完整解答版.tex
U00124,Q0120,1,第5/6章 理想不可压无旋流动,07_边界层_外绕流阻力,母题4：势流叠加/圆柱绕流/镜像/升力,圆柱绕流/有环量/半圆柱升力,高,24,否,课本/作业整理题,第5章理想流体_原题练习汇总_完整解答版.pdf,5.16,"5.16 平板绕流：环量、驻点和升力 薄平板长度 l = 1.5 m, α = 5◦ , U = 50 m/s, ρ = 0.122 kg/m3 . 平板绕流若要后缘速度有限，需满足库塔条件。薄板理论给出环量大小 |Γ| = πU l sin α. 代入： |Γ| = π × 50 × 1.5 × sin 5◦ ≈ 20.5 m2 /s. 12 方向按题图攻角取负，则 Γ ≈ −20.5 m2 /s. 升力由库塔–儒可夫斯基公式 L′ = ρU |Γ| L′ = 0.122 × 50 × 20.5 ≈ 125 N/m. 若题目默认单位展长，则 L ≈ 125 N. 分解到来流坐标，阻力理论值为零；投影到板坐标会出现小分量： Fx ≈ −10.9 N, Fy ≈ 124.5 N. 驻点由复速度为零求得，代入本题参数可得 xs ≈ −0.74 m 相对于板中心坐标。",D:\虚拟C盘\学习\流体力学\第5-8章作业与复习_整理\第5章理想流体_原题练习汇总_完整解答版.pdf
U00681,Q0559,3,第5/6章 理想不可压无旋流动,04_势流_无旋_圆柱_镜像_升力,母题4：势流叠加/圆柱绕流/镜像/升力,圆柱绕流/有环量/半圆柱升力,中,24,否,课本教材题-张扬军文本,流体力学教材_text.txt,11,(2)当 Γ = 4πaV∞ 时，由方程(11.5.24)知有唯一解， sin θ = −1 、 θ = −π / 2 。此时，圆柱 面上的两个驻点相互重合为一个点且位于圆柱最下端，如图 11-15(b)所示。 (3)当 Γ > 4πaV∞ 时，由方程(11.5.24)可知 sin θ > 1 ，方程无解。这表明圆柱体表面不存 在驻点，实际上驻点已移动到圆柱体表面下方。通过速度势函数求导可得流场中任一点速度 分量表达式，若令速度分量为零，即可得流场中驻点位置。通常情况下，可以得到两个位于 y 轴上的驻点，一个在圆柱体内部而另一个在圆柱体外部。显然前者并不存在，故只有一个圆 柱体外的驻点，如图 11-15(c)所示。 圆柱体表面压强的分布规律可由伯努利方程求得，令 p∞ 为流场无穷远处的压强，忽略质 量力，有 1 2 1 ρV∞2 − ρ ur2 + uθ2 2 p = p∞ +(11.5.25) ( ) 其中， ur 和 uθ 可由速度势函数求导得到并代入式(11.5.25)，最终可得圆柱表面压强分布为 1 ⎡ Γ ⎞ ⎤ 2 p = p∞ + ρ ⎢V∞2 − ⎜ 2V∞ sin θ + ⎟ ⎥ (11.5.26) 2 ⎢⎣ ⎝ 2πa ⎠ ⎦⎥,D:\虚拟C盘\学习\流体力学\张扬军（车辆学院）\教材\流体力学教材_text.txt
U00119,Q0115,1,第5/6章 理想不可压无旋流动,04_势流_无旋_圆柱_镜像_升力,母题4：势流叠加/圆柱绕流/镜像/升力,点源点汇点涡偶极子/镜像法/壁面,高,23,否,课本/作业整理题,第5章理想流体_原题练习汇总_完整解答版.pdf,5.9,"5.9 Rankine 卵形体绕流 均匀流 U∞ 沿 +z 方向。点源 Q 位于 z = −a，点汇 −Q 位于 z = a。令 p p RA = r2 + (z + a)2 , RB = r2 + (z − a)2 . 轴对称流函数可写为 1 Q z+a Q z−a Ψ = U∞ r 2 + 1− − 1− + C. 2 4π RA 4π RB 取经过前后驻点的分界流线为物面，令该流线上 Ψ = 0，整理得物面方程。 b2 = . 2πU∞ 在最大半径处 z = 0, r = h，有 RA = RB = h2 + a2 . 由物面方程代入可得 2a h2 √ = 2. h2 + a2 b 在前后驻点 z = ±l, r = 0 处代入同一物面方程，可得 (l2 − a2 )2 = 2ab2 l. 流速由点源、点汇和均匀流速度叠加： Q z+a z−a vz = U∞ + 3 − 3 4π RA RB 8 Q r r vr = 3 − 3 . 4π RA RB 最大速度出现在最宽截面附近 z = 0, r = h，此处 vr = 0， Q 2a vz = U∞ + . 4π (h2 + a2 )3/2 用 b2 = Q/(2πU∞ ) 写为 ab2 Vmax = U∞ 1+ 2 . (h + a2 )3/2 讨论极限：",D:\虚拟C盘\学习\流体力学\第5-8章作业与复习_整理\第5章理想流体_原题练习汇总_完整解答版.pdf
U00202,Q0196,1,第5/6章 理想不可压无旋流动,04_势流_无旋_圆柱_镜像_升力,母题4：势流叠加/圆柱绕流/镜像/升力,圆柱绕流/有环量/半圆柱升力,高,22,否,课本/作业整理题,第5章理想流体_补充练习题单.tex,未编号,\begin{longtable}{p{0.7cm}p{3.1cm}p{5.6cm}p{4.6cm}} \toprule \textbf{序} & \textbf{来源} & \textbf{题目} & \textbf{主要训练}\\ \midrule 1 & \src{何枫课件第5章} & 非定常伯努利推导题 & 欧拉方程、沿流线积分、适用条件\\ 2 & \src{何枫课件第5章例题} & 开口 U 型管水柱自由振荡 & 非定常伯努利、振动方程\\ 3 & \src{第5章当前作业} & 极坐标速度场的速度环量 & 环量、路径积分、极坐标速度\\ 4 & \src{张兆顺书 4.12} & 膨胀球问题 & 速度势、非定常伯努利、压力分布\\ 5 & \src{张兆顺书 5.4} & 判断流函数/速度势是否存在 & 连续方程、无旋条件\\ 6 & \src{张兆顺书 5.10} & 已知直角坐标系流函数 & 由 $\psi$ 求速度、判断流动性质\\ 7 & \src{张兆顺书 5.11} & 已知极坐标系速度势 & 由 $\varphi$ 求速度、极坐标公式\\ 8 & \src{张兆顺书 5.16} & 求 $|z|=3$ 的体积流量 $Q$ 与环量 $\Gamma$ & 复势、流函数、环量综合\\ 9 & \src{2022春期末试题} & 伯努利条件、流线迹线、连续方程等简答 & 期末概念题\\ 10 & \src{2022春期末试题} & 半圆柱气膜馆受风的势流分析 & 势流绕圆柱、压力积分、升力\\ \bottomrule \end{longtable},D:\虚拟C盘\学习\流体力学\第5-8章作业与复习_整理\第5章理想流体_补充练习题单.tex
